StudentID,StudyHours,Attendance,Resources,Extracurricular,Motivation,Internet,Gender,Age,LearningStyle,OnlineCourses,Discussions,AssignmentCompletion,ExamScore,EduTech,StressLevel,FinalGrade,PerformanceScore,DropoutRisk
S00001,19,64,1,0,0,1,0,19,2,8,1,59,40,0,1,3,52.900000000000006,Medium Risk
S00002,19,64,1,0,0,1,0,23,3,16,0,90,66,0,1,2,72.60000000000001,Medium Risk
S00003,19,64,1,0,0,1,0,28,1,19,0,67,99,1,1,0,78.9,Medium Risk
S00004,19,64,1,1,0,1,0,19,2,8,1,59,40,0,1,3,52.900000000000006,Medium Risk
S00005,19,64,1,1,0,1,0,23,3,16,0,90,66,0,1,2,72.60000000000001,Medium Risk
S00006,19,64,1,1,0,1,0,28,1,19,0,67,99,1,1,0,78.9,Medium Risk
S00007,19,64,0,1,0,1,0,19,2,8,1,59,40,0,1,3,52.900000000000006,Medium Risk
S00008,19,64,0,1,0,1,0,23,3,16,0,90,66,0,1,2,72.60000000000001,Medium Risk
S00009,19,64,0,1,0,1,0,28,1,19,0,67,99,1,1,0,78.9,Medium Risk
S00010,19,64,1,1,1,1,0,19,2,8,1,59,40,0,1,3,52.900000000000006,Medium Risk
S00011,19,64,1,1,1,1,0,23,3,16,0,90,66,0,1,2,72.60000000000001,Medium Risk
S00012,19,64,1,1,1,1,0,28,1,19,0,67,99,1,1,0,78.9,Medium Risk
S00013,19,64,1,0,0,1,0,19,2,8,1,59,40,0,1,3,52.900000000000006,Medium Risk
S00014,19,64,1,0,0,1,0,23,3,16,0,90,66,0,1,2,72.60000000000001,Medium Risk
S00015,19,64,1,0,0,1,0,28,1,19,0,67,99,1,1,0,78.9,Medium Risk
S00016,19,64,2,0,1,1,0,19,2,8,1,59,40,0,1,3,52.900000000000006,Medium Risk
S00017,19,64,2,0,1,1,0,23,3,16,0,90,66,0,1,2,72.60000000000001,Medium Risk
S00018,19,64,2,0,1,1,0,28,1,19,0,67,99,1,1,0,78.9,Medium Risk
S00019,24,98,1,1,1,1,1,29,0,3,0,65,46,1,2,3,67.30000000000001,Medium Risk
S00020,24,98,1,1,1,1,1,27,0,0,1,71,83,1,0,1,83.9,Low Risk
S00021,24,98,1,1,1,1,1,25,1,5,1,61,95,1,0,0,85.69999999999999,Low Risk
S00022,24,98,1,1,1,1,1,29,0,3,0,65,46,1,2,3,67.30000000000001,Medium Risk
S00023,24,98,1,1,1,1,1,27,0,0,1,71,83,1,0,1,83.9,Low Risk
S00024,24,98,1,1,1,1,1,25,1,5,1,61,95,1,0,0,85.69999999999999,Low Risk
S00025,24,98,0,0,2,1,1,29,0,3,0,65,46,1,2,3,67.30000000000001,Medium Risk
S00026,24,98,0,0,2,1,1,27,0,0,1,71,83,1,0,1,83.9,Low Risk
S00027,24,98,0,0,2,1,1,25,1,5,1,61,95,1,0,0,85.69999999999999,Low Risk
S00028,24,98,0,0,1,1,1,29,0,3,0,65,46,1,2,3,67.30000000000001,Medium Risk
S00029,24,98,0,0,1,1,1,27,0,0,1,71,83,1,0,1,83.9,Low Risk
S00030,24,98,0,0,1,1,1,25,1,5,1,61,95,1,0,0,85.69999999999999,Low Risk
S00031,24,98,1,1,2,1,1,29,0,3,0,65,46,1,2,3,67.30000000000001,Medium Risk
S00032,24,98,1,1,2,1,1,27,0,0,1,71,83,1,0,1,83.9,Low Risk
S00033,24,98,1,1,2,1,1,25,1,5,1,61,95,1,0,0,85.69999999999999,Low Risk
S00034,24,98,0,0,0,0,1,29,0,3,0,65,46,1,2,3,67.30000000000001,Medium Risk
S00035,24,98,0,0,0,0,1,27,0,0,1,71,83,1,0,1,83.9,Low Risk
S00036,24,98,0,0,0,0,1,25,1,5,1,61,95,1,0,0,85.69999999999999,Low Risk
S00037,29,89,1,1,1,1,1,20,0,17,1,75,54,1,2,3,70.8,Low Risk
S00038,29,89,1,1,1,1,1,23,2,4,1,59,42,1,2,3,61.2,Medium Risk
S00039,29,89,1,1,1,1,1,23,0,1,0,96,62,1,2,2,80.3,Low Risk
S00040,29,89,0,1,0,1,1,20,0,17,1,75,54,1,2,3,70.8,Low Risk
S00041,29,89,0,1,0,1,1,23,2,4,1,59,42,1,2,3,61.2,Medium Risk
S00042,29,89,0,1,0,1,1,23,0,1,0,96,62,1,2,2,80.3,Low Risk
S00043,19,92,1,1,1,1,0,19,3,12,1,63,40,1,2,3,62.5,Medium Risk
S00044,19,92,1,1,1,1,0,26,2,3,0,86,94,1,2,0,91.0,Low Risk
S00045,19,92,2,0,1,1,0,19,3,12,1,63,40,1,2,3,62.5,Medium Risk
S00046,19,92,2,0,1,1,0,26,2,3,0,86,94,1,2,0,91.0,Low Risk
S00047,19,92,2,1,1,1,0,19,3,12,1,63,40,1,2,3,62.5,Medium Risk
S00048,19,92,2,1,1,1,0,26,2,3,0,86,94,1,2,0,91.0,Low Risk
S00049,19,92,1,1,1,1,0,19,3,12,1,63,40,1,2,3,62.5,Medium Risk
S00050,19,92,1,1,1,1,0,26,2,3,0,86,94,1,2,0,91.0,Low Risk
S00051,19,92,1,0,2,1,0,19,3,12,1,63,40,1,2,3,62.5,Medium Risk
S00052,19,92,1,0,2,1,0,26,2,3,0,86,94,1,2,0,91.0,Low Risk
S00053,29,84,0,1,0,1,1,21,2,10,1,57,48,1,2,3,61.5,Medium Risk
S00054,29,84,0,1,0,1,1,28,2,14,0,74,60,1,0,2,71.4,Low Risk
S00055,29,84,1,1,1,1,1,21,2,10,1,57,48,1,2,3,61.5,Medium Risk
S00056,29,84,1,1,1,1,1,28,2,14,0,74,60,1,0,2,71.4,Low Risk
S00057,25,78,2,1,1,1,1,18,2,17,0,91,58,1,2,2,73.9,Low Risk
S00058,25,78,0,1,1,1,1,18,2,17,0,91,58,1,2,2,73.9,Low Risk
S00059,17,94,2,0,2,1,1,19,3,3,1,74,92,0,2,0,87.2,Low Risk
S00060,17,94,1,0,0,1,1,19,3,3,1,74,92,0,2,0,87.2,Low Risk
S00061,17,94,1,0,1,1,1,19,3,3,1,74,92,0,2,0,87.2,Low Risk
S00062,17,94,1,1,1,1,1,19,3,3,1,74,92,0,2,0,87.2,Low Risk
S00063,17,94,0,0,2,1,1,19,3,3,1,74,92,0,2,0,87.2,Low Risk
S00064,17,94,0,1,0,1,1,19,3,3,1,74,92,0,2,0,87.2,Low Risk
S00065,17,94,2,1,1,1,1,19,3,3,1,74,92,0,2,0,87.2,Low Risk
S00066,23,98,1,1,1,1,1,27,2,5,0,65,58,0,2,2,72.1,Low Risk
S00067,23,98,1,1,1,1,1,27,1,4,1,100,93,0,2,0,96.6,Low Risk
S00068,23,98,1,1,1,1,1,27,2,5,0,65,58,0,2,2,72.1,Low Risk
S00069,23,98,1,1,1,1,1,27,1,4,1,100,93,0,2,0,96.6,Low Risk
S00070,23,98,0,0,1,1,1,27,2,5,0,65,58,0,2,2,72.1,Low Risk
S00071,23,98,0,0,1,1,1,27,1,4,1,100,93,0,2,0,96.6,Low Risk
S00072,23,98,2,0,1,1,1,27,2,5,0,65,58,0,2,2,72.1,Low Risk
S00073,23,98,2,0,1,1,1,27,1,4,1,100,93,0,2,0,96.6,Low Risk
S00074,23,98,2,1,0,1,1,27,2,5,0,65,58,0,2,2,72.1,Low Risk
S00075,23,98,2,1,0,1,1,27,1,4,1,100,93,0,2,0,96.6,Low Risk
S00076,17,80,2,0,1,0,1,18,1,13,1,68,73,0,2,1,73.6,Low Risk
S00077,17,80,2,0,1,0,1,24,3,11,1,64,69,1,0,2,70.8,Low Risk
S00078,17,80,2,0,1,0,1,23,0,7,1,68,87,1,1,0,79.2,Low Risk
S00079,17,80,2,0,1,0,1,27,0,12,0,64,88,1,0,0,78.4,Low Risk
S00080,17,80,2,0,1,0,1,29,1,0,1,73,78,1,0,1,77.1,Low Risk
S00081,17,80,1,0,1,1,1,18,1,13,1,68,73,0,2,1,73.6,Low Risk
S00082,17,80,1,0,1,1,1,24,3,11,1,64,69,1,0,2,70.8,Low Risk
S00083,17,80,1,0,1,1,1,23,0,7,1,68,87,1,1,0,79.2,Low Risk
S00084,17,80,1,0,1,1,1,27,0,12,0,64,88,1,0,0,78.4,Low Risk
S00085,17,80,1,0,1,1,1,29,1,0,1,73,78,1,0,1,77.1,Low Risk
S00086,17,80,2,0,1,1,1,18,1,13,1,68,73,0,2,1,73.6,Low Risk
S00087,17,80,2,0,1,1,1,24,3,11,1,64,69,1,0,2,70.8,Low Risk
S00088,17,80,2,0,1,1,1,23,0,7,1,68,87,1,1,0,79.2,Low Risk
S00089,17,80,2,0,1,1,1,27,0,12,0,64,88,1,0,0,78.4,Low Risk
S00090,17,80,2,0,1,1,1,29,1,0,1,73,78,1,0,1,77.1,Low Risk
S00091,17,97,2,1,0,1,1,27,1,9,0,64,87,1,1,0,83.1,Low Risk
S00092,17,97,2,1,0,1,1,25,2,20,1,70,82,1,1,1,82.9,Low Risk
S00093,17,97,1,0,1,1,1,27,1,9,0,64,87,1,1,0,83.1,Low Risk
S00094,17,97,1,0,1,1,1,25,2,20,1,70,82,1,1,1,82.9,Low Risk
S00095,17,97,2,0,2,1,1,27,1,9,0,64,87,1,1,0,83.1,Low Risk
S00096,17,97,2,0,2,1,1,25,2,20,1,70,82,1,1,1,82.9,Low Risk
S00097,17,97,2,1,1,0,1,27,1,9,0,64,87,1,1,0,83.1,Low Risk
S00098,17,97,2,1,1,0,1,25,2,20,1,70,82,1,1,1,82.9,Low Risk
S00099,17,97,2,0,1,1,1,27,1,9,0,64,87,1,1,0,83.1,Low Risk
S00100,17,97,2,0,1,1,1,25,2,20,1,70,82,1,1,1,82.9,Low Risk
S00101,17,97,2,1,0,1,1,27,1,9,0,64,87,1,1,0,83.1,Low Risk
S00102,17,97,2,1,0,1,1,25,2,20,1,70,82,1,1,1,82.9,Low Risk
S00103,17,97,0,1,1,1,1,27,1,9,0,64,87,1,1,0,83.1,Low Risk
S00104,17,97,0,1,1,1,1,25,2,20,1,70,82,1,1,1,82.9,Low Risk
S00105,17,97,1,1,1,1,1,27,1,9,0,64,87,1,1,0,83.1,Low Risk
S00106,17,97,1,1,1,1,1,25,2,20,1,70,82,1,1,1,82.9,Low Risk
S00107,17,97,0,0,2,0,1,27,1,9,0,64,87,1,1,0,83.1,Low Risk
S00108,17,97,0,0,2,0,1,25,2,20,1,70,82,1,1,1,82.9,Low Risk
S00109,17,97,1,1,0,1,1,27,1,9,0,64,87,1,1,0,83.1,Low Risk
S00110,17,97,1,1,0,1,1,25,2,20,1,70,82,1,1,1,82.9,Low Risk
S00111,21,83,1,1,0,1,1,27,2,1,0,66,86,0,1,0,79.1,Low Risk
S00112,21,83,1,1,0,1,1,27,0,7,1,77,96,1,1,0,86.4,Low Risk
S00113,21,83,1,1,0,1,1,27,2,1,0,66,86,0,1,0,79.1,Low Risk
S00114,21,83,1,1,0,1,1,27,0,7,1,77,96,1,1,0,86.4,Low Risk
S00115,21,83,1,1,2,1,1,27,2,1,0,66,86,0,1,0,79.1,Low Risk
S00116,21,83,1,1,2,1,1,27,0,7,1,77,96,1,1,0,86.4,Low Risk
S00117,21,83,0,0,0,1,1,27,2,1,0,66,86,0,1,0,79.1,Low Risk
S00118,21,83,0,0,0,1,1,27,0,7,1,77,96,1,1,0,86.4,Low Risk
S00119,21,83,0,1,0,1,1,27,2,1,0,66,86,0,1,0,79.1,Low Risk
S00120,21,83,0,1,0,1,1,27,0,7,1,77,96,1,1,0,86.4,Low Risk
S00121,21,83,2,1,2,1,1,27,2,1,0,66,86,0,1,0,79.1,Low Risk
S00122,21,83,2,1,2,1,1,27,0,7,1,77,96,1,1,0,86.4,Low Risk
S00123,21,83,2,0,1,1,1,27,2,1,0,66,86,0,1,0,79.1,Low Risk
S00124,21,83,2,0,1,1,1,27,0,7,1,77,96,1,1,0,86.4,Low Risk
S00125,9,82,1,1,1,1,1,18,3,17,0,55,40,1,2,3,57.099999999999994,Medium Risk
S00126,9,82,1,1,1,1,1,25,3,13,0,73,46,1,2,3,64.89999999999999,Medium Risk
S00127,10,78,2,1,1,1,1,27,2,5,0,71,68,1,2,2,71.9,Low Risk
S00128,10,78,2,1,1,1,1,20,3,17,0,85,78,1,2,1,80.1,Low Risk
S00129,17,68,1,0,1,1,0,19,3,0,1,75,42,1,1,3,59.699999999999996,Medium Risk
S00130,17,68,1,0,1,1,0,24,2,4,1,87,64,1,2,2,72.1,Medium Risk
S00131,17,68,1,0,1,1,0,20,3,19,1,88,49,1,1,3,66.4,Medium Risk
S00132,17,68,1,1,1,1,0,19,3,0,1,75,42,1,1,3,59.699999999999996,Medium Risk
S00133,17,68,1,1,1,1,0,24,2,4,1,87,64,1,2,2,72.1,Medium Risk
S00134,17,68,1,1,1,1,0,20,3,19,1,88,49,1,1,3,66.4,Medium Risk
S00135,17,68,1,0,2,1,0,19,3,0,1,75,42,1,1,3,59.699999999999996,Medium Risk
S00136,17,68,1,0,2,1,0,24,2,4,1,87,64,1,2,2,72.1,Medium Risk
S00137,17,68,1,0,2,1,0,20,3,19,1,88,49,1,1,3,66.4,Medium Risk
S00138,17,68,2,1,1,1,0,19,3,0,1,75,42,1,1,3,59.699999999999996,Medium Risk
S00139,17,68,2,1,1,1,0,24,2,4,1,87,64,1,2,2,72.1,Medium Risk
S00140,17,68,2,1,1,1,0,20,3,19,1,88,49,1,1,3,66.4,Medium Risk
S00141,17,68,0,1,2,1,0,19,3,0,1,75,42,1,1,3,59.699999999999996,Medium Risk
S00142,17,68,0,1,2,1,0,24,2,4,1,87,64,1,2,2,72.1,Medium Risk
S00143,17,68,0,1,2,1,0,20,3,19,1,88,49,1,1,3,66.4,Medium Risk
S00144,22,70,1,1,1,1,0,22,3,1,1,74,40,1,2,3,59.2,Medium Risk
S00145,22,70,1,0,0,1,0,22,3,1,1,74,40,1,2,3,59.2,Medium Risk
S00146,22,70,2,1,2,1,0,22,3,1,1,74,40,1,2,3,59.2,Medium Risk
S00147,22,70,1,1,0,1,0,22,3,1,1,74,40,1,2,3,59.2,Medium Risk
S00148,22,70,2,1,1,1,0,22,3,1,1,74,40,1,2,3,59.2,Medium Risk
S00149,15,80,1,1,0,1,0,23,2,2,0,50,56,0,1,2,61.400000000000006,Low Risk
S00150,15,80,1,1,0,1,0,21,2,7,1,87,89,1,0,0,85.7,Low Risk
S00151,15,80,1,1,0,1,0,23,1,13,1,56,75,1,2,1,70.8,Low Risk
S00152,15,80,2,0,1,1,0,23,2,2,0,50,56,0,1,2,61.400000000000006,Low Risk
S00153,15,80,2,0,1,1,0,21,2,7,1,87,89,1,0,0,85.7,Low Risk
S00154,15,80,2,0,1,1,0,23,1,13,1,56,75,1,2,1,70.8,Low Risk
S00155,15,80,0,0,2,1,0,23,2,2,0,50,56,0,1,2,61.400000000000006,Low Risk
S00156,15,80,0,0,2,1,0,21,2,7,1,87,89,1,0,0,85.7,Low Risk
S00157,15,80,0,0,2,1,0,23,1,13,1,56,75,1,2,1,70.8,Low Risk
S00158,15,80,1,0,1,1,0,23,2,2,0,50,56,0,1,2,61.400000000000006,Low Risk
S00159,15,80,1,0,1,1,0,21,2,7,1,87,89,1,0,0,85.7,Low Risk
S00160,15,80,1,0,1,1,0,23,1,13,1,56,75,1,2,1,70.8,Low Risk
S00161,15,80,1,1,1,1,0,23,2,2,0,50,56,0,1,2,61.400000000000006,Low Risk
S00162,15,80,1,1,1,1,0,21,2,7,1,87,89,1,0,0,85.7,Low Risk
S00163,15,80,1,1,1,1,0,23,1,13,1,56,75,1,2,1,70.8,Low Risk
S00164,15,80,1,0,1,1,0,23,2,2,0,50,56,0,1,2,61.400000000000006,Low Risk
S00165,15,80,1,0,1,1,0,21,2,7,1,87,89,1,0,0,85.7,Low Risk
S00166,15,80,1,0,1,1,0,23,1,13,1,56,75,1,2,1,70.8,Low Risk
S00167,12,75,2,1,1,1,1,21,0,16,1,66,71,1,2,1,70.7,Low Risk
S00168,12,75,2,1,1,1,1,22,2,20,1,55,48,1,1,3,58.2,Medium Risk
S00169,12,75,2,1,1,1,1,21,0,16,1,66,71,1,2,1,70.7,Low Risk
S00170,12,75,2,1,1,1,1,22,2,20,1,55,48,1,1,3,58.2,Medium Risk
S00171,29,78,1,0,2,1,0,28,0,2,1,67,91,1,2,0,79.9,Low Risk
S00172,29,78,2,1,1,1,0,28,0,2,1,67,91,1,2,0,79.9,Low Risk
S00173,19,99,2,0,1,1,1,25,3,13,1,91,56,1,0,2,79.4,Low Risk
S00174,19,99,1,0,1,1,1,25,3,13,1,91,56,1,0,2,79.4,Low Risk
S00175,19,99,2,0,0,1,1,25,3,13,1,91,56,1,0,2,79.4,Low Risk
S00176,19,99,2,1,0,1,1,25,3,13,1,91,56,1,0,2,79.4,Low Risk
S00177,19,99,0,0,1,1,1,25,3,13,1,91,56,1,0,2,79.4,Low Risk
S00178,19,99,1,1,0,1,1,25,3,13,1,91,56,1,0,2,79.4,Low Risk
S00179,19,99,1,1,1,1,1,25,3,13,1,91,56,1,0,2,79.4,Low Risk
S00180,19,99,1,0,1,1,1,25,3,13,1,91,56,1,0,2,79.4,Low Risk
S00181,19,99,0,0,2,1,1,25,3,13,1,91,56,1,0,2,79.4,Low Risk
S00182,19,99,2,1,1,1,1,25,3,13,1,91,56,1,0,2,79.4,Low Risk
S00183,19,99,2,0,0,1,1,25,3,13,1,91,56,1,0,2,79.4,Low Risk
S00184,19,99,1,0,1,1,1,25,3,13,1,91,56,1,0,2,79.4,Low Risk
S00185,20,74,2,0,0,1,0,22,3,3,1,93,97,1,2,0,88.9,Medium Risk
S00186,20,74,2,0,0,1,0,24,1,20,1,68,67,0,1,2,69.4,Medium Risk
S00187,20,74,2,0,0,1,0,29,0,13,0,80,65,0,0,2,72.2,Medium Risk
S00188,20,74,1,1,0,1,0,22,3,3,1,93,97,1,2,0,88.9,Medium Risk
S00189,20,74,1,1,0,1,0,24,1,20,1,68,67,0,1,2,69.4,Medium Risk
S00190,20,74,1,1,0,1,0,29,0,13,0,80,65,0,0,2,72.2,Medium Risk
S00191,20,74,2,1,1,0,0,22,3,3,1,93,97,1,2,0,88.9,Medium Risk
S00192,20,74,2,1,1,0,0,24,1,20,1,68,67,0,1,2,69.4,Medium Risk
S00193,20,74,2,1,1,0,0,29,0,13,0,80,65,0,0,2,72.2,Medium Risk
S00194,20,74,1,1,2,1,0,22,3,3,1,93,97,1,2,0,88.9,Medium Risk
S00195,20,74,1,1,2,1,0,24,1,20,1,68,67,0,1,2,69.4,Medium Risk
S00196,20,74,1,1,2,1,0,29,0,13,0,80,65,0,0,2,72.2,Medium Risk
S00197,20,74,0,1,2,1,0,22,3,3,1,93,97,1,2,0,88.9,Medium Risk
S00198,20,74,0,1,2,1,0,24,1,20,1,68,67,0,1,2,69.4,Medium Risk
S00199,20,74,0,1,2,1,0,29,0,13,0,80,65,0,0,2,72.2,Medium Risk
S00200,11,78,1,1,2,1,1,25,2,4,1,59,77,0,1,1,71.9,Low Risk
S00201,11,78,1,1,2,1,1,27,0,15,0,69,77,1,2,1,74.9,Low Risk
S00202,11,78,1,1,2,1,1,18,0,13,0,62,90,1,2,0,78.0,Low Risk
S00203,11,78,1,1,2,1,1,19,2,3,1,80,98,1,2,0,86.6,Low Risk
S00204,11,78,1,1,2,1,1,21,3,8,1,96,83,1,1,1,85.4,Low Risk
S00205,11,78,2,1,1,1,1,25,2,4,1,59,77,0,1,1,71.9,Low Risk
S00206,11,78,2,1,1,1,1,27,0,15,0,69,77,1,2,1,74.9,Low Risk
S00207,11,78,2,1,1,1,1,18,0,13,0,62,90,1,2,0,78.0,Low Risk
S00208,11,78,2,1,1,1,1,19,2,3,1,80,98,1,2,0,86.6,Low Risk
S00209,11,78,2,1,1,1,1,21,3,8,1,96,83,1,1,1,85.4,Low Risk
S00210,17,65,2,1,1,1,0,28,2,12,0,88,72,0,0,1,74.7,Medium Risk
S00211,17,65,2,1,1,1,0,21,1,16,0,79,58,1,2,2,66.4,Medium Risk
S00212,17,65,2,1,1,1,0,28,2,12,0,88,72,0,0,1,74.7,Medium Risk
S00213,17,65,2,1,1,1,0,21,1,16,0,79,58,1,2,2,66.4,Medium Risk
S00214,17,65,0,1,1,1,0,28,2,12,0,88,72,0,0,1,74.7,Medium Risk
S00215,17,65,0,1,1,1,0,21,1,16,0,79,58,1,2,2,66.4,Medium Risk
S00216,17,65,1,0,1,1,0,28,2,12,0,88,72,0,0,1,74.7,Medium Risk
S00217,17,65,1,0,1,1,0,21,1,16,0,79,58,1,2,2,66.4,Medium Risk
S00218,17,65,1,0,1,1,0,28,2,12,0,88,72,0,0,1,74.7,Medium Risk
S00219,17,65,1,0,1,1,0,21,1,16,0,79,58,1,2,2,66.4,Medium Risk
S00220,21,62,0,1,2,1,1,26,2,9,1,65,46,0,2,3,56.5,Medium Risk
S00221,21,62,0,0,2,1,1,26,2,9,1,65,46,0,2,3,56.5,Medium Risk
S00222,21,62,1,0,1,1,1,26,2,9,1,65,46,0,2,3,56.5,Medium Risk
S00223,13,91,1,0,1,1,0,19,0,7,1,64,63,0,1,2,71.7,Low Risk
S00224,13,91,1,0,1,1,0,25,3,12,0,73,77,0,2,1,80.0,Low Risk
S00225,13,91,1,0,1,1,0,21,0,13,1,98,100,0,2,0,96.7,Low Risk
S00226,13,91,1,0,1,1,0,29,1,3,1,66,90,1,2,0,83.1,Low Risk
S00227,13,91,1,0,1,1,0,28,1,11,1,85,46,1,2,3,71.2,Medium Risk
S00228,13,91,1,0,1,1,0,19,2,18,0,89,61,0,2,2,78.4,Low Risk
S00229,13,91,1,1,1,1,0,19,0,7,1,64,63,0,1,2,71.7,Low Risk
S00230,13,91,1,1,1,1,0,25,3,12,0,73,77,0,2,1,80.0,Low Risk
S00231,13,91,1,1,1,1,0,21,0,13,1,98,100,0,2,0,96.7,Low Risk
S00232,13,91,1,1,1,1,0,29,1,3,1,66,90,1,2,0,83.1,Low Risk
S00233,13,91,1,1,1,1,0,28,1,11,1,85,46,1,2,3,71.2,Medium Risk
S00234,13,91,1,1,1,1,0,19,2,18,0,89,61,0,2,2,78.4,Low Risk
S00235,22,83,2,1,1,1,1,28,2,11,0,96,75,1,2,1,83.69999999999999,Low Risk
S00236,22,83,1,1,2,1,1,28,2,11,0,96,75,1,2,1,83.69999999999999,Low Risk
S00237,22,83,1,1,2,0,1,28,2,11,0,96,75,1,2,1,83.69999999999999,Low Risk
S00238,22,83,1,1,2,1,1,28,2,11,0,96,75,1,2,1,83.69999999999999,Low Risk
S00239,22,83,0,1,1,1,1,28,2,11,0,96,75,1,2,1,83.69999999999999,Low Risk
S00240,16,90,1,0,1,1,0,19,1,0,1,90,52,0,2,3,74.8,Low Risk
S00241,16,90,1,0,2,0,0,19,1,0,1,90,52,0,2,3,74.8,Low Risk
S00242,16,90,2,1,1,1,0,19,1,0,1,90,52,0,2,3,74.8,Low Risk
S00243,16,90,1,0,1,1,0,19,1,0,1,90,52,0,2,3,74.8,Low Risk
S00244,16,90,2,1,2,1,0,19,1,0,1,90,52,0,2,3,74.8,Low Risk
S00245,18,66,2,0,0,1,1,22,1,3,0,50,73,1,1,1,64.0,Medium Risk
S00246,18,66,2,0,0,1,1,27,2,11,0,57,60,1,0,2,60.89999999999999,Medium Risk
S00247,18,66,1,0,1,1,1,22,1,3,0,50,73,1,1,1,64.0,Medium Risk
S00248,18,66,1,0,1,1,1,27,2,11,0,57,60,1,0,2,60.89999999999999,Medium Risk
S00249,18,66,2,0,1,1,1,22,1,3,0,50,73,1,1,1,64.0,Medium Risk
S00250,18,66,2,0,1,1,1,27,2,11,0,57,60,1,0,2,60.89999999999999,Medium Risk
S00251,18,66,2,1,1,1,1,22,1,3,0,50,73,1,1,1,64.0,Medium Risk
S00252,18,66,2,1,1,1,1,27,2,11,0,57,60,1,0,2,60.89999999999999,Medium Risk
S00253,18,66,1,1,0,0,1,22,1,3,0,50,73,1,1,1,64.0,Medium Risk
S00254,18,66,1,1,0,0,1,27,2,11,0,57,60,1,0,2,60.89999999999999,Medium Risk
S00255,18,66,2,1,1,0,1,22,1,3,0,50,73,1,1,1,64.0,Medium Risk
S00256,18,66,2,1,1,0,1,27,2,11,0,57,60,1,0,2,60.89999999999999,Medium Risk
S00257,18,66,1,1,2,1,1,22,1,3,0,50,73,1,1,1,64.0,Medium Risk
S00258,18,66,1,1,2,1,1,27,2,11,0,57,60,1,0,2,60.89999999999999,Medium Risk
S00259,18,66,1,1,1,1,1,22,1,3,0,50,73,1,1,1,64.0,Medium Risk
S00260,18,66,1,1,1,1,1,27,2,11,0,57,60,1,0,2,60.89999999999999,Medium Risk
S00261,16,83,1,0,1,1,0,27,1,12,1,52,66,0,1,2,66.9,Low Risk
S00262,16,83,1,0,1,1,0,26,1,0,0,96,56,1,0,2,76.1,Low Risk
S00263,16,83,2,1,0,1,0,27,1,12,1,52,66,0,1,2,66.9,Low Risk
S00264,16,83,2,1,0,1,0,26,1,0,0,96,56,1,0,2,76.1,Low Risk
S00265,16,83,1,1,1,1,0,27,1,12,1,52,66,0,1,2,66.9,Low Risk
S00266,16,83,1,1,1,1,0,26,1,0,0,96,56,1,0,2,76.1,Low Risk
S00267,16,83,1,1,1,1,0,27,1,12,1,52,66,0,1,2,66.9,Low Risk
S00268,16,83,1,1,1,1,0,26,1,0,0,96,56,1,0,2,76.1,Low Risk
S00269,16,83,1,1,2,1,0,27,1,12,1,52,66,0,1,2,66.9,Low Risk
S00270,16,83,1,1,2,1,0,26,1,0,0,96,56,1,0,2,76.1,Low Risk
S00271,16,83,1,1,1,1,0,27,1,12,1,52,66,0,1,2,66.9,Low Risk
S00272,16,83,1,1,1,1,0,26,1,0,0,96,56,1,0,2,76.1,Low Risk
S00273,16,83,1,1,0,1,0,27,1,12,1,52,66,0,1,2,66.9,Low Risk
S00274,16,83,1,1,0,1,0,26,1,0,0,96,56,1,0,2,76.1,Low Risk
S00275,16,83,1,0,0,1,0,27,1,12,1,52,66,0,1,2,66.9,Low Risk
S00276,16,83,1,0,0,1,0,26,1,0,0,96,56,1,0,2,76.1,Low Risk
S00277,31,70,2,1,1,1,1,28,2,1,0,52,71,1,2,1,65.0,Medium Risk
S00278,20,69,1,1,1,1,1,21,3,3,1,87,79,1,0,1,78.4,Medium Risk
S00279,20,69,1,1,1,1,1,18,3,9,0,82,97,0,2,0,84.10000000000001,Medium Risk
S00280,20,69,2,1,1,1,1,21,3,3,1,87,79,1,0,1,78.4,Medium Risk
S00281,20,69,2,1,1,1,1,18,3,9,0,82,97,0,2,0,84.10000000000001,Medium Risk
S00282,20,69,2,0,0,1,1,21,3,3,1,87,79,1,0,1,78.4,Medium Risk
S00283,20,69,2,0,0,1,1,18,3,9,0,82,97,0,2,0,84.10000000000001,Medium Risk
S00284,20,69,1,1,2,1,1,21,3,3,1,87,79,1,0,1,78.4,Medium Risk
S00285,20,69,1,1,2,1,1,18,3,9,0,82,97,0,2,0,84.10000000000001,Medium Risk
S00286,14,60,1,0,1,1,0,18,0,6,0,88,52,1,2,3,65.2,Medium Risk
S00287,14,60,0,1,0,1,0,18,0,6,0,88,52,1,2,3,65.2,Medium Risk
S00288,25,65,1,0,1,1,0,25,3,0,1,62,51,0,1,3,58.5,Medium Risk
S00289,25,65,1,0,1,1,0,28,3,12,1,100,55,1,0,2,71.5,Medium Risk
S00290,25,65,2,1,2,1,0,25,3,0,1,62,51,0,1,3,58.5,Medium Risk
S00291,25,65,2,1,2,1,0,28,3,12,1,100,55,1,0,2,71.5,Medium Risk
S00292,25,65,0,1,1,1,0,25,3,0,1,62,51,0,1,3,58.5,Medium Risk
S00293,25,65,0,1,1,1,0,28,3,12,1,100,55,1,0,2,71.5,Medium Risk
S00294,25,65,1,1,1,1,0,25,3,0,1,62,51,0,1,3,58.5,Medium Risk
S00295,25,65,1,1,1,1,0,28,3,12,1,100,55,1,0,2,71.5,Medium Risk
S00296,25,65,0,1,1,1,0,25,3,0,1,62,51,0,1,3,58.5,Medium Risk
S00297,25,65,0,1,1,1,0,28,3,12,1,100,55,1,0,2,71.5,Medium Risk
S00298,25,65,2,1,0,0,0,25,3,0,1,62,51,0,1,3,58.5,Medium Risk
S00299,25,65,2,1,0,0,0,28,3,12,1,100,55,1,0,2,71.5,Medium Risk
S00300,21,65,0,1,0,1,0,20,3,1,1,54,54,1,0,3,57.3,Medium Risk
S00301,21,65,0,1,0,1,0,24,1,2,1,96,78,0,2,1,79.5,Medium Risk
S00302,21,65,2,1,0,0,0,20,3,1,1,54,54,1,0,3,57.3,Medium Risk
S00303,21,65,2,1,0,0,0,24,1,2,1,96,78,0,2,1,79.5,Medium Risk
S00304,8,99,1,0,0,1,0,28,2,9,1,99,97,0,1,0,98.2,Low Risk
S00305,8,99,1,0,0,1,0,23,1,4,1,89,54,1,1,3,78.0,Low Risk
S00306,8,99,1,0,0,1,0,20,3,6,1,59,91,0,0,0,83.8,Low Risk
S00307,8,99,2,1,1,1,0,28,2,9,1,99,97,0,1,0,98.2,Low Risk
S00308,8,99,2,1,1,1,0,23,1,4,1,89,54,1,1,3,78.0,Low Risk
S00309,8,99,2,1,1,1,0,20,3,6,1,59,91,0,0,0,83.8,Low Risk
S00310,12,72,1,1,1,1,0,28,1,15,1,58,100,0,1,0,79.0,Medium Risk
S00311,12,72,1,1,1,1,0,26,2,20,1,51,42,1,2,3,53.7,Medium Risk
S00312,12,72,1,1,1,1,0,29,1,5,0,61,73,1,1,1,69.1,Medium Risk
S00313,12,72,0,1,2,1,0,28,1,15,1,58,100,0,1,0,79.0,Medium Risk
S00314,12,72,0,1,2,1,0,26,2,20,1,51,42,1,2,3,53.7,Medium Risk
S00315,12,72,0,1,2,1,0,29,1,5,0,61,73,1,1,1,69.1,Medium Risk
S00316,12,72,1,0,2,1,0,28,1,15,1,58,100,0,1,0,79.0,Medium Risk
S00317,12,72,1,0,2,1,0,26,2,20,1,51,42,1,2,3,53.7,Medium Risk
S00318,12,72,1,0,2,1,0,29,1,5,0,61,73,1,1,1,69.1,Medium Risk
S00319,12,72,0,1,2,1,0,28,1,15,1,58,100,0,1,0,79.0,Medium Risk
S00320,12,72,0,1,2,1,0,26,2,20,1,51,42,1,2,3,53.7,Medium Risk
S00321,12,72,0,1,2,1,0,29,1,5,0,61,73,1,1,1,69.1,Medium Risk
S00322,12,72,1,0,0,1,0,28,1,15,1,58,100,0,1,0,79.0,Medium Risk
S00323,12,72,1,0,0,1,0,26,2,20,1,51,42,1,2,3,53.7,Medium Risk
S00324,12,72,1,0,0,1,0,29,1,5,0,61,73,1,1,1,69.1,Medium Risk
S00325,21,65,1,1,0,1,1,21,0,0,0,93,95,1,1,0,85.4,Medium Risk
S00326,21,65,0,1,2,0,1,21,0,0,0,93,95,1,1,0,85.4,Medium Risk
S00327,21,65,1,0,2,1,1,21,0,0,0,93,95,1,1,0,85.4,Medium Risk
S00328,21,65,2,0,0,1,1,21,0,0,0,93,95,1,1,0,85.4,Medium Risk
S00329,21,65,1,1,1,1,1,21,0,0,0,93,95,1,1,0,85.4,Medium Risk
S00330,21,65,1,0,1,1,1,21,0,0,0,93,95,1,1,0,85.4,Medium Risk
S00331,21,65,2,1,2,1,1,21,0,0,0,93,95,1,1,0,85.4,Medium Risk
S00332,21,65,2,0,1,1,1,21,0,0,0,93,95,1,1,0,85.4,Medium Risk
S00333,24,68,1,0,0,1,1,29,2,13,1,78,61,1,1,2,68.19999999999999,Medium Risk
S00334,24,68,1,0,1,1,1,29,2,13,1,78,61,1,1,2,68.19999999999999,Medium Risk
S00335,24,68,1,1,2,1,1,29,2,13,1,78,61,1,1,2,68.19999999999999,Medium Risk
S00336,24,68,1,1,0,1,1,29,2,13,1,78,61,1,1,2,68.19999999999999,Medium Risk
S00337,24,68,2,1,0,1,1,29,2,13,1,78,61,1,1,2,68.19999999999999,Medium Risk
S00338,24,68,1,1,1,1,1,29,2,13,1,78,61,1,1,2,68.19999999999999,Medium Risk
S00339,24,68,1,1,1,0,1,29,2,13,1,78,61,1,1,2,68.19999999999999,Medium Risk
S00340,24,68,0,1,0,1,1,29,2,13,1,78,61,1,1,2,68.19999999999999,Medium Risk
S00341,21,84,1,1,0,1,0,23,0,11,0,79,56,1,2,2,71.3,Low Risk
S00342,21,84,0,0,0,1,0,23,0,11,0,79,56,1,2,2,71.3,Low Risk
S00343,21,84,1,0,1,1,0,23,0,11,0,79,56,1,2,2,71.3,Low Risk
S00344,21,84,2,1,0,1,0,23,0,11,0,79,56,1,2,2,71.3,Low Risk
S00345,21,84,0,1,0,1,0,23,0,11,0,79,56,1,2,2,71.3,Low Risk
S00346,18,94,2,1,1,1,1,21,0,0,1,83,93,1,2,0,90.3,Low Risk
S00347,18,94,2,1,1,1,1,29,1,17,1,55,51,1,2,3,65.10000000000001,Low Risk
S00348,18,94,1,1,2,1,1,21,0,0,1,83,93,1,2,0,90.3,Low Risk
S00349,18,94,1,1,2,1,1,29,1,17,1,55,51,1,2,3,65.10000000000001,Low Risk
S00350,18,94,2,1,0,1,1,21,0,0,1,83,93,1,2,0,90.3,Low Risk
S00351,18,94,2,1,0,1,1,29,1,17,1,55,51,1,2,3,65.10000000000001,Low Risk
S00352,18,94,1,1,1,1,1,21,0,0,1,83,93,1,2,0,90.3,Low Risk
S00353,18,94,1,1,1,1,1,29,1,17,1,55,51,1,2,3,65.10000000000001,Low Risk
S00354,18,94,1,0,0,1,1,21,0,0,1,83,93,1,2,0,90.3,Low Risk
S00355,18,94,1,0,0,1,1,29,1,17,1,55,51,1,2,3,65.10000000000001,Low Risk
S00356,18,94,1,1,0,0,1,21,0,0,1,83,93,1,2,0,90.3,Low Risk
S00357,18,94,1,1,0,0,1,29,1,17,1,55,51,1,2,3,65.10000000000001,Low Risk
S00358,18,94,1,1,1,1,1,21,0,0,1,83,93,1,2,0,90.3,Low Risk
S00359,18,94,1,1,1,1,1,29,1,17,1,55,51,1,2,3,65.10000000000001,Low Risk
S00360,11,98,1,1,0,1,1,25,0,11,0,77,81,1,0,1,84.9,Low Risk
S00361,11,98,1,1,0,1,1,25,2,7,1,94,52,1,2,3,78.4,Low Risk
S00362,11,98,1,1,0,1,1,26,0,12,0,58,87,0,2,0,81.6,Low Risk
S00363,11,98,2,1,2,1,1,25,0,11,0,77,81,1,0,1,84.9,Low Risk
S00364,11,98,2,1,2,1,1,25,2,7,1,94,52,1,2,3,78.4,Low Risk
S00365,11,98,2,1,2,1,1,26,0,12,0,58,87,0,2,0,81.6,Low Risk
S00366,16,70,1,1,1,1,1,28,2,7,1,94,84,1,0,1,82.8,Medium Risk
S00367,16,70,1,1,1,1,1,22,0,20,0,89,83,1,2,1,80.9,Medium Risk
S00368,16,70,1,1,1,1,1,19,2,20,1,53,86,1,2,0,71.3,Medium Risk
S00369,16,70,2,1,2,1,1,28,2,7,1,94,84,1,0,1,82.8,Medium Risk
S00370,16,70,2,1,2,1,1,22,0,20,0,89,83,1,2,1,80.9,Medium Risk
S00371,16,70,2,1,2,1,1,19,2,20,1,53,86,1,2,0,71.3,Medium Risk
S00372,16,70,2,1,2,1,1,28,2,7,1,94,84,1,0,1,82.8,Medium Risk
S00373,16,70,2,1,2,1,1,22,0,20,0,89,83,1,2,1,80.9,Medium Risk
S00374,16,70,2,1,2,1,1,19,2,20,1,53,86,1,2,0,71.3,Medium Risk
S00375,17,78,1,1,1,1,0,24,1,14,1,84,59,0,0,2,72.19999999999999,Low Risk
S00376,17,78,1,1,1,1,0,26,3,9,0,90,85,1,2,0,84.4,Low Risk
S00377,17,78,1,1,1,1,0,29,1,20,1,58,85,0,2,0,74.8,Low Risk
S00378,17,78,2,0,1,1,0,24,1,14,1,84,59,0,0,2,72.19999999999999,Low Risk
S00379,17,78,2,0,1,1,0,26,3,9,0,90,85,1,2,0,84.4,Low Risk
S00380,17,78,2,0,1,1,0,29,1,20,1,58,85,0,2,0,74.8,Low Risk
S00381,17,78,2,0,1,1,0,24,1,14,1,84,59,0,0,2,72.19999999999999,Low Risk
S00382,17,78,2,0,1,1,0,26,3,9,0,90,85,1,2,0,84.4,Low Risk
S00383,17,78,2,0,1,1,0,29,1,20,1,58,85,0,2,0,74.8,Low Risk
S00384,17,78,1,0,1,0,0,24,1,14,1,84,59,0,0,2,72.19999999999999,Low Risk
S00385,17,78,1,0,1,0,0,26,3,9,0,90,85,1,2,0,84.4,Low Risk
S00386,17,78,1,0,1,0,0,29,1,20,1,58,85,0,2,0,74.8,Low Risk
S00387,17,78,1,1,0,1,0,24,1,14,1,84,59,0,0,2,72.19999999999999,Low Risk
S00388,17,78,1,1,0,1,0,26,3,9,0,90,85,1,2,0,84.4,Low Risk
S00389,17,78,1,1,0,1,0,29,1,20,1,58,85,0,2,0,74.8,Low Risk
S00390,26,61,0,1,1,1,0,28,2,20,0,69,99,1,2,0,78.6,Medium Risk
S00391,26,61,1,1,2,1,0,28,2,20,0,69,99,1,2,0,78.6,Medium Risk
S00392,26,61,2,1,1,0,0,28,2,20,0,69,99,1,2,0,78.6,Medium Risk
S00393,22,86,1,1,0,1,1,23,0,9,0,60,47,1,2,3,62.599999999999994,Medium Risk
S00394,22,86,1,1,0,1,1,24,3,6,1,73,55,1,2,2,69.7,Low Risk
S00395,22,86,1,1,0,1,1,19,1,8,0,100,87,1,0,0,90.60000000000001,Low Risk
S00396,22,86,1,1,0,1,1,24,3,7,1,86,96,1,2,0,90.0,Low Risk
S00397,22,86,0,0,1,1,1,23,0,9,0,60,47,1,2,3,62.599999999999994,Medium Risk
S00398,22,86,0,0,1,1,1,24,3,6,1,73,55,1,2,2,69.7,Low Risk
S00399,22,86,0,0,1,1,1,19,1,8,0,100,87,1,0,0,90.60000000000001,Low Risk
S00400,22,86,0,0,1,1,1,24,3,7,1,86,96,1,2,0,90.0,Low Risk
S00401,22,86,1,1,2,1,1,23,0,9,0,60,47,1,2,3,62.599999999999994,Medium Risk
S00402,22,86,1,1,2,1,1,24,3,6,1,73,55,1,2,2,69.7,Low Risk
S00403,22,86,1,1,2,1,1,19,1,8,0,100,87,1,0,0,90.60000000000001,Low Risk
S00404,22,86,1,1,2,1,1,24,3,7,1,86,96,1,2,0,90.0,Low Risk
S00405,22,86,1,1,1,1,1,23,0,9,0,60,47,1,2,3,62.599999999999994,Medium Risk
S00406,22,86,1,1,1,1,1,24,3,6,1,73,55,1,2,2,69.7,Low Risk
S00407,22,86,1,1,1,1,1,19,1,8,0,100,87,1,0,0,90.60000000000001,Low Risk
S00408,22,86,1,1,1,1,1,24,3,7,1,86,96,1,2,0,90.0,Low Risk
S00409,22,86,1,0,0,1,1,23,0,9,0,60,47,1,2,3,62.599999999999994,Medium Risk
S00410,22,86,1,0,0,1,1,24,3,6,1,73,55,1,2,2,69.7,Low Risk
S00411,22,86,1,0,0,1,1,19,1,8,0,100,87,1,0,0,90.60000000000001,Low Risk
S00412,22,86,1,0,0,1,1,24,3,7,1,86,96,1,2,0,90.0,Low Risk
S00413,22,86,1,1,1,1,1,23,0,9,0,60,47,1,2,3,62.599999999999994,Medium Risk
S00414,22,86,1,1,1,1,1,24,3,6,1,73,55,1,2,2,69.7,Low Risk
S00415,22,86,1,1,1,1,1,19,1,8,0,100,87,1,0,0,90.60000000000001,Low Risk
S00416,22,86,1,1,1,1,1,24,3,7,1,86,96,1,2,0,90.0,Low Risk
S00417,22,86,1,0,2,1,1,23,0,9,0,60,47,1,2,3,62.599999999999994,Medium Risk
S00418,22,86,1,0,2,1,1,24,3,6,1,73,55,1,2,2,69.7,Low Risk
S00419,22,86,1,0,2,1,1,19,1,8,0,100,87,1,0,0,90.60000000000001,Low Risk
S00420,22,86,1,0,2,1,1,24,3,7,1,86,96,1,2,0,90.0,Low Risk
S00421,22,86,1,1,1,1,1,23,0,9,0,60,47,1,2,3,62.599999999999994,Medium Risk
S00422,22,86,1,1,1,1,1,24,3,6,1,73,55,1,2,2,69.7,Low Risk
S00423,22,86,1,1,1,1,1,19,1,8,0,100,87,1,0,0,90.60000000000001,Low Risk
S00424,22,86,1,1,1,1,1,24,3,7,1,86,96,1,2,0,90.0,Low Risk
S00425,9,77,1,0,1,1,1,24,3,4,1,63,76,1,0,1,72.39999999999999,Low Risk
S00426,9,77,1,0,1,1,1,18,2,3,1,61,65,1,0,2,67.39999999999999,Low Risk
S00427,9,77,1,0,1,1,1,28,1,16,0,51,66,1,2,2,64.8,Low Risk
S00428,9,77,1,0,0,1,1,24,3,4,1,63,76,1,0,1,72.39999999999999,Low Risk
S00429,9,77,1,0,0,1,1,18,2,3,1,61,65,1,0,2,67.39999999999999,Low Risk
S00430,9,77,1,0,0,1,1,28,1,16,0,51,66,1,2,2,64.8,Low Risk
S00431,9,77,2,1,1,1,1,24,3,4,1,63,76,1,0,1,72.39999999999999,Low Risk
S00432,9,77,2,1,1,1,1,18,2,3,1,61,65,1,0,2,67.39999999999999,Low Risk
S00433,9,77,2,1,1,1,1,28,1,16,0,51,66,1,2,2,64.8,Low Risk
S00434,9,77,0,0,1,1,1,24,3,4,1,63,76,1,0,1,72.39999999999999,Low Risk
S00435,9,77,0,0,1,1,1,18,2,3,1,61,65,1,0,2,67.39999999999999,Low Risk
S00436,9,77,0,0,1,1,1,28,1,16,0,51,66,1,2,2,64.8,Low Risk
S00437,22,71,1,1,0,1,1,20,0,18,0,71,52,1,2,3,63.400000000000006,Medium Risk
S00438,22,71,1,0,2,1,1,20,0,18,0,71,52,1,2,3,63.400000000000006,Medium Risk
S00439,22,71,1,0,0,1,1,20,0,18,0,71,52,1,2,3,63.400000000000006,Medium Risk
S00440,22,71,1,1,1,1,1,20,0,18,0,71,52,1,2,3,63.400000000000006,Medium Risk
S00441,22,71,2,1,1,1,1,20,0,18,0,71,52,1,2,3,63.400000000000006,Medium Risk
S00442,22,71,0,1,1,1,1,20,0,18,0,71,52,1,2,3,63.400000000000006,Medium Risk
S00443,22,71,1,1,0,1,1,20,0,18,0,71,52,1,2,3,63.400000000000006,Medium Risk
S00444,18,68,1,0,1,1,1,26,0,20,0,93,92,0,2,0,85.1,Medium Risk
S00445,18,68,1,0,1,1,1,18,3,20,0,55,98,0,0,0,76.1,Medium Risk
S00446,18,68,2,0,0,1,1,26,0,20,0,93,92,0,2,0,85.1,Medium Risk
S00447,18,68,2,0,0,1,1,18,3,20,0,55,98,0,0,0,76.1,Medium Risk
S00448,18,68,2,1,0,1,1,26,0,20,0,93,92,0,2,0,85.1,Medium Risk
S00449,18,68,2,1,0,1,1,18,3,20,0,55,98,0,0,0,76.1,Medium Risk
S00450,18,68,2,1,2,1,1,26,0,20,0,93,92,0,2,0,85.1,Medium Risk
S00451,18,68,2,1,2,1,1,18,3,20,0,55,98,0,0,0,76.1,Medium Risk
S00452,18,68,1,1,2,1,1,26,0,20,0,93,92,0,2,0,85.1,Medium Risk
S00453,18,68,1,1,2,1,1,18,3,20,0,55,98,0,0,0,76.1,Medium Risk
S00454,18,68,2,1,2,1,1,26,0,20,0,93,92,0,2,0,85.1,Medium Risk
S00455,18,68,2,1,2,1,1,18,3,20,0,55,98,0,0,0,76.1,Medium Risk
S00456,18,68,0,1,1,1,1,26,0,20,0,93,92,0,2,0,85.1,Medium Risk
S00457,18,68,0,1,1,1,1,18,3,20,0,55,98,0,0,0,76.1,Medium Risk
S00458,18,68,2,0,1,1,1,26,0,20,0,93,92,0,2,0,85.1,Medium Risk
S00459,18,68,2,0,1,1,1,18,3,20,0,55,98,0,0,0,76.1,Medium Risk
S00460,18,68,2,1,2,1,1,26,0,20,0,93,92,0,2,0,85.1,Medium Risk
S00461,18,68,2,1,2,1,1,18,3,20,0,55,98,0,0,0,76.1,Medium Risk
S00462,16,86,1,1,1,1,1,26,1,10,1,92,94,1,1,0,91.0,Low Risk
S00463,16,86,1,1,1,1,1,18,2,15,1,100,98,1,1,0,95.0,Low Risk
S00464,16,86,1,1,1,1,1,29,1,15,0,60,92,1,2,0,80.60000000000001,Low Risk
S00465,16,86,2,0,1,1,1,26,1,10,1,92,94,1,1,0,91.0,Low Risk
S00466,16,86,2,0,1,1,1,18,2,15,1,100,98,1,1,0,95.0,Low Risk
S00467,16,86,2,0,1,1,1,29,1,15,0,60,92,1,2,0,80.60000000000001,Low Risk
S00468,16,86,1,1,0,1,1,26,1,10,1,92,94,1,1,0,91.0,Low Risk
S00469,16,86,1,1,0,1,1,18,2,15,1,100,98,1,1,0,95.0,Low Risk
S00470,16,86,1,1,0,1,1,29,1,15,0,60,92,1,2,0,80.60000000000001,Low Risk
S00471,16,86,1,1,2,1,1,26,1,10,1,92,94,1,1,0,91.0,Low Risk
S00472,16,86,1,1,2,1,1,18,2,15,1,100,98,1,1,0,95.0,Low Risk
S00473,16,86,1,1,2,1,1,29,1,15,0,60,92,1,2,0,80.60000000000001,Low Risk
S00474,16,86,1,0,2,1,1,26,1,10,1,92,94,1,1,0,91.0,Low Risk
S00475,16,86,1,0,2,1,1,18,2,15,1,100,98,1,1,0,95.0,Low Risk
S00476,16,86,1,0,2,1,1,29,1,15,0,60,92,1,2,0,80.60000000000001,Low Risk
S00477,16,86,0,0,0,1,1,26,1,10,1,92,94,1,1,0,91.0,Low Risk
S00478,16,86,0,0,0,1,1,18,2,15,1,100,98,1,1,0,95.0,Low Risk
S00479,16,86,0,0,0,1,1,29,1,15,0,60,92,1,2,0,80.60000000000001,Low Risk
S00480,24,77,0,0,1,1,0,22,0,13,1,99,66,0,0,2,79.2,Low Risk
S00481,24,77,0,0,1,1,0,19,1,13,0,82,51,1,2,3,68.1,Low Risk
S00482,24,77,0,0,1,1,0,26,3,16,0,76,62,1,0,2,70.7,Low Risk
S00483,24,77,0,0,1,1,0,19,2,10,1,71,62,0,1,2,69.2,Low Risk
S00484,24,77,2,0,2,1,0,22,0,13,1,99,66,0,0,2,79.2,Low Risk
S00485,24,77,2,0,2,1,0,19,1,13,0,82,51,1,2,3,68.1,Low Risk
S00486,24,77,2,0,2,1,0,26,3,16,0,76,62,1,0,2,70.7,Low Risk
S00487,24,77,2,0,2,1,0,19,2,10,1,71,62,0,1,2,69.2,Low Risk
S00488,24,77,1,0,2,1,0,22,0,13,1,99,66,0,0,2,79.2,Low Risk
S00489,24,77,1,0,2,1,0,19,1,13,0,82,51,1,2,3,68.1,Low Risk
S00490,24,77,1,0,2,1,0,26,3,16,0,76,62,1,0,2,70.7,Low Risk
S00491,24,77,1,0,2,1,0,19,2,10,1,71,62,0,1,2,69.2,Low Risk
S00492,26,67,2,1,0,1,0,26,1,0,1,91,82,0,0,1,80.2,Medium Risk
S00493,26,67,2,1,0,1,0,18,0,15,0,75,43,1,1,3,59.8,Medium Risk
S00494,26,67,2,1,0,1,0,19,0,0,1,100,63,1,2,2,75.3,Medium Risk
S00495,26,67,2,0,1,1,0,26,1,0,1,91,82,0,0,1,80.2,Medium Risk
S00496,26,67,2,0,1,1,0,18,0,15,0,75,43,1,1,3,59.8,Medium Risk
S00497,26,67,2,0,1,1,0,19,0,0,1,100,63,1,2,2,75.3,Medium Risk
S00498,26,67,1,1,1,1,0,26,1,0,1,91,82,0,0,1,80.2,Medium Risk
S00499,26,67,1,1,1,1,0,18,0,15,0,75,43,1,1,3,59.8,Medium Risk
S00500,26,67,1,1,1,1,0,19,0,0,1,100,63,1,2,2,75.3,Medium Risk
S00501,26,67,1,0,1,1,0,26,1,0,1,91,82,0,0,1,80.2,Medium Risk
S00502,26,67,1,0,1,1,0,18,0,15,0,75,43,1,1,3,59.8,Medium Risk
S00503,26,67,1,0,1,1,0,19,0,0,1,100,63,1,2,2,75.3,Medium Risk
S00504,26,67,0,1,1,1,0,26,1,0,1,91,82,0,0,1,80.2,Medium Risk
S00505,26,67,0,1,1,1,0,18,0,15,0,75,43,1,1,3,59.8,Medium Risk
S00506,26,67,0,1,1,1,0,19,0,0,1,100,63,1,2,2,75.3,Medium Risk
S00507,26,88,2,1,1,1,1,28,3,4,1,98,62,1,1,2,80.6,Low Risk
S00508,26,88,2,1,1,1,1,19,1,9,0,55,50,1,2,3,62.9,Low Risk
S00509,26,88,2,1,1,1,1,28,2,4,1,54,54,1,2,3,64.19999999999999,Low Risk
S00510,26,88,0,0,0,1,1,28,3,4,1,98,62,1,1,2,80.6,Low Risk
S00511,26,88,0,0,0,1,1,19,1,9,0,55,50,1,2,3,62.9,Low Risk
S00512,26,88,0,0,0,1,1,28,2,4,1,54,54,1,2,3,64.19999999999999,Low Risk
S00513,26,88,2,0,1,1,1,28,3,4,1,98,62,1,1,2,80.6,Low Risk
S00514,26,88,2,0,1,1,1,19,1,9,0,55,50,1,2,3,62.9,Low Risk
S00515,26,88,2,0,1,1,1,28,2,4,1,54,54,1,2,3,64.19999999999999,Low Risk
S00516,26,88,1,1,1,1,1,28,3,4,1,98,62,1,1,2,80.6,Low Risk
S00517,26,88,1,1,1,1,1,19,1,9,0,55,50,1,2,3,62.9,Low Risk
S00518,26,88,1,1,1,1,1,28,2,4,1,54,54,1,2,3,64.19999999999999,Low Risk
S00519,15,83,2,0,0,0,0,20,1,5,0,50,93,1,1,0,77.1,Low Risk
S00520,15,83,2,0,0,0,0,22,2,9,1,69,64,1,1,2,71.19999999999999,Low Risk
S00521,15,83,0,1,1,1,0,20,1,5,0,50,93,1,1,0,77.1,Low Risk
S00522,15,83,0,1,1,1,0,22,2,9,1,69,64,1,1,2,71.19999999999999,Low Risk
S00523,15,83,1,0,1,1,0,20,1,5,0,50,93,1,1,0,77.1,Low Risk
S00524,15,83,1,0,1,1,0,22,2,9,1,69,64,1,1,2,71.19999999999999,Low Risk
S00525,15,83,2,1,1,1,0,20,1,5,0,50,93,1,1,0,77.1,Low Risk
S00526,15,83,2,1,1,1,0,22,2,9,1,69,64,1,1,2,71.19999999999999,Low Risk
S00527,15,83,2,0,0,1,0,20,1,5,0,50,93,1,1,0,77.1,Low Risk
S00528,15,83,2,0,0,1,0,22,2,9,1,69,64,1,1,2,71.19999999999999,Low Risk
S00529,15,83,0,1,0,1,0,20,1,5,0,50,93,1,1,0,77.1,Low Risk
S00530,15,83,0,1,0,1,0,22,2,9,1,69,64,1,1,2,71.19999999999999,Low Risk
S00531,22,65,0,0,1,1,0,24,0,11,1,79,42,1,2,3,60.0,Medium Risk
S00532,22,65,2,1,1,1,0,24,0,11,1,79,42,1,2,3,60.0,Medium Risk
S00533,22,65,1,1,0,1,0,24,0,11,1,79,42,1,2,3,60.0,Medium Risk
S00534,22,65,1,0,0,1,0,24,0,11,1,79,42,1,2,3,60.0,Medium Risk
S00535,22,65,1,1,2,1,0,24,0,11,1,79,42,1,2,3,60.0,Medium Risk
S00536,22,65,0,0,1,1,0,24,0,11,1,79,42,1,2,3,60.0,Medium Risk
S00537,22,65,1,0,2,1,0,24,0,11,1,79,42,1,2,3,60.0,Medium Risk
S00538,26,91,0,1,1,1,1,21,0,5,1,95,69,0,1,2,83.4,Low Risk
S00539,26,91,0,1,1,1,1,23,3,18,0,54,88,0,2,0,78.7,Low Risk
S00540,26,91,0,1,1,1,1,22,3,17,1,80,89,1,2,0,86.9,Low Risk
S00541,26,91,1,1,0,1,1,21,0,5,1,95,69,0,1,2,83.4,Low Risk
S00542,26,91,1,1,0,1,1,23,3,18,0,54,88,0,2,0,78.7,Low Risk
S00543,26,91,1,1,0,1,1,22,3,17,1,80,89,1,2,0,86.9,Low Risk
S00544,26,91,1,1,0,1,1,21,0,5,1,95,69,0,1,2,83.4,Low Risk
S00545,26,91,1,1,0,1,1,23,3,18,0,54,88,0,2,0,78.7,Low Risk
S00546,26,91,1,1,0,1,1,22,3,17,1,80,89,1,2,0,86.9,Low Risk
S00547,26,91,1,0,0,1,1,21,0,5,1,95,69,0,1,2,83.4,Low Risk
S00548,26,91,1,0,0,1,1,23,3,18,0,54,88,0,2,0,78.7,Low Risk
S00549,26,91,1,0,0,1,1,22,3,17,1,80,89,1,2,0,86.9,Low Risk
S00550,17,87,1,0,1,1,0,26,0,3,0,66,45,1,0,3,63.89999999999999,Medium Risk
S00551,17,87,1,0,1,1,0,24,2,18,0,86,90,1,0,0,87.89999999999999,Low Risk
S00552,17,87,1,1,1,1,0,26,0,3,0,66,45,1,0,3,63.89999999999999,Medium Risk
S00553,17,87,1,1,1,1,0,24,2,18,0,86,90,1,0,0,87.89999999999999,Low Risk
S00554,17,87,1,1,2,1,0,26,0,3,0,66,45,1,0,3,63.89999999999999,Medium Risk
S00555,17,87,1,1,2,1,0,24,2,18,0,86,90,1,0,0,87.89999999999999,Low Risk
S00556,17,87,2,1,1,1,0,26,0,3,0,66,45,1,0,3,63.89999999999999,Medium Risk
S00557,17,87,2,1,1,1,0,24,2,18,0,86,90,1,0,0,87.89999999999999,Low Risk
S00558,17,87,2,1,0,1,0,26,0,3,0,66,45,1,0,3,63.89999999999999,Medium Risk
S00559,17,87,2,1,0,1,0,24,2,18,0,86,90,1,0,0,87.89999999999999,Low Risk
S00560,17,87,0,1,1,1,0,26,0,3,0,66,45,1,0,3,63.89999999999999,Medium Risk
S00561,17,87,0,1,1,1,0,24,2,18,0,86,90,1,0,0,87.89999999999999,Low Risk
S00562,17,87,1,1,0,1,0,26,0,3,0,66,45,1,0,3,63.89999999999999,Medium Risk
S00563,17,87,1,1,0,1,0,24,2,18,0,86,90,1,0,0,87.89999999999999,Low Risk
S00564,17,87,1,1,1,1,0,26,0,3,0,66,45,1,0,3,63.89999999999999,Medium Risk
S00565,17,87,1,1,1,1,0,24,2,18,0,86,90,1,0,0,87.89999999999999,Low Risk
S00566,19,65,1,1,0,1,1,21,0,16,1,60,46,1,2,3,55.900000000000006,Medium Risk
S00567,19,65,2,1,1,1,1,21,0,16,1,60,46,1,2,3,55.900000000000006,Medium Risk
S00568,19,65,0,1,1,1,1,21,0,16,1,60,46,1,2,3,55.900000000000006,Medium Risk
S00569,19,65,2,1,0,1,1,21,0,16,1,60,46,1,2,3,55.900000000000006,Medium Risk
S00570,19,65,1,0,0,1,1,21,0,16,1,60,46,1,2,3,55.900000000000006,Medium Risk
S00571,19,65,1,0,1,1,1,21,0,16,1,60,46,1,2,3,55.900000000000006,Medium Risk
S00572,19,65,1,1,0,1,1,21,0,16,1,60,46,1,2,3,55.900000000000006,Medium Risk
S00573,19,65,0,0,1,1,1,21,0,16,1,60,46,1,2,3,55.900000000000006,Medium Risk
S00574,19,65,1,1,1,1,1,21,0,16,1,60,46,1,2,3,55.900000000000006,Medium Risk
S00575,13,88,2,1,2,1,1,29,1,14,1,84,88,1,0,0,86.80000000000001,Low Risk
S00576,13,88,2,1,2,1,1,24,1,6,1,79,47,0,2,3,68.9,Medium Risk
S00577,13,88,1,1,1,1,1,29,1,14,1,84,88,1,0,0,86.80000000000001,Low Risk
S00578,13,88,1,1,1,1,1,24,1,6,1,79,47,0,2,3,68.9,Medium Risk
S00579,13,78,2,1,2,1,1,24,3,2,1,96,50,0,2,3,72.19999999999999,Low Risk
S00580,13,78,2,1,2,1,1,25,3,16,0,62,42,0,2,3,58.8,Medium Risk
S00581,13,78,2,1,2,1,1,21,3,0,1,63,54,0,2,3,63.9,Low Risk
S00582,13,78,2,1,2,1,1,18,1,17,1,100,71,1,1,1,81.80000000000001,Low Risk
S00583,13,78,2,1,2,1,1,24,3,2,1,96,50,0,2,3,72.19999999999999,Low Risk
S00584,13,78,2,1,2,1,1,25,3,16,0,62,42,0,2,3,58.8,Medium Risk
S00585,13,78,2,1,2,1,1,21,3,0,1,63,54,0,2,3,63.9,Low Risk
S00586,13,78,2,1,2,1,1,18,1,17,1,100,71,1,1,1,81.80000000000001,Low Risk
S00587,13,78,1,1,1,1,1,24,3,2,1,96,50,0,2,3,72.19999999999999,Low Risk
S00588,13,78,1,1,1,1,1,25,3,16,0,62,42,0,2,3,58.8,Medium Risk
S00589,13,78,1,1,1,1,1,21,3,0,1,63,54,0,2,3,63.9,Low Risk
S00590,13,78,1,1,1,1,1,18,1,17,1,100,71,1,1,1,81.80000000000001,Low Risk
S00591,13,78,0,1,0,1,1,24,3,2,1,96,50,0,2,3,72.19999999999999,Low Risk
S00592,13,78,0,1,0,1,1,25,3,16,0,62,42,0,2,3,58.8,Medium Risk
S00593,13,78,0,1,0,1,1,21,3,0,1,63,54,0,2,3,63.9,Low Risk
S00594,13,78,0,1,0,1,1,18,1,17,1,100,71,1,1,1,81.80000000000001,Low Risk
S00595,28,66,2,1,1,1,1,27,3,7,0,79,97,1,2,0,82.3,Medium Risk
S00596,28,66,2,1,1,1,1,20,3,14,1,63,91,1,1,0,75.1,Medium Risk
S00597,28,66,2,1,1,1,1,22,2,5,0,85,41,1,1,3,61.7,Medium Risk
S00598,28,66,1,1,1,1,1,27,3,7,0,79,97,1,2,0,82.3,Medium Risk
S00599,28,66,1,1,1,1,1,20,3,14,1,63,91,1,1,0,75.1,Medium Risk
S00600,28,66,1,1,1,1,1,22,2,5,0,85,41,1,1,3,61.7,Medium Risk
S00601,28,66,1,0,0,1,1,27,3,7,0,79,97,1,2,0,82.3,Medium Risk
S00602,28,66,1,0,0,1,1,20,3,14,1,63,91,1,1,0,75.1,Medium Risk
S00603,28,66,1,0,0,1,1,22,2,5,0,85,41,1,1,3,61.7,Medium Risk
S00604,20,86,1,1,1,1,1,24,3,8,1,89,53,0,1,3,73.7,Low Risk
S00605,20,86,0,1,1,1,1,24,3,8,1,89,53,0,1,3,73.7,Low Risk
S00606,20,86,1,1,2,1,1,24,3,8,1,89,53,0,1,3,73.7,Low Risk
S00607,20,86,2,0,1,1,1,24,3,8,1,89,53,0,1,3,73.7,Low Risk
S00608,20,86,2,0,1,1,1,24,3,8,1,89,53,0,1,3,73.7,Low Risk
S00609,20,86,1,0,0,1,1,24,3,8,1,89,53,0,1,3,73.7,Low Risk
S00610,20,86,1,1,0,1,1,24,3,8,1,89,53,0,1,3,73.7,Low Risk
S00611,20,86,1,0,1,1,1,24,3,8,1,89,53,0,1,3,73.7,Low Risk
S00612,26,75,2,1,2,1,1,28,2,18,1,66,86,1,2,0,76.7,Low Risk
S00613,26,75,1,0,0,1,1,28,2,18,1,66,86,1,2,0,76.7,Low Risk
S00614,26,75,1,0,1,1,1,28,2,18,1,66,86,1,2,0,76.7,Low Risk
S00615,26,75,1,1,1,1,1,28,2,18,1,66,86,1,2,0,76.7,Low Risk
S00616,26,75,0,1,1,1,1,28,2,18,1,66,86,1,2,0,76.7,Low Risk
S00617,26,75,2,0,1,1,1,28,2,18,1,66,86,1,2,0,76.7,Low Risk
S00618,26,75,0,1,1,1,1,28,2,18,1,66,86,1,2,0,76.7,Low Risk
S00619,22,98,2,0,0,0,0,19,1,20,0,52,75,0,2,1,75.0,Low Risk
S00620,22,98,2,0,0,0,0,29,0,16,1,58,66,1,2,2,73.19999999999999,Low Risk
S00621,22,98,0,1,1,0,0,19,1,20,0,52,75,0,2,1,75.0,Low Risk
S00622,22,98,0,1,1,0,0,29,0,16,1,58,66,1,2,2,73.19999999999999,Low Risk
S00623,22,98,0,1,1,1,0,19,1,20,0,52,75,0,2,1,75.0,Low Risk
S00624,22,98,0,1,1,1,0,29,0,16,1,58,66,1,2,2,73.19999999999999,Low Risk
S00625,22,98,1,0,0,1,0,19,1,20,0,52,75,0,2,1,75.0,Low Risk
S00626,22,98,1,0,0,1,0,29,0,16,1,58,66,1,2,2,73.19999999999999,Low Risk
S00627,22,98,1,1,1,1,0,19,1,20,0,52,75,0,2,1,75.0,Low Risk
S00628,22,98,1,1,1,1,0,29,0,16,1,58,66,1,2,2,73.19999999999999,Low Risk
S00629,22,98,1,1,0,1,0,19,1,20,0,52,75,0,2,1,75.0,Low Risk
S00630,22,98,1,1,0,1,0,29,0,16,1,58,66,1,2,2,73.19999999999999,Low Risk
S00631,22,98,0,0,1,1,0,19,1,20,0,52,75,0,2,1,75.0,Low Risk
S00632,22,98,0,0,1,1,0,29,0,16,1,58,66,1,2,2,73.19999999999999,Low Risk
S00633,22,98,1,0,2,1,0,19,1,20,0,52,75,0,2,1,75.0,Low Risk
S00634,22,98,1,0,2,1,0,29,0,16,1,58,66,1,2,2,73.19999999999999,Low Risk
S00635,16,73,1,0,1,1,1,24,1,20,1,68,69,0,1,2,69.9,Medium Risk
S00636,16,73,0,1,1,1,1,24,1,20,1,68,69,0,1,2,69.9,Medium Risk
S00637,16,73,1,1,0,1,1,24,1,20,1,68,69,0,1,2,69.9,Medium Risk
S00638,16,73,1,1,0,1,1,24,1,20,1,68,69,0,1,2,69.9,Medium Risk
S00639,16,73,1,1,1,1,1,24,1,20,1,68,69,0,1,2,69.9,Medium Risk
S00640,16,73,2,1,1,1,1,24,1,20,1,68,69,0,1,2,69.9,Medium Risk
S00641,16,73,2,1,0,1,1,24,1,20,1,68,69,0,1,2,69.9,Medium Risk
S00642,29,96,0,1,1,1,1,28,1,5,1,90,59,0,0,2,79.4,Low Risk
S00643,29,96,0,1,1,1,1,19,3,1,1,72,90,0,1,0,86.39999999999999,Low Risk
S00644,29,96,0,1,1,1,1,20,2,20,1,50,84,0,2,1,77.4,Low Risk
S00645,29,96,2,1,0,1,1,28,1,5,1,90,59,0,0,2,79.4,Low Risk
S00646,29,96,2,1,0,1,1,19,3,1,1,72,90,0,1,0,86.39999999999999,Low Risk
S00647,29,96,2,1,0,1,1,20,2,20,1,50,84,0,2,1,77.4,Low Risk
S00648,29,96,2,0,2,0,1,28,1,5,1,90,59,0,0,2,79.4,Low Risk
S00649,29,96,2,0,2,0,1,19,3,1,1,72,90,0,1,0,86.39999999999999,Low Risk
S00650,29,96,2,0,2,0,1,20,2,20,1,50,84,0,2,1,77.4,Low Risk
S00651,29,96,1,0,0,1,1,28,1,5,1,90,59,0,0,2,79.4,Low Risk
S00652,29,96,1,0,0,1,1,19,3,1,1,72,90,0,1,0,86.39999999999999,Low Risk
S00653,29,96,1,0,0,1,1,20,2,20,1,50,84,0,2,1,77.4,Low Risk
S00654,20,71,1,1,1,1,0,25,2,14,0,68,81,1,0,1,74.1,Medium Risk
S00655,20,71,1,1,1,1,0,25,2,14,0,68,81,1,0,1,74.1,Medium Risk
S00656,20,71,1,0,2,1,0,25,2,14,0,68,81,1,0,1,74.1,Medium Risk
S00657,20,71,1,1,1,0,0,25,2,14,0,68,81,1,0,1,74.1,Medium Risk
S00658,20,71,1,0,1,1,0,25,2,14,0,68,81,1,0,1,74.1,Medium Risk
S00659,29,92,1,0,1,1,0,26,2,19,1,96,60,1,2,2,80.39999999999999,Low Risk
S00660,29,92,1,0,1,1,0,24,2,8,1,72,89,1,1,0,84.8,Low Risk
S00661,29,92,1,1,0,1,0,26,2,19,1,96,60,1,2,2,80.39999999999999,Low Risk
S00662,29,92,1,1,0,1,0,24,2,8,1,72,89,1,1,0,84.8,Low Risk
S00663,25,70,1,0,1,1,0,23,0,19,1,65,75,1,2,1,70.5,Medium Risk
S00664,25,70,1,0,1,1,0,24,0,7,1,75,78,0,0,1,74.7,Medium Risk
S00665,25,70,1,1,0,0,0,23,0,19,1,65,75,1,2,1,70.5,Medium Risk
S00666,25,70,1,1,0,0,0,24,0,7,1,75,78,0,0,1,74.7,Medium Risk
S00667,25,70,1,0,1,1,0,23,0,19,1,65,75,1,2,1,70.5,Medium Risk
S00668,25,70,1,0,1,1,0,24,0,7,1,75,78,0,0,1,74.7,Medium Risk
S00669,25,70,1,0,0,1,0,23,0,19,1,65,75,1,2,1,70.5,Medium Risk
S00670,25,70,1,0,0,1,0,24,0,7,1,75,78,0,0,1,74.7,Medium Risk
S00671,25,70,0,0,1,0,0,23,0,19,1,65,75,1,2,1,70.5,Medium Risk
S00672,25,70,0,0,1,0,0,24,0,7,1,75,78,0,0,1,74.7,Medium Risk
S00673,21,77,1,1,1,1,1,23,3,20,1,73,47,0,2,3,63.8,Medium Risk
S00674,21,77,1,1,1,1,1,18,0,1,1,97,50,1,2,3,72.19999999999999,Low Risk
S00675,21,77,0,1,1,1,1,23,3,20,1,73,47,0,2,3,63.8,Medium Risk
S00676,21,77,0,1,1,1,1,18,0,1,1,97,50,1,2,3,72.19999999999999,Low Risk
S00677,21,77,2,1,0,0,1,23,3,20,1,73,47,0,2,3,63.8,Medium Risk
S00678,21,77,2,1,0,0,1,18,0,1,1,97,50,1,2,3,72.19999999999999,Low Risk
S00679,21,77,1,0,2,1,1,23,3,20,1,73,47,0,2,3,63.8,Medium Risk
S00680,21,77,1,0,2,1,1,18,0,1,1,97,50,1,2,3,72.19999999999999,Low Risk
S00681,21,77,0,1,1,1,1,23,3,20,1,73,47,0,2,3,63.8,Medium Risk
S00682,21,77,0,1,1,1,1,18,0,1,1,97,50,1,2,3,72.19999999999999,Low Risk
S00683,21,77,0,1,0,1,1,23,3,20,1,73,47,0,2,3,63.8,Medium Risk
S00684,21,77,0,1,0,1,1,18,0,1,1,97,50,1,2,3,72.19999999999999,Low Risk
S00685,21,77,1,0,0,1,1,23,3,20,1,73,47,0,2,3,63.8,Medium Risk
S00686,21,77,1,0,0,1,1,18,0,1,1,97,50,1,2,3,72.19999999999999,Low Risk
S00687,21,77,0,1,1,1,1,23,3,20,1,73,47,0,2,3,63.8,Medium Risk
S00688,21,77,0,1,1,1,1,18,0,1,1,97,50,1,2,3,72.19999999999999,Low Risk
S00689,21,77,1,1,1,1,1,23,3,20,1,73,47,0,2,3,63.8,Medium Risk
S00690,21,77,1,1,1,1,1,18,0,1,1,97,50,1,2,3,72.19999999999999,Low Risk
S00691,18,81,0,1,1,1,0,25,2,2,1,65,87,1,0,0,78.60000000000001,Low Risk
S00692,18,81,0,1,1,1,0,23,0,3,0,95,77,1,2,1,83.6,Low Risk
S00693,18,81,0,1,2,1,0,25,2,2,1,65,87,1,0,0,78.60000000000001,Low Risk
S00694,18,81,0,1,2,1,0,23,0,3,0,95,77,1,2,1,83.6,Low Risk
S00695,18,81,1,1,0,1,0,25,2,2,1,65,87,1,0,0,78.60000000000001,Low Risk
S00696,18,81,1,1,0,1,0,23,0,3,0,95,77,1,2,1,83.6,Low Risk
S00697,18,81,1,1,1,1,0,25,2,2,1,65,87,1,0,0,78.60000000000001,Low Risk
S00698,18,81,1,1,1,1,0,23,0,3,0,95,77,1,2,1,83.6,Low Risk
S00699,8,61,1,1,1,1,1,25,3,8,1,70,73,0,2,1,68.5,Medium Risk
S00700,8,61,1,1,1,1,1,27,3,11,0,92,84,0,0,1,79.5,Medium Risk
S00701,19,69,2,1,2,1,1,18,0,1,0,71,96,0,0,0,80.4,Medium Risk
S00702,19,69,2,1,2,1,1,28,1,2,0,68,84,0,2,1,74.7,Medium Risk
S00703,19,69,1,1,2,1,1,18,0,1,0,71,96,0,0,0,80.4,Medium Risk
S00704,19,69,1,1,2,1,1,28,1,2,0,68,84,0,2,1,74.7,Medium Risk
S00705,19,69,1,1,1,0,1,18,0,1,0,71,96,0,0,0,80.4,Medium Risk
S00706,19,69,1,1,1,0,1,28,1,2,0,68,84,0,2,1,74.7,Medium Risk
S00707,19,69,1,1,1,1,1,18,0,1,0,71,96,0,0,0,80.4,Medium Risk
S00708,19,69,1,1,1,1,1,28,1,2,0,68,84,0,2,1,74.7,Medium Risk
S00709,19,69,1,1,1,1,1,18,0,1,0,71,96,0,0,0,80.4,Medium Risk
S00710,19,69,1,1,1,1,1,28,1,2,0,68,84,0,2,1,74.7,Medium Risk
S00711,19,69,1,1,1,1,1,18,0,1,0,71,96,0,0,0,80.4,Medium Risk
S00712,19,69,1,1,1,1,1,28,1,2,0,68,84,0,2,1,74.7,Medium Risk
S00713,19,69,1,1,0,0,1,18,0,1,0,71,96,0,0,0,80.4,Medium Risk
S00714,19,69,1,1,0,0,1,28,1,2,0,68,84,0,2,1,74.7,Medium Risk
S00715,19,69,0,0,1,1,1,18,0,1,0,71,96,0,0,0,80.4,Medium Risk
S00716,19,69,0,0,1,1,1,28,1,2,0,68,84,0,2,1,74.7,Medium Risk
S00717,29,78,2,1,0,1,1,22,1,12,0,65,71,1,2,1,71.30000000000001,Low Risk
S00718,29,78,1,0,1,1,1,22,1,12,0,65,71,1,2,1,71.30000000000001,Low Risk
S00719,29,78,1,1,2,1,1,22,1,12,0,65,71,1,2,1,71.30000000000001,Low Risk
S00720,29,78,1,1,1,1,1,22,1,12,0,65,71,1,2,1,71.30000000000001,Low Risk
S00721,17,67,1,1,2,1,0,29,1,9,0,52,69,0,0,2,63.3,Medium Risk
S00722,17,67,1,1,2,1,0,28,2,18,1,78,70,1,0,1,71.5,Medium Risk
S00723,17,67,2,1,1,1,0,29,1,9,0,52,69,0,0,2,63.3,Medium Risk
S00724,17,67,2,1,1,1,0,28,2,18,1,78,70,1,0,1,71.5,Medium Risk
S00725,17,67,1,1,1,1,0,29,1,9,0,52,69,0,0,2,63.3,Medium Risk
S00726,17,67,1,1,1,1,0,28,2,18,1,78,70,1,0,1,71.5,Medium Risk
S00727,17,67,1,1,1,1,0,29,1,9,0,52,69,0,0,2,63.3,Medium Risk
S00728,17,67,1,1,1,1,0,28,2,18,1,78,70,1,0,1,71.5,Medium Risk
S00729,17,67,1,0,1,1,0,29,1,9,0,52,69,0,0,2,63.3,Medium Risk
S00730,17,67,1,0,1,1,0,28,2,18,1,78,70,1,0,1,71.5,Medium Risk
S00731,17,67,1,0,1,1,0,29,1,9,0,52,69,0,0,2,63.3,Medium Risk
S00732,17,67,1,0,1,1,0,28,2,18,1,78,70,1,0,1,71.5,Medium Risk
S00733,17,67,1,0,1,1,0,29,1,9,0,52,69,0,0,2,63.3,Medium Risk
S00734,17,67,1,0,1,1,0,28,2,18,1,78,70,1,0,1,71.5,Medium Risk
S00735,17,67,1,1,2,1,0,29,1,9,0,52,69,0,0,2,63.3,Medium Risk
S00736,17,67,1,1,2,1,0,28,2,18,1,78,70,1,0,1,71.5,Medium Risk
S00737,17,67,0,1,1,1,0,29,1,9,0,52,69,0,0,2,63.3,Medium Risk
S00738,17,67,0,1,1,1,0,28,2,18,1,78,70,1,0,1,71.5,Medium Risk
S00739,15,95,1,0,1,1,1,20,0,12,0,64,64,0,2,2,73.3,Low Risk
S00740,15,95,1,0,1,1,1,22,1,6,1,79,41,0,0,3,68.6,Medium Risk
S00741,15,95,1,0,1,1,1,20,2,16,1,80,53,1,1,3,73.7,Low Risk
S00742,15,95,0,1,0,1,1,20,0,12,0,64,64,0,2,2,73.3,Low Risk
S00743,15,95,0,1,0,1,1,22,1,6,1,79,41,0,0,3,68.6,Medium Risk
S00744,15,95,0,1,0,1,1,20,2,16,1,80,53,1,1,3,73.7,Low Risk
S00745,15,95,1,1,0,1,1,20,0,12,0,64,64,0,2,2,73.3,Low Risk
S00746,15,95,1,1,0,1,1,22,1,6,1,79,41,0,0,3,68.6,Medium Risk
S00747,15,95,1,1,0,1,1,20,2,16,1,80,53,1,1,3,73.7,Low Risk
S00748,15,95,1,0,1,0,1,20,0,12,0,64,64,0,2,2,73.3,Low Risk
S00749,15,95,1,0,1,0,1,22,1,6,1,79,41,0,0,3,68.6,Medium Risk
S00750,15,95,1,0,1,0,1,20,2,16,1,80,53,1,1,3,73.7,Low Risk
S00751,15,95,2,1,1,1,1,20,0,12,0,64,64,0,2,2,73.3,Low Risk
S00752,15,95,2,1,1,1,1,22,1,6,1,79,41,0,0,3,68.6,Medium Risk
S00753,15,95,2,1,1,1,1,20,2,16,1,80,53,1,1,3,73.7,Low Risk
S00754,17,88,2,1,0,1,1,20,0,7,0,95,66,0,1,2,81.30000000000001,Low Risk
S00755,17,88,2,1,0,1,1,26,1,15,1,64,79,1,0,1,77.19999999999999,Low Risk
S00756,17,88,2,1,0,1,1,29,1,16,1,69,46,1,2,3,65.5,Medium Risk
S00757,17,88,2,1,0,1,1,24,2,15,1,53,61,0,1,2,66.69999999999999,Low Risk
S00758,17,88,1,1,1,1,1,20,0,7,0,95,66,0,1,2,81.30000000000001,Low Risk
S00759,17,88,1,1,1,1,1,26,1,15,1,64,79,1,0,1,77.19999999999999,Low Risk
S00760,17,88,1,1,1,1,1,29,1,16,1,69,46,1,2,3,65.5,Medium Risk
S00761,17,88,1,1,1,1,1,24,2,15,1,53,61,0,1,2,66.69999999999999,Low Risk
S00762,17,88,0,0,1,0,1,20,0,7,0,95,66,0,1,2,81.30000000000001,Low Risk
S00763,17,88,0,0,1,0,1,26,1,15,1,64,79,1,0,1,77.19999999999999,Low Risk
S00764,17,88,0,0,1,0,1,29,1,16,1,69,46,1,2,3,65.5,Medium Risk
S00765,17,88,0,0,1,0,1,24,2,15,1,53,61,0,1,2,66.69999999999999,Low Risk
S00766,17,88,2,1,1,0,1,20,0,7,0,95,66,0,1,2,81.30000000000001,Low Risk
S00767,17,88,2,1,1,0,1,26,1,15,1,64,79,1,0,1,77.19999999999999,Low Risk
S00768,17,88,2,1,1,0,1,29,1,16,1,69,46,1,2,3,65.5,Medium Risk
S00769,17,88,2,1,1,0,1,24,2,15,1,53,61,0,1,2,66.69999999999999,Low Risk
S00770,25,63,2,1,1,1,1,20,3,18,0,82,82,1,2,1,76.30000000000001,Medium Risk
S00771,25,63,2,1,1,1,1,23,3,15,1,79,55,1,2,2,64.6,Medium Risk
S00772,25,63,2,1,1,1,1,20,0,1,1,55,45,1,0,3,53.4,Medium Risk
S00773,25,63,1,1,1,1,1,20,3,18,0,82,82,1,2,1,76.30000000000001,Medium Risk
S00774,25,63,1,1,1,1,1,23,3,15,1,79,55,1,2,2,64.6,Medium Risk
S00775,25,63,1,1,1,1,1,20,0,1,1,55,45,1,0,3,53.4,Medium Risk
S00776,25,63,1,1,1,1,1,20,3,18,0,82,82,1,2,1,76.30000000000001,Medium Risk
S00777,25,63,1,1,1,1,1,23,3,15,1,79,55,1,2,2,64.6,Medium Risk
S00778,25,63,1,1,1,1,1,20,0,1,1,55,45,1,0,3,53.4,Medium Risk
S00779,25,63,0,0,2,1,1,20,3,18,0,82,82,1,2,1,76.30000000000001,Medium Risk
S00780,25,63,0,0,2,1,1,23,3,15,1,79,55,1,2,2,64.6,Medium Risk
S00781,25,63,0,0,2,1,1,20,0,1,1,55,45,1,0,3,53.4,Medium Risk
S00782,17,86,2,0,2,1,1,19,0,12,0,92,97,1,1,0,92.2,Low Risk
S00783,17,86,2,0,2,1,1,26,1,0,0,54,95,1,1,0,80.0,Low Risk
S00784,17,86,2,0,2,1,1,24,3,20,1,88,73,1,2,1,81.4,Low Risk
S00785,17,86,0,0,0,0,1,19,0,12,0,92,97,1,1,0,92.2,Low Risk
S00786,17,86,0,0,0,0,1,26,1,0,0,54,95,1,1,0,80.0,Low Risk
S00787,17,86,0,0,0,0,1,24,3,20,1,88,73,1,2,1,81.4,Low Risk
S00788,17,86,1,1,0,1,1,19,0,12,0,92,97,1,1,0,92.2,Low Risk
S00789,17,86,1,1,0,1,1,26,1,0,0,54,95,1,1,0,80.0,Low Risk
S00790,17,86,1,1,0,1,1,24,3,20,1,88,73,1,2,1,81.4,Low Risk
S00791,17,86,1,0,1,0,1,19,0,12,0,92,97,1,1,0,92.2,Low Risk
S00792,17,86,1,0,1,0,1,26,1,0,0,54,95,1,1,0,80.0,Low Risk
S00793,17,86,1,0,1,0,1,24,3,20,1,88,73,1,2,1,81.4,Low Risk
S00794,17,86,1,1,1,1,1,19,0,12,0,92,97,1,1,0,92.2,Low Risk
S00795,17,86,1,1,1,1,1,26,1,0,0,54,95,1,1,0,80.0,Low Risk
S00796,17,86,1,1,1,1,1,24,3,20,1,88,73,1,2,1,81.4,Low Risk
S00797,17,86,2,1,1,1,1,19,0,12,0,92,97,1,1,0,92.2,Low Risk
S00798,17,86,2,1,1,1,1,26,1,0,0,54,95,1,1,0,80.0,Low Risk
S00799,17,86,2,1,1,1,1,24,3,20,1,88,73,1,2,1,81.4,Low Risk
S00800,17,86,2,1,1,1,1,19,0,12,0,92,97,1,1,0,92.2,Low Risk
S00801,17,86,2,1,1,1,1,26,1,0,0,54,95,1,1,0,80.0,Low Risk
S00802,17,86,2,1,1,1,1,24,3,20,1,88,73,1,2,1,81.4,Low Risk
S00803,17,86,2,0,1,1,1,19,0,12,0,92,97,1,1,0,92.2,Low Risk
S00804,17,86,2,0,1,1,1,26,1,0,0,54,95,1,1,0,80.0,Low Risk
S00805,17,86,2,0,1,1,1,24,3,20,1,88,73,1,2,1,81.4,Low Risk
S00806,23,98,0,1,0,1,0,28,3,2,0,76,89,0,0,0,87.80000000000001,Low Risk
S00807,23,98,0,1,0,1,0,22,0,1,0,99,84,1,0,1,92.69999999999999,Low Risk
S00808,23,98,0,1,0,1,0,20,2,19,1,59,46,0,2,3,65.5,Medium Risk
S00809,23,98,1,0,2,1,0,28,3,2,0,76,89,0,0,0,87.80000000000001,Low Risk
S00810,23,98,1,0,2,1,0,22,0,1,0,99,84,1,0,1,92.69999999999999,Low Risk
S00811,23,98,1,0,2,1,0,20,2,19,1,59,46,0,2,3,65.5,Medium Risk
S00812,23,98,2,1,1,1,0,28,3,2,0,76,89,0,0,0,87.80000000000001,Low Risk
S00813,23,98,2,1,1,1,0,22,0,1,0,99,84,1,0,1,92.69999999999999,Low Risk
S00814,23,98,2,1,1,1,0,20,2,19,1,59,46,0,2,3,65.5,Medium Risk
S00815,23,98,2,1,0,1,0,28,3,2,0,76,89,0,0,0,87.80000000000001,Low Risk
S00816,23,98,2,1,0,1,0,22,0,1,0,99,84,1,0,1,92.69999999999999,Low Risk
S00817,23,98,2,1,0,1,0,20,2,19,1,59,46,0,2,3,65.5,Medium Risk
S00818,26,70,0,1,1,1,0,28,0,18,0,77,54,0,2,3,65.7,Medium Risk
S00819,26,70,0,1,1,1,0,22,1,14,1,89,92,0,0,0,84.5,Medium Risk
S00820,26,70,0,1,1,1,0,19,1,20,1,73,43,1,2,3,60.099999999999994,Medium Risk
S00821,26,70,2,1,1,1,0,28,0,18,0,77,54,0,2,3,65.7,Medium Risk
S00822,26,70,2,1,1,1,0,22,1,14,1,89,92,0,0,0,84.5,Medium Risk
S00823,26,70,2,1,1,1,0,19,1,20,1,73,43,1,2,3,60.099999999999994,Medium Risk
S00824,16,97,1,1,0,1,1,20,3,6,1,74,85,1,2,0,85.3,Low Risk
S00825,16,97,1,1,0,1,1,26,2,19,1,71,99,1,2,0,90.0,Low Risk
S00826,16,97,1,1,0,1,1,21,3,3,0,74,94,1,2,0,88.89999999999999,Low Risk
S00827,16,97,1,1,0,1,1,21,0,4,1,60,54,0,1,3,68.7,Low Risk
S00828,16,97,1,1,0,1,1,20,3,6,1,74,85,1,2,0,85.3,Low Risk
S00829,16,97,1,1,0,1,1,26,2,19,1,71,99,1,2,0,90.0,Low Risk
S00830,16,97,1,1,0,1,1,21,3,3,0,74,94,1,2,0,88.89999999999999,Low Risk
S00831,16,97,1,1,0,1,1,21,0,4,1,60,54,0,1,3,68.7,Low Risk
S00832,16,97,0,1,1,1,1,20,3,6,1,74,85,1,2,0,85.3,Low Risk
S00833,16,97,0,1,1,1,1,26,2,19,1,71,99,1,2,0,90.0,Low Risk
S00834,16,97,0,1,1,1,1,21,3,3,0,74,94,1,2,0,88.89999999999999,Low Risk
S00835,16,97,0,1,1,1,1,21,0,4,1,60,54,0,1,3,68.7,Low Risk
S00836,16,97,0,1,2,1,1,20,3,6,1,74,85,1,2,0,85.3,Low Risk
S00837,16,97,0,1,2,1,1,26,2,19,1,71,99,1,2,0,90.0,Low Risk
S00838,16,97,0,1,2,1,1,21,3,3,0,74,94,1,2,0,88.89999999999999,Low Risk
S00839,16,97,0,1,2,1,1,21,0,4,1,60,54,0,1,3,68.7,Low Risk
S00840,18,89,1,1,1,1,0,28,3,5,1,81,68,1,0,2,78.2,Low Risk
S00841,18,89,1,1,1,1,0,25,1,8,1,99,94,1,1,0,94.0,Low Risk
S00842,18,89,1,1,1,1,0,29,0,0,0,80,40,0,1,3,66.7,Medium Risk
S00843,18,89,1,1,1,1,0,23,3,10,1,84,58,0,2,2,75.10000000000001,Low Risk
S00844,18,89,1,1,1,1,0,28,3,19,0,63,74,0,2,1,75.2,Low Risk
S00845,18,89,2,1,0,1,0,28,3,5,1,81,68,1,0,2,78.2,Low Risk
S00846,18,89,2,1,0,1,0,25,1,8,1,99,94,1,1,0,94.0,Low Risk
S00847,18,89,2,1,0,1,0,29,0,0,0,80,40,0,1,3,66.7,Medium Risk
S00848,18,89,2,1,0,1,0,23,3,10,1,84,58,0,2,2,75.10000000000001,Low Risk
S00849,18,89,2,1,0,1,0,28,3,19,0,63,74,0,2,1,75.2,Low Risk
S00850,18,89,0,1,0,1,0,28,3,5,1,81,68,1,0,2,78.2,Low Risk
S00851,18,89,0,1,0,1,0,25,1,8,1,99,94,1,1,0,94.0,Low Risk
S00852,18,89,0,1,0,1,0,29,0,0,0,80,40,0,1,3,66.7,Medium Risk
S00853,18,89,0,1,0,1,0,23,3,10,1,84,58,0,2,2,75.10000000000001,Low Risk
S00854,18,89,0,1,0,1,0,28,3,19,0,63,74,0,2,1,75.2,Low Risk
S00855,18,89,0,1,1,1,0,28,3,5,1,81,68,1,0,2,78.2,Low Risk
S00856,18,89,0,1,1,1,0,25,1,8,1,99,94,1,1,0,94.0,Low Risk
S00857,18,89,0,1,1,1,0,29,0,0,0,80,40,0,1,3,66.7,Medium Risk
S00858,18,89,0,1,1,1,0,23,3,10,1,84,58,0,2,2,75.10000000000001,Low Risk
S00859,18,89,0,1,1,1,0,28,3,19,0,63,74,0,2,1,75.2,Low Risk
S00860,18,89,1,1,1,1,0,28,3,5,1,81,68,1,0,2,78.2,Low Risk
S00861,18,89,1,1,1,1,0,25,1,8,1,99,94,1,1,0,94.0,Low Risk
S00862,18,89,1,1,1,1,0,29,0,0,0,80,40,0,1,3,66.7,Medium Risk
S00863,18,89,1,1,1,1,0,23,3,10,1,84,58,0,2,2,75.10000000000001,Low Risk
S00864,18,89,1,1,1,1,0,28,3,19,0,63,74,0,2,1,75.2,Low Risk
S00865,11,91,1,0,1,1,1,27,3,1,1,57,46,1,2,3,62.8,Medium Risk
S00866,11,91,1,0,1,1,1,24,3,18,0,58,43,1,1,3,61.89999999999999,Medium Risk
S00867,11,91,0,0,1,1,1,27,3,1,1,57,46,1,2,3,62.8,Medium Risk
S00868,11,91,0,0,1,1,1,24,3,18,0,58,43,1,1,3,61.89999999999999,Medium Risk
S00869,11,91,2,0,1,1,1,27,3,1,1,57,46,1,2,3,62.8,Medium Risk
S00870,11,91,2,0,1,1,1,24,3,18,0,58,43,1,1,3,61.89999999999999,Medium Risk
S00871,11,91,1,0,1,1,1,27,3,1,1,57,46,1,2,3,62.8,Medium Risk
S00872,11,91,1,0,1,1,1,24,3,18,0,58,43,1,1,3,61.89999999999999,Medium Risk
S00873,11,91,0,1,0,1,1,27,3,1,1,57,46,1,2,3,62.8,Medium Risk
S00874,11,91,0,1,0,1,1,24,3,18,0,58,43,1,1,3,61.89999999999999,Medium Risk
S00875,22,64,1,0,0,0,1,18,2,6,1,70,97,1,0,0,79.0,Medium Risk
S00876,22,64,1,0,0,0,1,27,0,14,1,85,90,1,1,0,80.7,Medium Risk
S00877,22,64,1,0,0,0,1,29,2,20,1,88,74,1,2,1,75.2,Medium Risk
S00878,22,64,1,0,0,0,1,24,1,15,1,55,49,0,0,3,55.3,Medium Risk
S00879,22,64,2,1,1,1,1,18,2,6,1,70,97,1,0,0,79.0,Medium Risk
S00880,22,64,2,1,1,1,1,27,0,14,1,85,90,1,1,0,80.7,Medium Risk
S00881,22,64,2,1,1,1,1,29,2,20,1,88,74,1,2,1,75.2,Medium Risk
S00882,22,64,2,1,1,1,1,24,1,15,1,55,49,0,0,3,55.3,Medium Risk
S00883,22,64,1,1,1,1,1,18,2,6,1,70,97,1,0,0,79.0,Medium Risk
S00884,22,64,1,1,1,1,1,27,0,14,1,85,90,1,1,0,80.7,Medium Risk
S00885,22,64,1,1,1,1,1,29,2,20,1,88,74,1,2,1,75.2,Medium Risk
S00886,22,64,1,1,1,1,1,24,1,15,1,55,49,0,0,3,55.3,Medium Risk
S00887,22,64,2,0,0,1,1,18,2,6,1,70,97,1,0,0,79.0,Medium Risk
S00888,22,64,2,0,0,1,1,27,0,14,1,85,90,1,1,0,80.7,Medium Risk
S00889,22,64,2,0,0,1,1,29,2,20,1,88,74,1,2,1,75.2,Medium Risk
S00890,22,64,2,0,0,1,1,24,1,15,1,55,49,0,0,3,55.3,Medium Risk
S00891,22,64,1,1,2,1,1,18,2,6,1,70,97,1,0,0,79.0,Medium Risk
S00892,22,64,1,1,2,1,1,27,0,14,1,85,90,1,1,0,80.7,Medium Risk
S00893,22,64,1,1,2,1,1,29,2,20,1,88,74,1,2,1,75.2,Medium Risk
S00894,22,64,1,1,2,1,1,24,1,15,1,55,49,0,0,3,55.3,Medium Risk
S00895,22,64,1,0,1,1,1,18,2,6,1,70,97,1,0,0,79.0,Medium Risk
S00896,22,64,1,0,1,1,1,27,0,14,1,85,90,1,1,0,80.7,Medium Risk
S00897,22,64,1,0,1,1,1,29,2,20,1,88,74,1,2,1,75.2,Medium Risk
S00898,22,64,1,0,1,1,1,24,1,15,1,55,49,0,0,3,55.3,Medium Risk
S00899,22,64,1,1,1,1,1,18,2,6,1,70,97,1,0,0,79.0,Medium Risk
S00900,22,64,1,1,1,1,1,27,0,14,1,85,90,1,1,0,80.7,Medium Risk
S00901,22,64,1,1,1,1,1,29,2,20,1,88,74,1,2,1,75.2,Medium Risk
S00902,22,64,1,1,1,1,1,24,1,15,1,55,49,0,0,3,55.3,Medium Risk
S00903,22,81,1,1,0,1,0,27,2,14,1,80,79,1,0,1,79.9,Low Risk
S00904,22,81,1,1,0,1,0,27,3,4,1,75,54,1,2,3,68.4,Low Risk
S00905,22,81,1,1,0,1,0,28,0,5,0,52,95,1,2,0,77.9,Low Risk
S00906,22,81,2,1,2,1,0,27,2,14,1,80,79,1,0,1,79.9,Low Risk
S00907,22,81,2,1,2,1,0,27,3,4,1,75,54,1,2,3,68.4,Low Risk
S00908,22,81,2,1,2,1,0,28,0,5,0,52,95,1,2,0,77.9,Low Risk
S00909,22,81,1,0,0,1,0,27,2,14,1,80,79,1,0,1,79.9,Low Risk
S00910,22,81,1,0,0,1,0,27,3,4,1,75,54,1,2,3,68.4,Low Risk
S00911,22,81,1,0,0,1,0,28,0,5,0,52,95,1,2,0,77.9,Low Risk
S00912,22,81,0,1,0,1,0,27,2,14,1,80,79,1,0,1,79.9,Low Risk
S00913,22,81,0,1,0,1,0,27,3,4,1,75,54,1,2,3,68.4,Low Risk
S00914,22,81,0,1,0,1,0,28,0,5,0,52,95,1,2,0,77.9,Low Risk
S00915,22,81,0,0,1,1,0,27,2,14,1,80,79,1,0,1,79.9,Low Risk
S00916,22,81,0,0,1,1,0,27,3,4,1,75,54,1,2,3,68.4,Low Risk
S00917,22,81,0,0,1,1,0,28,0,5,0,52,95,1,2,0,77.9,Low Risk
S00918,19,67,1,0,2,1,1,19,0,8,1,74,81,0,2,1,74.69999999999999,Medium Risk
S00919,19,67,1,0,2,1,1,19,0,8,1,74,81,0,2,1,74.69999999999999,Medium Risk
S00920,19,67,1,1,2,1,1,19,0,8,1,74,81,0,2,1,74.69999999999999,Medium Risk
S00921,19,67,2,0,1,1,1,19,0,8,1,74,81,0,2,1,74.69999999999999,Medium Risk
S00922,19,67,0,1,1,0,1,19,0,8,1,74,81,0,2,1,74.69999999999999,Medium Risk
S00923,19,67,0,0,1,1,1,19,0,8,1,74,81,0,2,1,74.69999999999999,Medium Risk
S00924,19,67,1,1,0,1,1,19,0,8,1,74,81,0,2,1,74.69999999999999,Medium Risk
S00925,19,67,0,0,2,0,1,19,0,8,1,74,81,0,2,1,74.69999999999999,Medium Risk
S00926,12,92,1,0,2,1,1,21,1,11,0,62,89,1,2,0,81.8,Low Risk
S00927,12,92,1,0,2,1,1,23,2,20,0,86,98,0,1,0,92.6,Low Risk
S00928,12,92,1,0,0,1,1,21,1,11,0,62,89,1,2,0,81.8,Low Risk
S00929,12,92,1,0,0,1,1,23,2,20,0,86,98,0,1,0,92.6,Low Risk
S00930,12,92,0,1,1,1,1,21,1,11,0,62,89,1,2,0,81.8,Low Risk
S00931,12,92,0,1,1,1,1,23,2,20,0,86,98,0,1,0,92.6,Low Risk
S00932,12,92,1,0,1,1,1,21,1,11,0,62,89,1,2,0,81.8,Low Risk
S00933,12,92,1,0,1,1,1,23,2,20,0,86,98,0,1,0,92.6,Low Risk
S00934,12,92,1,0,0,1,1,21,1,11,0,62,89,1,2,0,81.8,Low Risk
S00935,12,92,1,0,0,1,1,23,2,20,0,86,98,0,1,0,92.6,Low Risk
S00936,12,92,0,1,2,1,1,21,1,11,0,62,89,1,2,0,81.8,Low Risk
S00937,12,92,0,1,2,1,1,23,2,20,0,86,98,0,1,0,92.6,Low Risk
S00938,18,79,1,1,1,1,1,29,0,15,1,75,64,0,1,2,71.8,Low Risk
S00939,18,79,1,1,0,1,1,29,0,15,1,75,64,0,1,2,71.8,Low Risk
S00940,18,79,2,1,1,1,1,29,0,15,1,75,64,0,1,2,71.8,Low Risk
S00941,18,79,1,1,1,1,1,29,0,15,1,75,64,0,1,2,71.8,Low Risk
S00942,18,79,0,0,2,1,1,29,0,15,1,75,64,0,1,2,71.8,Low Risk
S00943,18,79,2,1,1,1,1,29,0,15,1,75,64,0,1,2,71.8,Low Risk
S00944,18,79,2,0,0,1,1,29,0,15,1,75,64,0,1,2,71.8,Low Risk
S00945,15,98,1,0,2,1,1,21,2,3,1,95,100,0,2,0,97.9,Low Risk
S00946,15,98,1,1,0,1,1,21,2,3,1,95,100,0,2,0,97.9,Low Risk
S00947,15,98,1,0,0,1,1,21,2,3,1,95,100,0,2,0,97.9,Low Risk
S00948,15,98,1,1,0,0,1,21,2,3,1,95,100,0,2,0,97.9,Low Risk
S00949,22,99,0,1,0,1,1,21,1,2,1,64,80,0,2,1,80.9,Low Risk
S00950,22,99,0,1,0,1,1,25,2,2,1,88,73,1,1,1,85.3,Low Risk
S00951,22,99,0,1,0,1,1,22,3,7,1,95,82,0,2,1,91.0,Low Risk
S00952,22,99,2,1,1,1,1,21,1,2,1,64,80,0,2,1,80.9,Low Risk
S00953,22,99,2,1,1,1,1,25,2,2,1,88,73,1,1,1,85.3,Low Risk
S00954,22,99,2,1,1,1,1,22,3,7,1,95,82,0,2,1,91.0,Low Risk
S00955,22,99,1,1,2,1,1,21,1,2,1,64,80,0,2,1,80.9,Low Risk
S00956,22,99,1,1,2,1,1,25,2,2,1,88,73,1,1,1,85.3,Low Risk
S00957,22,99,1,1,2,1,1,22,3,7,1,95,82,0,2,1,91.0,Low Risk
S00958,22,99,1,0,0,1,1,21,1,2,1,64,80,0,2,1,80.9,Low Risk
S00959,22,99,1,0,0,1,1,25,2,2,1,88,73,1,1,1,85.3,Low Risk
S00960,22,99,1,0,0,1,1,22,3,7,1,95,82,0,2,1,91.0,Low Risk
S00961,22,99,2,1,1,1,1,21,1,2,1,64,80,0,2,1,80.9,Low Risk
S00962,22,99,2,1,1,1,1,25,2,2,1,88,73,1,1,1,85.3,Low Risk
S00963,22,99,2,1,1,1,1,22,3,7,1,95,82,0,2,1,91.0,Low Risk
S00964,31,100,1,0,1,1,1,21,0,7,0,64,97,1,1,0,88.0,Low Risk
S00965,21,82,2,1,2,1,0,28,2,16,0,62,47,1,1,3,62.0,Medium Risk
S00966,21,82,1,1,2,1,0,28,2,16,0,62,47,1,1,3,62.0,Medium Risk
S00967,21,82,1,0,1,1,0,28,2,16,0,62,47,1,1,3,62.0,Medium Risk
S00968,22,67,1,1,2,1,0,27,0,19,1,76,100,0,0,0,82.89999999999999,Medium Risk
S00969,22,67,1,0,0,1,0,27,0,19,1,76,100,0,0,0,82.89999999999999,Medium Risk
S00970,22,67,1,0,1,1,0,27,0,19,1,76,100,0,0,0,82.89999999999999,Medium Risk
S00971,22,67,1,1,1,1,0,27,0,19,1,76,100,0,0,0,82.89999999999999,Medium Risk
S00972,20,73,1,1,1,1,1,24,2,14,0,58,45,0,2,3,57.3,Medium Risk
S00973,20,73,1,1,0,1,1,24,2,14,0,58,45,0,2,3,57.3,Medium Risk
S00974,20,73,1,1,2,1,1,24,2,14,0,58,45,0,2,3,57.3,Medium Risk
S00975,20,73,2,1,0,1,1,24,2,14,0,58,45,0,2,3,57.3,Medium Risk
S00976,20,73,1,0,0,1,1,24,2,14,0,58,45,0,2,3,57.3,Medium Risk
S00977,20,73,1,0,0,1,1,24,2,14,0,58,45,0,2,3,57.3,Medium Risk
S00978,20,73,0,1,2,1,1,24,2,14,0,58,45,0,2,3,57.3,Medium Risk
S00979,20,73,2,0,2,1,1,24,2,14,0,58,45,0,2,3,57.3,Medium Risk
S00980,20,73,0,1,1,1,1,24,2,14,0,58,45,0,2,3,57.3,Medium Risk
S00981,20,73,2,1,1,1,1,24,2,14,0,58,45,0,2,3,57.3,Medium Risk
S00982,8,77,1,1,1,1,1,23,1,13,0,77,86,1,2,0,80.6,Low Risk
S00983,8,77,1,1,1,1,1,18,2,14,1,58,88,0,2,0,75.7,Low Risk
S00984,8,77,1,1,1,1,1,28,2,10,1,77,70,0,2,1,74.19999999999999,Low Risk
S00985,8,77,0,1,0,1,1,23,1,13,0,77,86,1,2,0,80.6,Low Risk
S00986,8,77,0,1,0,1,1,18,2,14,1,58,88,0,2,0,75.7,Low Risk
S00987,8,77,0,1,0,1,1,28,2,10,1,77,70,0,2,1,74.19999999999999,Low Risk
S00988,20,72,1,0,1,1,1,19,2,13,1,55,50,0,2,3,58.099999999999994,Medium Risk
S00989,20,72,2,1,0,1,1,19,2,13,1,55,50,0,2,3,58.099999999999994,Medium Risk
S00990,20,72,0,0,0,1,1,19,2,13,1,55,50,0,2,3,58.099999999999994,Medium Risk
S00991,20,72,1,1,2,1,1,19,2,13,1,55,50,0,2,3,58.099999999999994,Medium Risk
S00992,20,72,0,1,1,1,1,19,2,13,1,55,50,0,2,3,58.099999999999994,Medium Risk
S00993,20,72,0,1,0,1,1,19,2,13,1,55,50,0,2,3,58.099999999999994,Medium Risk
S00994,20,72,1,0,0,1,1,19,2,13,1,55,50,0,2,3,58.099999999999994,Medium Risk
S00995,20,72,1,1,1,1,1,19,2,13,1,55,50,0,2,3,58.099999999999994,Medium Risk
S00996,20,72,1,1,1,1,1,19,2,13,1,55,50,0,2,3,58.099999999999994,Medium Risk
S00997,20,71,2,1,2,1,1,29,2,15,1,83,62,1,2,2,71.0,Medium Risk
S00998,20,71,2,1,2,1,1,19,3,5,0,83,87,1,2,0,81.0,Medium Risk
S00999,20,71,1,0,1,1,1,29,2,15,1,83,62,1,2,2,71.0,Medium Risk
S01000,20,71,1,0,1,1,1,19,3,5,0,83,87,1,2,0,81.0,Medium Risk
S01001,20,71,0,0,2,1,1,29,2,15,1,83,62,1,2,2,71.0,Medium Risk
S01002,20,71,0,0,2,1,1,19,3,5,0,83,87,1,2,0,81.0,Medium Risk
S01003,20,71,1,0,2,1,1,29,2,15,1,83,62,1,2,2,71.0,Medium Risk
S01004,20,71,1,0,2,1,1,19,3,5,0,83,87,1,2,0,81.0,Medium Risk
S01005,20,71,1,1,0,1,1,29,2,15,1,83,62,1,2,2,71.0,Medium Risk
S01006,20,71,1,1,0,1,1,19,3,5,0,83,87,1,2,0,81.0,Medium Risk
S01007,20,71,1,1,1,1,1,29,2,15,1,83,62,1,2,2,71.0,Medium Risk
S01008,20,71,1,1,1,1,1,19,3,5,0,83,87,1,2,0,81.0,Medium Risk
S01009,20,71,2,1,2,1,1,29,2,15,1,83,62,1,2,2,71.0,Medium Risk
S01010,20,71,2,1,2,1,1,19,3,5,0,83,87,1,2,0,81.0,Medium Risk
S01011,20,71,0,1,2,1,1,29,2,15,1,83,62,1,2,2,71.0,Medium Risk
S01012,20,71,0,1,2,1,1,19,3,5,0,83,87,1,2,0,81.0,Medium Risk
S01013,20,71,1,0,2,1,1,29,2,15,1,83,62,1,2,2,71.0,Medium Risk
S01014,20,71,1,0,2,1,1,19,3,5,0,83,87,1,2,0,81.0,Medium Risk
S01015,20,71,1,0,1,1,1,29,2,15,1,83,62,1,2,2,71.0,Medium Risk
S01016,20,71,1,0,1,1,1,19,3,5,0,83,87,1,2,0,81.0,Medium Risk
S01017,20,71,1,1,0,1,1,29,2,15,1,83,62,1,2,2,71.0,Medium Risk
S01018,20,71,1,1,0,1,1,19,3,5,0,83,87,1,2,0,81.0,Medium Risk
S01019,20,71,2,1,1,1,1,29,2,15,1,83,62,1,2,2,71.0,Medium Risk
S01020,20,71,2,1,1,1,1,19,3,5,0,83,87,1,2,0,81.0,Medium Risk
S01021,20,71,2,1,2,1,1,29,2,15,1,83,62,1,2,2,71.0,Medium Risk
S01022,20,71,2,1,2,1,1,19,3,5,0,83,87,1,2,0,81.0,Medium Risk
S01023,35,99,2,1,0,1,0,18,2,3,0,81,64,1,2,2,79.60000000000001,Low Risk
S01024,19,66,1,0,1,1,0,26,0,12,1,99,96,1,2,0,87.9,Medium Risk
S01025,19,66,2,1,1,1,0,26,0,12,1,99,96,1,2,0,87.9,Medium Risk
S01026,19,66,2,0,0,1,0,26,0,12,1,99,96,1,2,0,87.9,Medium Risk
S01027,19,66,0,0,1,1,0,26,0,12,1,99,96,1,2,0,87.9,Medium Risk
S01028,19,66,1,0,0,0,0,26,0,12,1,99,96,1,2,0,87.9,Medium Risk
S01029,19,66,1,0,1,1,0,26,0,12,1,99,96,1,2,0,87.9,Medium Risk
S01030,22,89,2,1,1,1,0,23,0,13,1,68,76,0,2,1,77.5,Low Risk
S01031,22,89,2,1,1,1,0,21,2,8,0,69,96,1,0,0,85.80000000000001,Low Risk
S01032,22,89,1,0,0,1,0,23,0,13,1,68,76,0,2,1,77.5,Low Risk
S01033,22,89,1,0,0,1,0,21,2,8,0,69,96,1,0,0,85.80000000000001,Low Risk
S01034,22,89,1,1,1,1,0,23,0,13,1,68,76,0,2,1,77.5,Low Risk
S01035,22,89,1,1,1,1,0,21,2,8,0,69,96,1,0,0,85.80000000000001,Low Risk
S01036,22,89,2,1,1,1,0,23,0,13,1,68,76,0,2,1,77.5,Low Risk
S01037,22,89,2,1,1,1,0,21,2,8,0,69,96,1,0,0,85.80000000000001,Low Risk
S01038,20,60,2,0,2,1,1,22,3,9,1,92,48,0,0,3,64.8,Medium Risk
S01039,20,60,2,0,2,1,1,24,3,1,0,84,79,1,0,1,74.8,Medium Risk
S01040,20,60,1,0,2,1,1,22,3,9,1,92,48,0,0,3,64.8,Medium Risk
S01041,20,60,1,0,2,1,1,24,3,1,0,84,79,1,0,1,74.8,Medium Risk
S01042,20,60,1,1,0,1,1,22,3,9,1,92,48,0,0,3,64.8,Medium Risk
S01043,20,60,1,1,0,1,1,24,3,1,0,84,79,1,0,1,74.8,Medium Risk
S01044,20,60,1,1,1,1,1,22,3,9,1,92,48,0,0,3,64.8,Medium Risk
S01045,20,60,1,1,1,1,1,24,3,1,0,84,79,1,0,1,74.8,Medium Risk
S01046,13,84,1,0,1,1,1,24,3,19,0,59,63,0,0,2,68.10000000000001,Low Risk
S01047,13,84,1,0,1,1,1,28,1,15,1,73,58,1,1,2,70.3,Low Risk
S01048,13,84,1,0,1,1,1,23,2,13,0,61,79,1,0,1,75.10000000000001,Low Risk
S01049,13,84,1,0,1,1,1,26,2,0,0,87,86,1,2,0,85.7,Low Risk
S01050,13,84,1,0,1,1,1,24,0,12,0,89,84,1,1,1,85.5,Low Risk
S01051,13,84,1,0,1,1,1,29,2,10,0,99,71,1,0,1,83.3,Low Risk
S01052,13,84,1,0,1,0,1,24,3,19,0,59,63,0,0,2,68.10000000000001,Low Risk
S01053,13,84,1,0,1,0,1,28,1,15,1,73,58,1,1,2,70.3,Low Risk
S01054,13,84,1,0,1,0,1,23,2,13,0,61,79,1,0,1,75.10000000000001,Low Risk
S01055,13,84,1,0,1,0,1,26,2,0,0,87,86,1,2,0,85.7,Low Risk
S01056,13,84,1,0,1,0,1,24,0,12,0,89,84,1,1,1,85.5,Low Risk
S01057,13,84,1,0,1,0,1,29,2,10,0,99,71,1,0,1,83.3,Low Risk
S01058,13,84,1,1,1,1,1,24,3,19,0,59,63,0,0,2,68.10000000000001,Low Risk
S01059,13,84,1,1,1,1,1,28,1,15,1,73,58,1,1,2,70.3,Low Risk
S01060,13,84,1,1,1,1,1,23,2,13,0,61,79,1,0,1,75.10000000000001,Low Risk
S01061,13,84,1,1,1,1,1,26,2,0,0,87,86,1,2,0,85.7,Low Risk
S01062,13,84,1,1,1,1,1,24,0,12,0,89,84,1,1,1,85.5,Low Risk
S01063,13,84,1,1,1,1,1,29,2,10,0,99,71,1,0,1,83.3,Low Risk
S01064,13,84,1,0,0,1,1,24,3,19,0,59,63,0,0,2,68.10000000000001,Low Risk
S01065,13,84,1,0,0,1,1,28,1,15,1,73,58,1,1,2,70.3,Low Risk
S01066,13,84,1,0,0,1,1,23,2,13,0,61,79,1,0,1,75.10000000000001,Low Risk
S01067,13,84,1,0,0,1,1,26,2,0,0,87,86,1,2,0,85.7,Low Risk
S01068,13,84,1,0,0,1,1,24,0,12,0,89,84,1,1,1,85.5,Low Risk
S01069,13,84,1,0,0,1,1,29,2,10,0,99,71,1,0,1,83.3,Low Risk
S01070,27,97,2,1,1,1,0,25,2,3,1,59,46,0,1,3,65.2,Medium Risk
S01071,27,97,2,1,1,1,0,20,2,1,1,80,62,1,1,2,77.89999999999999,Low Risk
S01072,27,97,2,1,1,1,0,18,3,11,1,54,66,1,0,2,71.7,Low Risk
S01073,27,97,2,0,1,1,0,25,2,3,1,59,46,0,1,3,65.2,Medium Risk
S01074,27,97,2,0,1,1,0,20,2,1,1,80,62,1,1,2,77.89999999999999,Low Risk
S01075,27,97,2,0,1,1,0,18,3,11,1,54,66,1,0,2,71.7,Low Risk
S01076,27,97,1,0,1,1,0,25,2,3,1,59,46,0,1,3,65.2,Medium Risk
S01077,27,97,1,0,1,1,0,20,2,1,1,80,62,1,1,2,77.89999999999999,Low Risk
S01078,27,97,1,0,1,1,0,18,3,11,1,54,66,1,0,2,71.7,Low Risk
S01079,25,72,2,1,0,1,0,23,0,14,0,66,57,1,0,2,64.2,Medium Risk
S01080,25,72,2,1,0,1,0,18,2,15,1,86,76,1,1,1,77.8,Medium Risk
S01081,25,72,1,1,1,1,0,23,0,14,0,66,57,1,0,2,64.2,Medium Risk
S01082,25,72,1,1,1,1,0,18,2,15,1,86,76,1,1,1,77.8,Medium Risk
S01083,25,72,2,1,1,1,0,23,0,14,0,66,57,1,0,2,64.2,Medium Risk
S01084,25,72,2,1,1,1,0,18,2,15,1,86,76,1,1,1,77.8,Medium Risk
S01085,25,72,2,1,1,1,0,23,0,14,0,66,57,1,0,2,64.2,Medium Risk
S01086,25,72,2,1,1,1,0,18,2,15,1,86,76,1,1,1,77.8,Medium Risk
S01087,25,72,1,0,2,1,0,23,0,14,0,66,57,1,0,2,64.2,Medium Risk
S01088,25,72,1,0,2,1,0,18,2,15,1,86,76,1,1,1,77.8,Medium Risk
S01089,25,67,1,0,2,1,0,28,3,7,1,61,59,1,1,2,62.0,Medium Risk
S01090,25,67,1,0,2,1,0,21,3,8,0,59,50,1,2,3,57.8,Medium Risk
S01091,25,67,1,0,2,1,0,23,0,13,1,67,99,1,1,0,79.8,Medium Risk
S01092,25,67,1,0,2,1,0,19,3,15,1,95,98,1,2,0,87.8,Medium Risk
S01093,25,67,2,0,1,1,0,28,3,7,1,61,59,1,1,2,62.0,Medium Risk
S01094,25,67,2,0,1,1,0,21,3,8,0,59,50,1,2,3,57.8,Medium Risk
S01095,25,67,2,0,1,1,0,23,0,13,1,67,99,1,1,0,79.8,Medium Risk
S01096,25,67,2,0,1,1,0,19,3,15,1,95,98,1,2,0,87.8,Medium Risk
S01097,25,67,1,0,1,1,0,28,3,7,1,61,59,1,1,2,62.0,Medium Risk
S01098,25,67,1,0,1,1,0,21,3,8,0,59,50,1,2,3,57.8,Medium Risk
S01099,25,67,1,0,1,1,0,23,0,13,1,67,99,1,1,0,79.8,Medium Risk
S01100,25,67,1,0,1,1,0,19,3,15,1,95,98,1,2,0,87.8,Medium Risk
S01101,15,86,1,1,1,1,1,28,0,3,1,67,55,1,0,2,67.89999999999999,Low Risk
S01102,15,86,2,1,1,1,1,28,0,3,1,67,55,1,0,2,67.89999999999999,Low Risk
S01103,15,86,1,1,1,1,1,28,0,3,1,67,55,1,0,2,67.89999999999999,Low Risk
S01104,15,86,2,1,1,1,1,28,0,3,1,67,55,1,0,2,67.89999999999999,Low Risk
S01105,15,86,0,0,1,1,1,28,0,3,1,67,55,1,0,2,67.89999999999999,Low Risk
S01106,15,86,1,0,1,1,1,28,0,3,1,67,55,1,0,2,67.89999999999999,Low Risk
S01107,15,86,1,1,2,1,1,28,0,3,1,67,55,1,0,2,67.89999999999999,Low Risk
S01108,15,86,2,0,1,1,1,28,0,3,1,67,55,1,0,2,67.89999999999999,Low Risk
S01109,15,86,1,1,0,1,1,28,0,3,1,67,55,1,0,2,67.89999999999999,Low Risk
S01110,15,86,2,0,2,1,1,28,0,3,1,67,55,1,0,2,67.89999999999999,Low Risk
S01111,28,89,2,1,2,1,0,26,3,6,1,52,68,1,1,2,69.5,Low Risk
S01112,28,89,2,1,2,1,0,18,3,7,0,90,51,1,2,3,74.10000000000001,Low Risk
S01113,28,89,2,1,2,1,0,23,0,5,0,80,96,1,2,0,89.10000000000001,Low Risk
S01114,28,89,2,1,2,1,0,25,1,14,0,79,87,1,0,0,85.2,Low Risk
S01115,28,89,2,1,2,1,0,24,3,11,0,74,46,1,2,3,67.3,Medium Risk
S01116,28,89,2,1,2,1,0,21,2,4,1,91,90,0,0,0,90.0,Low Risk
S01117,28,89,2,1,2,1,0,26,3,6,1,52,68,1,1,2,69.5,Low Risk
S01118,28,89,2,1,2,1,0,18,3,7,0,90,51,1,2,3,74.10000000000001,Low Risk
S01119,28,89,2,1,2,1,0,23,0,5,0,80,96,1,2,0,89.10000000000001,Low Risk
S01120,28,89,2,1,2,1,0,25,1,14,0,79,87,1,0,0,85.2,Low Risk
S01121,28,89,2,1,2,1,0,24,3,11,0,74,46,1,2,3,67.3,Medium Risk
S01122,28,89,2,1,2,1,0,21,2,4,1,91,90,0,0,0,90.0,Low Risk
S01123,28,89,0,1,2,1,0,26,3,6,1,52,68,1,1,2,69.5,Low Risk
S01124,28,89,0,1,2,1,0,18,3,7,0,90,51,1,2,3,74.10000000000001,Low Risk
S01125,28,89,0,1,2,1,0,23,0,5,0,80,96,1,2,0,89.10000000000001,Low Risk
S01126,28,89,0,1,2,1,0,25,1,14,0,79,87,1,0,0,85.2,Low Risk
S01127,28,89,0,1,2,1,0,24,3,11,0,74,46,1,2,3,67.3,Medium Risk
S01128,28,89,0,1,2,1,0,21,2,4,1,91,90,0,0,0,90.0,Low Risk
S01129,12,88,1,0,0,1,1,22,0,18,0,87,55,1,2,2,74.5,Low Risk
S01130,12,88,1,0,0,1,1,22,3,15,1,63,96,1,2,0,83.7,Low Risk
S01131,12,88,1,0,0,1,1,20,2,12,1,86,77,1,1,1,83.0,Low Risk
S01132,12,88,1,0,1,1,1,22,0,18,0,87,55,1,2,2,74.5,Low Risk
S01133,12,88,1,0,1,1,1,22,3,15,1,63,96,1,2,0,83.7,Low Risk
S01134,12,88,1,0,1,1,1,20,2,12,1,86,77,1,1,1,83.0,Low Risk
S01135,12,88,1,1,2,1,1,22,0,18,0,87,55,1,2,2,74.5,Low Risk
S01136,12,88,1,1,2,1,1,22,3,15,1,63,96,1,2,0,83.7,Low Risk
S01137,12,88,1,1,2,1,1,20,2,12,1,86,77,1,1,1,83.0,Low Risk
S01138,12,88,1,1,1,1,1,22,0,18,0,87,55,1,2,2,74.5,Low Risk
S01139,12,88,1,1,1,1,1,22,3,15,1,63,96,1,2,0,83.7,Low Risk
S01140,12,88,1,1,1,1,1,20,2,12,1,86,77,1,1,1,83.0,Low Risk
S01141,12,88,1,0,0,0,1,22,0,18,0,87,55,1,2,2,74.5,Low Risk
S01142,12,88,1,0,0,0,1,22,3,15,1,63,96,1,2,0,83.7,Low Risk
S01143,12,88,1,0,0,0,1,20,2,12,1,86,77,1,1,1,83.0,Low Risk
S01144,24,73,2,1,1,1,1,28,3,18,1,61,59,1,2,2,63.800000000000004,Medium Risk
S01145,24,73,1,1,2,1,1,28,3,18,1,61,59,1,2,2,63.800000000000004,Medium Risk
S01146,24,73,0,1,1,1,1,28,3,18,1,61,59,1,2,2,63.800000000000004,Medium Risk
S01147,24,73,1,1,0,1,1,28,3,18,1,61,59,1,2,2,63.800000000000004,Medium Risk
S01148,14,98,1,0,1,1,0,25,0,20,0,60,73,1,0,1,76.6,Low Risk
S01149,14,98,1,0,1,1,0,26,2,17,1,74,65,1,2,2,77.6,Low Risk
S01150,14,98,1,0,1,1,0,20,3,20,0,68,65,1,1,2,75.8,Low Risk
S01151,14,98,1,0,1,1,0,23,3,5,0,72,91,0,0,0,87.4,Low Risk
S01152,14,98,1,1,0,1,0,25,0,20,0,60,73,1,0,1,76.6,Low Risk
S01153,14,98,1,1,0,1,0,26,2,17,1,74,65,1,2,2,77.6,Low Risk
S01154,14,98,1,1,0,1,0,20,3,20,0,68,65,1,1,2,75.8,Low Risk
S01155,14,98,1,1,0,1,0,23,3,5,0,72,91,0,0,0,87.4,Low Risk
S01156,21,78,1,1,1,1,1,27,0,6,0,95,90,1,2,0,87.9,Low Risk
S01157,21,78,0,0,1,1,1,27,0,6,0,95,90,1,2,0,87.9,Low Risk
S01158,21,78,1,0,0,1,1,27,0,6,0,95,90,1,2,0,87.9,Low Risk
S01159,21,78,1,0,1,1,1,27,0,6,0,95,90,1,2,0,87.9,Low Risk
S01160,21,78,1,1,1,1,1,27,0,6,0,95,90,1,2,0,87.9,Low Risk
S01161,21,78,0,1,1,1,1,27,0,6,0,95,90,1,2,0,87.9,Low Risk
S01162,21,78,2,0,1,1,1,27,0,6,0,95,90,1,2,0,87.9,Low Risk
S01163,17,94,1,1,0,1,0,19,0,6,0,73,59,1,2,2,73.7,Low Risk
S01164,17,94,1,1,0,1,0,26,0,5,0,63,87,1,0,0,81.9,Low Risk
S01165,17,94,1,1,0,1,0,29,1,9,1,57,50,1,1,3,65.3,Low Risk
S01166,17,94,1,1,1,1,0,19,0,6,0,73,59,1,2,2,73.7,Low Risk
S01167,17,94,1,1,1,1,0,26,0,5,0,63,87,1,0,0,81.9,Low Risk
S01168,17,94,1,1,1,1,0,29,1,9,1,57,50,1,1,3,65.3,Low Risk
S01169,20,77,1,0,0,1,0,19,0,20,1,76,59,1,1,2,69.5,Low Risk
S01170,20,77,1,0,0,1,0,29,0,14,1,53,69,1,2,2,66.6,Low Risk
S01171,20,77,1,0,0,1,0,19,0,20,1,76,59,1,1,2,69.5,Low Risk
S01172,20,77,1,0,0,1,0,29,0,14,1,53,69,1,2,2,66.6,Low Risk
S01173,20,77,0,1,1,0,0,19,0,20,1,76,59,1,1,2,69.5,Low Risk
S01174,20,77,0,1,1,0,0,29,0,14,1,53,69,1,2,2,66.6,Low Risk
S01175,20,77,0,0,0,1,0,19,0,20,1,76,59,1,1,2,69.5,Low Risk
S01176,20,77,0,0,0,1,0,29,0,14,1,53,69,1,2,2,66.6,Low Risk
S01177,20,77,1,0,0,1,0,19,0,20,1,76,59,1,1,2,69.5,Low Risk
S01178,20,77,1,0,0,1,0,29,0,14,1,53,69,1,2,2,66.6,Low Risk
S01179,14,66,0,0,1,1,1,21,1,13,1,62,82,0,2,1,71.2,Medium Risk
S01180,14,66,0,0,1,1,1,28,0,0,1,74,83,0,2,1,75.2,Medium Risk
S01181,14,66,1,1,0,1,1,21,1,13,1,62,82,0,2,1,71.2,Medium Risk
S01182,14,66,1,1,0,1,1,28,0,0,1,74,83,0,2,1,75.2,Medium Risk
S01183,14,66,1,1,1,1,1,21,1,13,1,62,82,0,2,1,71.2,Medium Risk
S01184,14,66,1,1,1,1,1,28,0,0,1,74,83,0,2,1,75.2,Medium Risk
S01185,14,66,1,1,0,1,1,21,1,13,1,62,82,0,2,1,71.2,Medium Risk
S01186,14,66,1,1,0,1,1,28,0,0,1,74,83,0,2,1,75.2,Medium Risk
S01187,23,77,1,1,1,1,1,27,0,9,0,59,46,1,2,3,59.2,Medium Risk
S01188,23,77,1,1,1,1,1,19,1,0,1,92,62,0,2,2,75.5,Low Risk
S01189,23,77,2,1,1,1,1,27,0,9,0,59,46,1,2,3,59.2,Medium Risk
S01190,23,77,2,1,1,1,1,19,1,0,1,92,62,0,2,2,75.5,Low Risk
S01191,23,77,1,1,1,1,1,27,0,9,0,59,46,1,2,3,59.2,Medium Risk
S01192,23,77,1,1,1,1,1,19,1,0,1,92,62,0,2,2,75.5,Low Risk
S01193,23,77,1,0,0,1,1,27,0,9,0,59,46,1,2,3,59.2,Medium Risk
S01194,23,77,1,0,0,1,1,19,1,0,1,92,62,0,2,2,75.5,Low Risk
S01195,23,77,2,0,0,1,1,27,0,9,0,59,46,1,2,3,59.2,Medium Risk
S01196,23,77,2,0,0,1,1,19,1,0,1,92,62,0,2,2,75.5,Low Risk
S01197,23,77,2,1,1,1,1,27,0,9,0,59,46,1,2,3,59.2,Medium Risk
S01198,23,77,2,1,1,1,1,19,1,0,1,92,62,0,2,2,75.5,Low Risk
S01199,23,77,0,0,1,1,1,27,0,9,0,59,46,1,2,3,59.2,Medium Risk
S01200,23,77,0,0,1,1,1,19,1,0,1,92,62,0,2,2,75.5,Low Risk
S01201,14,81,1,0,1,1,0,23,0,18,0,91,49,1,2,3,71.2,Medium Risk
S01202,14,81,2,1,0,0,0,23,0,18,0,91,49,1,2,3,71.2,Medium Risk
S01203,14,81,1,0,0,1,0,23,0,18,0,91,49,1,2,3,71.2,Medium Risk
S01204,14,81,1,0,0,1,0,23,0,18,0,91,49,1,2,3,71.2,Medium Risk
S01205,14,81,1,0,1,0,0,23,0,18,0,91,49,1,2,3,71.2,Medium Risk
S01206,14,81,1,0,1,1,0,23,0,18,0,91,49,1,2,3,71.2,Medium Risk
S01207,14,81,2,0,1,1,0,23,0,18,0,91,49,1,2,3,71.2,Medium Risk
S01208,29,61,2,1,0,1,0,29,1,11,1,93,86,1,1,0,80.6,Medium Risk
S01209,29,61,2,1,0,1,0,21,0,3,1,96,71,0,2,1,75.5,Medium Risk
S01210,29,61,2,1,0,1,0,28,3,15,1,88,84,0,0,1,78.3,Medium Risk
S01211,15,78,2,0,0,1,1,22,2,14,0,89,86,1,2,0,84.5,Low Risk
S01212,15,78,2,0,1,0,1,22,2,14,0,89,86,1,2,0,84.5,Low Risk
S01213,15,78,2,1,2,1,1,22,2,14,0,89,86,1,2,0,84.5,Low Risk
S01214,15,78,2,1,0,1,1,22,2,14,0,89,86,1,2,0,84.5,Low Risk
S01215,15,78,1,1,1,1,1,22,2,14,0,89,86,1,2,0,84.5,Low Risk
S01216,15,78,1,1,2,1,1,22,2,14,0,89,86,1,2,0,84.5,Low Risk
S01217,15,78,1,0,1,1,1,22,2,14,0,89,86,1,2,0,84.5,Low Risk
S01218,15,78,0,1,0,1,1,22,2,14,0,89,86,1,2,0,84.5,Low Risk
S01219,15,78,2,0,2,1,1,22,2,14,0,89,86,1,2,0,84.5,Low Risk
S01220,15,78,2,0,1,1,1,22,2,14,0,89,86,1,2,0,84.5,Low Risk
S01221,18,91,1,1,1,1,0,26,3,4,0,92,71,1,2,1,83.3,Low Risk
S01222,18,91,1,1,1,1,0,27,0,10,0,69,100,1,2,0,88.0,Low Risk
S01223,18,91,1,1,1,1,0,22,0,16,0,93,82,1,0,1,88.0,Low Risk
S01224,18,91,1,1,1,1,0,20,1,17,1,58,79,1,0,1,76.3,Low Risk
S01225,18,91,1,0,1,1,0,26,3,4,0,92,71,1,2,1,83.3,Low Risk
S01226,18,91,1,0,1,1,0,27,0,10,0,69,100,1,2,0,88.0,Low Risk
S01227,18,91,1,0,1,1,0,22,0,16,0,93,82,1,0,1,88.0,Low Risk
S01228,18,91,1,0,1,1,0,20,1,17,1,58,79,1,0,1,76.3,Low Risk
S01229,18,91,1,0,1,1,0,26,3,4,0,92,71,1,2,1,83.3,Low Risk
S01230,18,91,1,0,1,1,0,27,0,10,0,69,100,1,2,0,88.0,Low Risk
S01231,18,91,1,0,1,1,0,22,0,16,0,93,82,1,0,1,88.0,Low Risk
S01232,18,91,1,0,1,1,0,20,1,17,1,58,79,1,0,1,76.3,Low Risk
S01233,25,87,0,0,2,1,1,26,3,6,0,62,72,0,1,1,73.5,Low Risk
S01234,25,87,0,0,2,1,1,21,2,19,1,62,50,0,0,3,64.69999999999999,Low Risk
S01235,25,87,0,0,2,1,1,19,1,5,1,94,82,1,2,1,87.1,Low Risk
S01236,25,87,0,1,0,1,1,26,3,6,0,62,72,0,1,1,73.5,Low Risk
S01237,25,87,0,1,0,1,1,21,2,19,1,62,50,0,0,3,64.69999999999999,Low Risk
S01238,25,87,0,1,0,1,1,19,1,5,1,94,82,1,2,1,87.1,Low Risk
S01239,25,87,2,0,0,1,1,26,3,6,0,62,72,0,1,1,73.5,Low Risk
S01240,25,87,2,0,0,1,1,21,2,19,1,62,50,0,0,3,64.69999999999999,Low Risk
S01241,25,87,2,0,0,1,1,19,1,5,1,94,82,1,2,1,87.1,Low Risk
S01242,25,87,1,0,1,1,1,26,3,6,0,62,72,0,1,1,73.5,Low Risk
S01243,25,87,1,0,1,1,1,21,2,19,1,62,50,0,0,3,64.69999999999999,Low Risk
S01244,25,87,1,0,1,1,1,19,1,5,1,94,82,1,2,1,87.1,Low Risk
S01245,25,87,0,0,0,1,1,26,3,6,0,62,72,0,1,1,73.5,Low Risk
S01246,25,87,0,0,0,1,1,21,2,19,1,62,50,0,0,3,64.69999999999999,Low Risk
S01247,25,87,0,0,0,1,1,19,1,5,1,94,82,1,2,1,87.1,Low Risk
S01248,25,87,1,1,1,1,1,26,3,6,0,62,72,0,1,1,73.5,Low Risk
S01249,25,87,1,1,1,1,1,21,2,19,1,62,50,0,0,3,64.69999999999999,Low Risk
S01250,25,87,1,1,1,1,1,19,1,5,1,94,82,1,2,1,87.1,Low Risk
S01251,25,87,1,1,1,0,1,26,3,6,0,62,72,0,1,1,73.5,Low Risk
S01252,25,87,1,1,1,0,1,21,2,19,1,62,50,0,0,3,64.69999999999999,Low Risk
S01253,25,87,1,1,1,0,1,19,1,5,1,94,82,1,2,1,87.1,Low Risk
S01254,25,87,2,1,0,1,1,26,3,6,0,62,72,0,1,1,73.5,Low Risk
S01255,25,87,2,1,0,1,1,21,2,19,1,62,50,0,0,3,64.69999999999999,Low Risk
S01256,25,87,2,1,0,1,1,19,1,5,1,94,82,1,2,1,87.1,Low Risk
S01257,25,87,1,0,2,1,1,26,3,6,0,62,72,0,1,1,73.5,Low Risk
S01258,25,87,1,0,2,1,1,21,2,19,1,62,50,0,0,3,64.69999999999999,Low Risk
S01259,25,87,1,0,2,1,1,19,1,5,1,94,82,1,2,1,87.1,Low Risk
S01260,13,85,1,0,1,1,1,18,3,0,0,97,50,1,1,3,74.6,Low Risk
S01261,13,85,1,0,1,1,1,27,0,18,1,79,68,0,2,2,76.4,Low Risk
S01262,13,85,1,0,1,1,1,22,2,19,1,98,40,1,2,3,70.9,Medium Risk
S01263,13,85,1,0,1,1,1,28,1,2,1,81,67,1,2,2,76.6,Low Risk
S01264,13,85,1,0,1,1,1,20,3,6,1,72,99,1,2,0,86.7,Low Risk
S01265,13,85,1,0,0,1,1,18,3,0,0,97,50,1,1,3,74.6,Low Risk
S01266,13,85,1,0,0,1,1,27,0,18,1,79,68,0,2,2,76.4,Low Risk
S01267,13,85,1,0,0,1,1,22,2,19,1,98,40,1,2,3,70.9,Medium Risk
S01268,13,85,1,0,0,1,1,28,1,2,1,81,67,1,2,2,76.6,Low Risk
S01269,13,85,1,0,0,1,1,20,3,6,1,72,99,1,2,0,86.7,Low Risk
S01270,13,85,2,1,2,1,1,18,3,0,0,97,50,1,1,3,74.6,Low Risk
S01271,13,85,2,1,2,1,1,27,0,18,1,79,68,0,2,2,76.4,Low Risk
S01272,13,85,2,1,2,1,1,22,2,19,1,98,40,1,2,3,70.9,Medium Risk
S01273,13,85,2,1,2,1,1,28,1,2,1,81,67,1,2,2,76.6,Low Risk
S01274,13,85,2,1,2,1,1,20,3,6,1,72,99,1,2,0,86.7,Low Risk
S01275,21,96,1,0,2,1,1,21,1,15,1,81,63,0,0,2,78.3,Low Risk
S01276,21,96,1,0,2,1,1,21,2,18,1,55,65,0,1,2,71.3,Low Risk
S01277,21,96,2,1,1,1,1,21,1,15,1,81,63,0,0,2,78.3,Low Risk
S01278,21,96,2,1,1,1,1,21,2,18,1,55,65,0,1,2,71.3,Low Risk
S01279,21,96,2,1,0,1,1,21,1,15,1,81,63,0,0,2,78.3,Low Risk
S01280,21,96,2,1,0,1,1,21,2,18,1,55,65,0,1,2,71.3,Low Risk
S01281,21,96,0,0,0,1,1,21,1,15,1,81,63,0,0,2,78.3,Low Risk
S01282,21,96,0,0,0,1,1,21,2,18,1,55,65,0,1,2,71.3,Low Risk
S01283,21,96,1,1,1,1,1,21,1,15,1,81,63,0,0,2,78.3,Low Risk
S01284,21,96,1,1,1,1,1,21,2,18,1,55,65,0,1,2,71.3,Low Risk
S01285,21,96,1,1,1,1,1,21,1,15,1,81,63,0,0,2,78.3,Low Risk
S01286,21,96,1,1,1,1,1,21,2,18,1,55,65,0,1,2,71.3,Low Risk
S01287,21,96,1,1,0,1,1,21,1,15,1,81,63,0,0,2,78.3,Low Risk
S01288,21,96,1,1,0,1,1,21,2,18,1,55,65,0,1,2,71.3,Low Risk
S01289,21,96,2,1,1,1,1,21,1,15,1,81,63,0,0,2,78.3,Low Risk
S01290,21,96,2,1,1,1,1,21,2,18,1,55,65,0,1,2,71.3,Low Risk
S01291,28,61,2,0,2,1,1,20,3,6,0,51,93,1,1,0,70.8,Medium Risk
S01292,28,61,1,0,2,1,1,20,3,6,0,51,93,1,1,0,70.8,Medium Risk
S01293,10,82,0,0,1,1,0,23,3,9,0,71,66,1,1,2,72.3,Low Risk
S01294,10,82,0,0,1,1,0,26,2,0,1,65,89,1,0,0,79.7,Low Risk
S01295,21,91,1,0,1,1,0,20,1,8,1,95,44,1,1,3,73.4,Medium Risk
S01296,21,91,1,0,1,1,0,26,1,4,1,86,91,1,2,0,89.5,Low Risk
S01297,21,91,1,0,1,1,0,19,2,4,1,93,95,1,1,0,93.2,Low Risk
S01298,21,91,1,0,1,1,0,20,1,8,1,95,44,1,1,3,73.4,Medium Risk
S01299,21,91,1,0,1,1,0,26,1,4,1,86,91,1,2,0,89.5,Low Risk
S01300,21,91,1,0,1,1,0,19,2,4,1,93,95,1,1,0,93.2,Low Risk
S01301,21,91,2,0,1,1,0,20,1,8,1,95,44,1,1,3,73.4,Medium Risk
S01302,21,91,2,0,1,1,0,26,1,4,1,86,91,1,2,0,89.5,Low Risk
S01303,21,91,2,0,1,1,0,19,2,4,1,93,95,1,1,0,93.2,Low Risk
S01304,21,91,1,1,2,1,0,20,1,8,1,95,44,1,1,3,73.4,Medium Risk
S01305,21,91,1,1,2,1,0,26,1,4,1,86,91,1,2,0,89.5,Low Risk
S01306,21,91,1,1,2,1,0,19,2,4,1,93,95,1,1,0,93.2,Low Risk
S01307,21,91,1,1,2,1,0,20,1,8,1,95,44,1,1,3,73.4,Medium Risk
S01308,21,91,1,1,2,1,0,26,1,4,1,86,91,1,2,0,89.5,Low Risk
S01309,21,91,1,1,2,1,0,19,2,4,1,93,95,1,1,0,93.2,Low Risk
S01310,21,91,1,1,2,1,0,20,1,8,1,95,44,1,1,3,73.4,Medium Risk
S01311,21,91,1,1,2,1,0,26,1,4,1,86,91,1,2,0,89.5,Low Risk
S01312,21,91,1,1,2,1,0,19,2,4,1,93,95,1,1,0,93.2,Low Risk
S01313,21,91,2,1,1,1,0,20,1,8,1,95,44,1,1,3,73.4,Medium Risk
S01314,21,91,2,1,1,1,0,26,1,4,1,86,91,1,2,0,89.5,Low Risk
S01315,21,91,2,1,1,1,0,19,2,4,1,93,95,1,1,0,93.2,Low Risk
S01316,21,91,1,0,0,1,0,20,1,8,1,95,44,1,1,3,73.4,Medium Risk
S01317,21,91,1,0,0,1,0,26,1,4,1,86,91,1,2,0,89.5,Low Risk
S01318,21,91,1,0,0,1,0,19,2,4,1,93,95,1,1,0,93.2,Low Risk
S01319,21,91,2,1,0,1,0,20,1,8,1,95,44,1,1,3,73.4,Medium Risk
S01320,21,91,2,1,0,1,0,26,1,4,1,86,91,1,2,0,89.5,Low Risk
S01321,21,91,2,1,0,1,0,19,2,4,1,93,95,1,1,0,93.2,Low Risk
S01322,21,91,2,1,0,1,0,20,1,8,1,95,44,1,1,3,73.4,Medium Risk
S01323,21,91,2,1,0,1,0,26,1,4,1,86,91,1,2,0,89.5,Low Risk
S01324,21,91,2,1,0,1,0,19,2,4,1,93,95,1,1,0,93.2,Low Risk
S01325,22,82,1,0,1,1,0,26,0,14,1,93,70,0,0,1,80.5,Low Risk
S01326,22,82,1,0,1,1,0,21,2,14,0,97,86,0,2,0,88.1,Low Risk
S01327,22,82,1,1,0,1,0,26,0,14,1,93,70,0,0,1,80.5,Low Risk
S01328,22,82,1,1,0,1,0,21,2,14,0,97,86,0,2,0,88.1,Low Risk
S01329,22,82,1,1,2,1,0,26,0,14,1,93,70,0,0,1,80.5,Low Risk
S01330,22,82,1,1,2,1,0,21,2,14,0,97,86,0,2,0,88.1,Low Risk
S01331,22,82,1,0,0,1,0,26,0,14,1,93,70,0,0,1,80.5,Low Risk
S01332,22,82,1,0,0,1,0,21,2,14,0,97,86,0,2,0,88.1,Low Risk
S01333,22,82,2,0,1,0,0,26,0,14,1,93,70,0,0,1,80.5,Low Risk
S01334,22,82,2,0,1,0,0,21,2,14,0,97,86,0,2,0,88.1,Low Risk
S01335,25,73,2,0,2,0,0,25,0,1,0,82,45,0,2,3,64.5,Medium Risk
S01336,25,73,2,0,2,0,0,27,0,4,0,81,62,1,2,2,71.0,Medium Risk
S01337,25,73,2,0,2,0,0,19,3,0,0,57,54,1,0,3,60.6,Medium Risk
S01338,25,73,0,0,1,1,0,25,0,1,0,82,45,0,2,3,64.5,Medium Risk
S01339,25,73,0,0,1,1,0,27,0,4,0,81,62,1,2,2,71.0,Medium Risk
S01340,25,73,0,0,1,1,0,19,3,0,0,57,54,1,0,3,60.6,Medium Risk
S01341,25,73,1,1,0,1,0,25,0,1,0,82,45,0,2,3,64.5,Medium Risk
S01342,25,73,1,1,0,1,0,27,0,4,0,81,62,1,2,2,71.0,Medium Risk
S01343,25,73,1,1,0,1,0,19,3,0,0,57,54,1,0,3,60.6,Medium Risk
S01344,25,73,1,1,1,1,0,25,0,1,0,82,45,0,2,3,64.5,Medium Risk
S01345,25,73,1,1,1,1,0,27,0,4,0,81,62,1,2,2,71.0,Medium Risk
S01346,25,73,1,1,1,1,0,19,3,0,0,57,54,1,0,3,60.6,Medium Risk
S01347,25,73,1,1,0,1,0,25,0,1,0,82,45,0,2,3,64.5,Medium Risk
S01348,25,73,1,1,0,1,0,27,0,4,0,81,62,1,2,2,71.0,Medium Risk
S01349,25,73,1,1,0,1,0,19,3,0,0,57,54,1,0,3,60.6,Medium Risk
S01350,25,73,1,1,1,1,0,25,0,1,0,82,45,0,2,3,64.5,Medium Risk
S01351,25,73,1,1,1,1,0,27,0,4,0,81,62,1,2,2,71.0,Medium Risk
S01352,25,73,1,1,1,1,0,19,3,0,0,57,54,1,0,3,60.6,Medium Risk
S01353,25,73,2,1,1,1,0,25,0,1,0,82,45,0,2,3,64.5,Medium Risk
S01354,25,73,2,1,1,1,0,27,0,4,0,81,62,1,2,2,71.0,Medium Risk
S01355,25,73,2,1,1,1,0,19,3,0,0,57,54,1,0,3,60.6,Medium Risk
S01356,25,73,1,1,1,1,0,25,0,1,0,82,45,0,2,3,64.5,Medium Risk
S01357,25,73,1,1,1,1,0,27,0,4,0,81,62,1,2,2,71.0,Medium Risk
S01358,25,73,1,1,1,1,0,19,3,0,0,57,54,1,0,3,60.6,Medium Risk
S01359,25,73,1,0,2,1,0,25,0,1,0,82,45,0,2,3,64.5,Medium Risk
S01360,25,73,1,0,2,1,0,27,0,4,0,81,62,1,2,2,71.0,Medium Risk
S01361,25,73,1,0,2,1,0,19,3,0,0,57,54,1,0,3,60.6,Medium Risk
S01362,23,79,2,1,0,1,0,29,1,0,1,98,61,1,2,2,77.5,Low Risk
S01363,23,79,2,1,0,1,0,18,3,19,1,57,54,1,1,3,62.400000000000006,Low Risk
S01364,23,79,2,1,0,1,0,21,2,7,1,98,97,1,2,0,91.9,Low Risk
S01365,23,79,2,1,0,1,0,23,1,17,1,51,42,1,1,3,55.8,Medium Risk
S01366,23,79,1,0,1,1,0,29,1,0,1,98,61,1,2,2,77.5,Low Risk
S01367,23,79,1,0,1,1,0,18,3,19,1,57,54,1,1,3,62.400000000000006,Low Risk
S01368,23,79,1,0,1,1,0,21,2,7,1,98,97,1,2,0,91.9,Low Risk
S01369,23,79,1,0,1,1,0,23,1,17,1,51,42,1,1,3,55.8,Medium Risk
S01370,23,79,1,1,1,1,0,29,1,0,1,98,61,1,2,2,77.5,Low Risk
S01371,23,79,1,1,1,1,0,18,3,19,1,57,54,1,1,3,62.400000000000006,Low Risk
S01372,23,79,1,1,1,1,0,21,2,7,1,98,97,1,2,0,91.9,Low Risk
S01373,23,79,1,1,1,1,0,23,1,17,1,51,42,1,1,3,55.8,Medium Risk
S01374,23,79,1,1,1,1,0,29,1,0,1,98,61,1,2,2,77.5,Low Risk
S01375,23,79,1,1,1,1,0,18,3,19,1,57,54,1,1,3,62.400000000000006,Low Risk
S01376,23,79,1,1,1,1,0,21,2,7,1,98,97,1,2,0,91.9,Low Risk
S01377,23,79,1,1,1,1,0,23,1,17,1,51,42,1,1,3,55.8,Medium Risk
S01378,23,79,0,1,0,1,0,29,1,0,1,98,61,1,2,2,77.5,Low Risk
S01379,23,79,0,1,0,1,0,18,3,19,1,57,54,1,1,3,62.400000000000006,Low Risk
S01380,23,79,0,1,0,1,0,21,2,7,1,98,97,1,2,0,91.9,Low Risk
S01381,23,79,0,1,0,1,0,23,1,17,1,51,42,1,1,3,55.8,Medium Risk
S01382,22,95,2,1,1,1,0,26,3,6,1,67,49,1,2,3,68.2,Medium Risk
S01383,22,95,2,1,1,1,0,21,0,10,1,64,40,1,1,3,63.7,Medium Risk
S01384,22,95,2,1,1,1,0,22,1,7,0,56,72,1,2,1,74.1,Low Risk
S01385,22,95,2,1,1,1,0,24,2,6,1,98,92,0,0,0,94.7,Low Risk
S01386,22,95,2,1,1,1,0,21,1,10,1,98,64,0,2,2,83.5,Low Risk
S01387,22,95,0,1,1,0,0,26,3,6,1,67,49,1,2,3,68.2,Medium Risk
S01388,22,95,0,1,1,0,0,21,0,10,1,64,40,1,1,3,63.7,Medium Risk
S01389,22,95,0,1,1,0,0,22,1,7,0,56,72,1,2,1,74.1,Low Risk
S01390,22,95,0,1,1,0,0,24,2,6,1,98,92,0,0,0,94.7,Low Risk
S01391,22,95,0,1,1,0,0,21,1,10,1,98,64,0,2,2,83.5,Low Risk
S01392,22,95,0,0,1,1,0,26,3,6,1,67,49,1,2,3,68.2,Medium Risk
S01393,22,95,0,0,1,1,0,21,0,10,1,64,40,1,1,3,63.7,Medium Risk
S01394,22,95,0,0,1,1,0,22,1,7,0,56,72,1,2,1,74.1,Low Risk
S01395,22,95,0,0,1,1,0,24,2,6,1,98,92,0,0,0,94.7,Low Risk
S01396,22,95,0,0,1,1,0,21,1,10,1,98,64,0,2,2,83.5,Low Risk
S01397,22,83,2,1,1,1,0,22,0,18,0,73,44,1,0,3,64.4,Medium Risk
S01398,22,83,2,1,1,1,0,20,3,20,1,71,64,1,2,2,71.80000000000001,Low Risk
S01399,22,83,2,1,1,1,0,20,2,2,0,66,87,1,2,0,79.5,Low Risk
S01400,22,83,1,1,0,0,0,22,0,18,0,73,44,1,0,3,64.4,Medium Risk
S01401,22,83,1,1,0,0,0,20,3,20,1,71,64,1,2,2,71.80000000000001,Low Risk
S01402,22,83,1,1,0,0,0,20,2,2,0,66,87,1,2,0,79.5,Low Risk
S01403,22,83,2,0,1,0,0,22,0,18,0,73,44,1,0,3,64.4,Medium Risk
S01404,22,83,2,0,1,0,0,20,3,20,1,71,64,1,2,2,71.80000000000001,Low Risk
S01405,22,83,2,0,1,0,0,20,2,2,0,66,87,1,2,0,79.5,Low Risk
S01406,22,83,2,1,1,0,0,22,0,18,0,73,44,1,0,3,64.4,Medium Risk
S01407,22,83,2,1,1,0,0,20,3,20,1,71,64,1,2,2,71.80000000000001,Low Risk
S01408,22,83,2,1,1,0,0,20,2,2,0,66,87,1,2,0,79.5,Low Risk
S01409,22,83,2,1,1,1,0,22,0,18,0,73,44,1,0,3,64.4,Medium Risk
S01410,22,83,2,1,1,1,0,20,3,20,1,71,64,1,2,2,71.80000000000001,Low Risk
S01411,22,83,2,1,1,1,0,20,2,2,0,66,87,1,2,0,79.5,Low Risk
S01412,22,83,0,1,1,1,0,22,0,18,0,73,44,1,0,3,64.4,Medium Risk
S01413,22,83,0,1,1,1,0,20,3,20,1,71,64,1,2,2,71.80000000000001,Low Risk
S01414,22,83,0,1,1,1,0,20,2,2,0,66,87,1,2,0,79.5,Low Risk
S01415,22,83,1,0,0,1,0,22,0,18,0,73,44,1,0,3,64.4,Medium Risk
S01416,22,83,1,0,0,1,0,20,3,20,1,71,64,1,2,2,71.80000000000001,Low Risk
S01417,22,83,1,0,0,1,0,20,2,2,0,66,87,1,2,0,79.5,Low Risk
S01418,22,87,2,0,0,1,0,29,3,6,0,100,61,1,2,2,80.5,Low Risk
S01419,22,87,2,0,0,1,0,27,2,15,1,53,45,1,2,3,60.0,Medium Risk
S01420,22,87,2,0,0,1,0,27,3,1,1,83,83,0,1,1,84.2,Low Risk
S01421,22,87,2,0,0,1,0,22,2,18,1,89,86,1,1,0,87.19999999999999,Low Risk
S01422,22,87,2,0,0,1,0,26,3,6,1,52,47,0,2,3,60.5,Medium Risk
S01423,22,87,2,1,1,1,0,29,3,6,0,100,61,1,2,2,80.5,Low Risk
S01424,22,87,2,1,1,1,0,27,2,15,1,53,45,1,2,3,60.0,Medium Risk
S01425,22,87,2,1,1,1,0,27,3,1,1,83,83,0,1,1,84.2,Low Risk
S01426,22,87,2,1,1,1,0,22,2,18,1,89,86,1,1,0,87.19999999999999,Low Risk
S01427,22,87,2,1,1,1,0,26,3,6,1,52,47,0,2,3,60.5,Medium Risk
S01428,22,87,2,1,1,1,0,29,3,6,0,100,61,1,2,2,80.5,Low Risk
S01429,22,87,2,1,1,1,0,27,2,15,1,53,45,1,2,3,60.0,Medium Risk
S01430,22,87,2,1,1,1,0,27,3,1,1,83,83,0,1,1,84.2,Low Risk
S01431,22,87,2,1,1,1,0,22,2,18,1,89,86,1,1,0,87.19999999999999,Low Risk
S01432,22,87,2,1,1,1,0,26,3,6,1,52,47,0,2,3,60.5,Medium Risk
S01433,22,87,2,1,1,0,0,29,3,6,0,100,61,1,2,2,80.5,Low Risk
S01434,22,87,2,1,1,0,0,27,2,15,1,53,45,1,2,3,60.0,Medium Risk
S01435,22,87,2,1,1,0,0,27,3,1,1,83,83,0,1,1,84.2,Low Risk
S01436,22,87,2,1,1,0,0,22,2,18,1,89,86,1,1,0,87.19999999999999,Low Risk
S01437,22,87,2,1,1,0,0,26,3,6,1,52,47,0,2,3,60.5,Medium Risk
S01438,16,92,2,1,0,1,1,29,1,16,1,67,66,1,2,2,74.1,Low Risk
S01439,16,92,2,1,0,1,1,24,1,3,1,74,61,1,2,2,74.2,Low Risk
S01440,16,92,2,1,0,1,1,25,1,10,0,84,56,0,2,2,75.2,Low Risk
S01441,16,92,1,1,2,1,1,29,1,16,1,67,66,1,2,2,74.1,Low Risk
S01442,16,92,1,1,2,1,1,24,1,3,1,74,61,1,2,2,74.2,Low Risk
S01443,16,92,1,1,2,1,1,25,1,10,0,84,56,0,2,2,75.2,Low Risk
S01444,16,92,2,1,1,1,1,29,1,16,1,67,66,1,2,2,74.1,Low Risk
S01445,16,92,2,1,1,1,1,24,1,3,1,74,61,1,2,2,74.2,Low Risk
S01446,16,92,2,1,1,1,1,25,1,10,0,84,56,0,2,2,75.2,Low Risk
S01447,16,92,1,1,2,0,1,29,1,16,1,67,66,1,2,2,74.1,Low Risk
S01448,16,92,1,1,2,0,1,24,1,3,1,74,61,1,2,2,74.2,Low Risk
S01449,16,92,1,1,2,0,1,25,1,10,0,84,56,0,2,2,75.2,Low Risk
S01450,16,92,2,1,1,1,1,29,1,16,1,67,66,1,2,2,74.1,Low Risk
S01451,16,92,2,1,1,1,1,24,1,3,1,74,61,1,2,2,74.2,Low Risk
S01452,16,92,2,1,1,1,1,25,1,10,0,84,56,0,2,2,75.2,Low Risk
S01453,21,86,1,1,1,1,0,28,3,3,0,85,69,1,2,2,78.9,Low Risk
S01454,21,86,0,0,1,1,0,28,3,3,0,85,69,1,2,2,78.9,Low Risk
S01455,22,76,1,1,1,1,0,19,3,0,1,50,44,1,2,3,55.400000000000006,Medium Risk
S01456,22,76,0,0,1,1,0,19,3,0,1,50,44,1,2,3,55.400000000000006,Medium Risk
S01457,22,76,0,0,0,1,0,19,3,0,1,50,44,1,2,3,55.400000000000006,Medium Risk
S01458,22,76,1,1,1,1,0,19,3,0,1,50,44,1,2,3,55.400000000000006,Medium Risk
S01459,22,76,2,0,0,1,0,19,3,0,1,50,44,1,2,3,55.400000000000006,Medium Risk
S01460,16,81,1,1,1,1,0,26,0,9,1,50,50,0,1,3,59.3,Low Risk
S01461,16,81,2,1,1,1,0,26,0,9,1,50,50,0,1,3,59.3,Low Risk
S01462,23,75,2,0,0,1,1,28,0,6,0,73,100,0,2,0,84.4,Low Risk
S01463,23,75,2,0,0,1,1,28,1,0,1,65,85,1,1,0,76.0,Low Risk
S01464,23,75,1,0,2,1,1,28,0,6,0,73,100,0,2,0,84.4,Low Risk
S01465,23,75,1,0,2,1,1,28,1,0,1,65,85,1,1,0,76.0,Low Risk
S01466,23,75,0,1,1,1,1,28,0,6,0,73,100,0,2,0,84.4,Low Risk
S01467,23,75,0,1,1,1,1,28,1,0,1,65,85,1,1,0,76.0,Low Risk
S01468,23,75,0,1,1,1,1,28,0,6,0,73,100,0,2,0,84.4,Low Risk
S01469,23,75,0,1,1,1,1,28,1,0,1,65,85,1,1,0,76.0,Low Risk
S01470,13,76,2,0,0,1,0,22,0,6,1,85,84,1,0,1,81.9,Low Risk
S01471,13,76,2,0,0,1,0,23,1,10,1,89,63,1,2,2,74.7,Low Risk
S01472,13,76,2,0,0,1,0,26,0,16,0,62,98,1,0,0,80.6,Low Risk
S01473,24,64,1,1,2,1,1,28,3,5,0,81,55,1,0,2,65.5,Medium Risk
S01474,24,64,1,1,2,1,1,26,3,17,1,60,63,1,2,2,62.400000000000006,Medium Risk
S01475,24,64,1,1,2,1,1,27,1,6,0,89,45,1,2,3,63.900000000000006,Medium Risk
S01476,24,64,2,1,2,1,1,28,3,5,0,81,55,1,0,2,65.5,Medium Risk
S01477,24,64,2,1,2,1,1,26,3,17,1,60,63,1,2,2,62.400000000000006,Medium Risk
S01478,24,64,2,1,2,1,1,27,1,6,0,89,45,1,2,3,63.900000000000006,Medium Risk
S01479,24,64,1,1,0,1,1,28,3,5,0,81,55,1,0,2,65.5,Medium Risk
S01480,24,64,1,1,0,1,1,26,3,17,1,60,63,1,2,2,62.400000000000006,Medium Risk
S01481,24,64,1,1,0,1,1,27,1,6,0,89,45,1,2,3,63.900000000000006,Medium Risk
S01482,24,64,0,0,1,1,1,28,3,5,0,81,55,1,0,2,65.5,Medium Risk
S01483,24,64,0,0,1,1,1,26,3,17,1,60,63,1,2,2,62.400000000000006,Medium Risk
S01484,24,64,0,0,1,1,1,27,1,6,0,89,45,1,2,3,63.900000000000006,Medium Risk
S01485,14,97,1,1,1,1,0,19,1,0,1,75,79,1,2,1,83.2,Low Risk
S01486,14,97,1,1,1,1,0,20,3,6,1,77,57,1,2,2,75.0,Low Risk
S01487,14,97,1,1,1,1,0,20,0,2,1,94,86,1,0,0,91.69999999999999,Low Risk
S01488,14,97,1,1,1,1,0,29,3,3,1,93,48,1,1,3,76.2,Medium Risk
S01489,14,97,1,1,1,1,0,19,1,0,1,75,79,1,2,1,83.2,Low Risk
S01490,14,97,1,1,1,1,0,20,3,6,1,77,57,1,2,2,75.0,Low Risk
S01491,14,97,1,1,1,1,0,20,0,2,1,94,86,1,0,0,91.69999999999999,Low Risk
S01492,14,97,1,1,1,1,0,29,3,3,1,93,48,1,1,3,76.2,Medium Risk
S01493,14,97,0,0,2,1,0,19,1,0,1,75,79,1,2,1,83.2,Low Risk
S01494,14,97,0,0,2,1,0,20,3,6,1,77,57,1,2,2,75.0,Low Risk
S01495,14,97,0,0,2,1,0,20,0,2,1,94,86,1,0,0,91.69999999999999,Low Risk
S01496,14,97,0,0,2,1,0,29,3,3,1,93,48,1,1,3,76.2,Medium Risk
S01497,14,97,2,0,1,0,0,19,1,0,1,75,79,1,2,1,83.2,Low Risk
S01498,14,97,2,0,1,0,0,20,3,6,1,77,57,1,2,2,75.0,Low Risk
S01499,14,97,2,0,1,0,0,20,0,2,1,94,86,1,0,0,91.69999999999999,Low Risk
S01500,14,97,2,0,1,0,0,29,3,3,1,93,48,1,1,3,76.2,Medium Risk
S01501,14,97,1,1,1,1,0,19,1,0,1,75,79,1,2,1,83.2,Low Risk
S01502,14,97,1,1,1,1,0,20,3,6,1,77,57,1,2,2,75.0,Low Risk
S01503,14,97,1,1,1,1,0,20,0,2,1,94,86,1,0,0,91.69999999999999,Low Risk
S01504,14,97,1,1,1,1,0,29,3,3,1,93,48,1,1,3,76.2,Medium Risk
S01505,14,97,1,1,2,1,0,19,1,0,1,75,79,1,2,1,83.2,Low Risk
S01506,14,97,1,1,2,1,0,20,3,6,1,77,57,1,2,2,75.0,Low Risk
S01507,14,97,1,1,2,1,0,20,0,2,1,94,86,1,0,0,91.69999999999999,Low Risk
S01508,14,97,1,1,2,1,0,29,3,3,1,93,48,1,1,3,76.2,Medium Risk
S01509,25,64,2,0,0,1,1,20,3,4,0,100,93,1,2,0,86.4,Medium Risk
S01510,25,64,2,0,0,1,1,22,1,7,1,57,40,1,0,3,52.3,Medium Risk
S01511,25,64,0,1,1,1,1,20,3,4,0,100,93,1,2,0,86.4,Medium Risk
S01512,25,64,0,1,1,1,1,22,1,7,1,57,40,1,0,3,52.3,Medium Risk
S01513,25,64,1,1,0,1,1,20,3,4,0,100,93,1,2,0,86.4,Medium Risk
S01514,25,64,1,1,0,1,1,22,1,7,1,57,40,1,0,3,52.3,Medium Risk
S01515,27,86,1,0,0,1,1,21,3,15,1,71,67,1,1,2,73.9,Low Risk
S01516,27,86,1,0,0,1,1,29,3,11,1,51,69,1,1,2,68.7,Low Risk
S01517,27,86,1,1,0,1,1,21,3,15,1,71,67,1,1,2,73.9,Low Risk
S01518,27,86,1,1,0,1,1,29,3,11,1,51,69,1,1,2,68.7,Low Risk
S01519,27,86,1,1,1,1,1,21,3,15,1,71,67,1,1,2,73.9,Low Risk
S01520,27,86,1,1,1,1,1,29,3,11,1,51,69,1,1,2,68.7,Low Risk
S01521,27,86,1,0,1,1,1,21,3,15,1,71,67,1,1,2,73.9,Low Risk
S01522,27,86,1,0,1,1,1,29,3,11,1,51,69,1,1,2,68.7,Low Risk
S01523,27,86,2,0,1,1,1,21,3,15,1,71,67,1,1,2,73.9,Low Risk
S01524,27,86,2,0,1,1,1,29,3,11,1,51,69,1,1,2,68.7,Low Risk
S01525,27,86,1,0,1,1,1,21,3,15,1,71,67,1,1,2,73.9,Low Risk
S01526,27,86,1,0,1,1,1,29,3,11,1,51,69,1,1,2,68.7,Low Risk
S01527,15,77,1,1,0,1,1,19,2,2,0,90,74,0,2,1,79.7,Low Risk
S01528,15,77,1,1,0,1,1,28,0,10,1,51,81,1,2,1,70.8,Low Risk
S01529,15,77,1,1,2,1,1,19,2,2,0,90,74,0,2,1,79.7,Low Risk
S01530,15,77,1,1,2,1,1,28,0,10,1,51,81,1,2,1,70.8,Low Risk
S01531,15,77,1,1,0,1,1,19,2,2,0,90,74,0,2,1,79.7,Low Risk
S01532,15,77,1,1,0,1,1,28,0,10,1,51,81,1,2,1,70.8,Low Risk
S01533,15,77,1,1,0,1,1,19,2,2,0,90,74,0,2,1,79.7,Low Risk
S01534,15,77,1,1,0,1,1,28,0,10,1,51,81,1,2,1,70.8,Low Risk
S01535,15,77,1,1,1,1,1,19,2,2,0,90,74,0,2,1,79.7,Low Risk
S01536,15,77,1,1,1,1,1,28,0,10,1,51,81,1,2,1,70.8,Low Risk
S01537,15,77,1,1,0,0,1,19,2,2,0,90,74,0,2,1,79.7,Low Risk
S01538,15,77,1,1,0,0,1,28,0,10,1,51,81,1,2,1,70.8,Low Risk
S01539,15,77,2,1,1,1,1,19,2,2,0,90,74,0,2,1,79.7,Low Risk
S01540,15,77,2,1,1,1,1,28,0,10,1,51,81,1,2,1,70.8,Low Risk
S01541,26,76,2,1,1,1,1,28,3,12,1,77,48,1,2,3,65.1,Medium Risk
S01542,26,76,2,1,1,1,1,19,3,20,1,98,49,0,1,3,71.8,Medium Risk
S01543,26,76,2,1,1,1,1,29,2,17,1,70,91,1,2,0,80.2,Low Risk
S01544,26,76,1,1,1,1,1,28,3,12,1,77,48,1,2,3,65.1,Medium Risk
S01545,26,76,1,1,1,1,1,19,3,20,1,98,49,0,1,3,71.8,Medium Risk
S01546,26,76,1,1,1,1,1,29,2,17,1,70,91,1,2,0,80.2,Low Risk
S01547,26,76,1,1,1,1,1,28,3,12,1,77,48,1,2,3,65.1,Medium Risk
S01548,26,76,1,1,1,1,1,19,3,20,1,98,49,0,1,3,71.8,Medium Risk
S01549,26,76,1,1,1,1,1,29,2,17,1,70,91,1,2,0,80.2,Low Risk
S01550,26,76,1,1,2,1,1,28,3,12,1,77,48,1,2,3,65.1,Medium Risk
S01551,26,76,1,1,2,1,1,19,3,20,1,98,49,0,1,3,71.8,Medium Risk
S01552,26,76,1,1,2,1,1,29,2,17,1,70,91,1,2,0,80.2,Low Risk
S01553,26,76,1,0,0,1,1,28,3,12,1,77,48,1,2,3,65.1,Medium Risk
S01554,26,76,1,0,0,1,1,19,3,20,1,98,49,0,1,3,71.8,Medium Risk
S01555,26,76,1,0,0,1,1,29,2,17,1,70,91,1,2,0,80.2,Low Risk
S01556,26,76,0,1,0,1,1,28,3,12,1,77,48,1,2,3,65.1,Medium Risk
S01557,26,76,0,1,0,1,1,19,3,20,1,98,49,0,1,3,71.8,Medium Risk
S01558,26,76,0,1,0,1,1,29,2,17,1,70,91,1,2,0,80.2,Low Risk
S01559,26,76,0,0,2,1,1,28,3,12,1,77,48,1,2,3,65.1,Medium Risk
S01560,26,76,0,0,2,1,1,19,3,20,1,98,49,0,1,3,71.8,Medium Risk
S01561,26,76,0,0,2,1,1,29,2,17,1,70,91,1,2,0,80.2,Low Risk
S01562,22,87,0,1,1,0,1,18,3,16,1,100,82,1,2,1,88.9,Low Risk
S01563,22,87,1,0,0,1,1,18,3,16,1,100,82,1,2,1,88.9,Low Risk
S01564,22,87,1,0,0,1,1,18,3,16,1,100,82,1,2,1,88.9,Low Risk
S01565,31,84,1,1,1,1,1,26,2,3,0,60,56,1,1,2,65.60000000000001,Low Risk
S01566,31,84,1,1,1,1,1,22,0,10,1,91,70,1,2,1,80.5,Low Risk
S01567,31,84,1,0,2,1,1,26,2,3,0,60,56,1,1,2,65.60000000000001,Low Risk
S01568,31,84,1,0,2,1,1,22,0,10,1,91,70,1,2,1,80.5,Low Risk
S01569,31,84,2,0,0,1,1,26,2,3,0,60,56,1,1,2,65.60000000000001,Low Risk
S01570,31,84,2,0,0,1,1,22,0,10,1,91,70,1,2,1,80.5,Low Risk
S01571,31,84,1,0,1,0,1,26,2,3,0,60,56,1,1,2,65.60000000000001,Low Risk
S01572,31,84,1,0,1,0,1,22,0,10,1,91,70,1,2,1,80.5,Low Risk
S01573,19,91,0,0,1,1,1,24,0,20,0,53,66,1,0,2,69.6,Low Risk
S01574,19,91,0,0,1,1,1,27,1,11,1,65,52,1,1,3,67.6,Low Risk
S01575,19,91,0,1,1,1,1,24,0,20,0,53,66,1,0,2,69.6,Low Risk
S01576,19,91,0,1,1,1,1,27,1,11,1,65,52,1,1,3,67.6,Low Risk
S01577,19,91,0,0,1,1,1,24,0,20,0,53,66,1,0,2,69.6,Low Risk
S01578,19,91,0,0,1,1,1,27,1,11,1,65,52,1,1,3,67.6,Low Risk
S01579,19,91,2,1,2,1,1,24,0,20,0,53,66,1,0,2,69.6,Low Risk
S01580,19,91,2,1,2,1,1,27,1,11,1,65,52,1,1,3,67.6,Low Risk
S01581,19,91,1,0,2,1,1,24,0,20,0,53,66,1,0,2,69.6,Low Risk
S01582,19,91,1,0,2,1,1,27,1,11,1,65,52,1,1,3,67.6,Low Risk
S01583,19,91,0,0,2,1,1,24,0,20,0,53,66,1,0,2,69.6,Low Risk
S01584,19,91,0,0,2,1,1,27,1,11,1,65,52,1,1,3,67.6,Low Risk
S01585,15,93,1,0,1,1,1,19,2,13,0,62,90,1,1,0,82.5,Low Risk
S01586,15,93,1,0,1,1,1,22,3,10,1,50,56,1,1,2,65.30000000000001,Low Risk
S01587,15,93,1,0,1,1,1,19,2,13,0,62,90,1,1,0,82.5,Low Risk
S01588,15,93,1,0,1,1,1,22,3,10,1,50,56,1,1,2,65.30000000000001,Low Risk
S01589,15,93,1,1,0,1,1,19,2,13,0,62,90,1,1,0,82.5,Low Risk
S01590,15,93,1,1,0,1,1,22,3,10,1,50,56,1,1,2,65.30000000000001,Low Risk
S01591,15,67,1,1,2,1,1,18,1,6,1,61,100,1,2,0,78.39999999999999,Medium Risk
S01592,15,67,1,1,2,1,1,20,1,17,0,77,85,1,1,0,77.19999999999999,Medium Risk
S01593,15,67,1,0,1,1,1,18,1,6,1,61,100,1,2,0,78.39999999999999,Medium Risk
S01594,15,67,1,0,1,1,1,20,1,17,0,77,85,1,1,0,77.19999999999999,Medium Risk
S01595,15,67,1,1,0,1,1,18,1,6,1,61,100,1,2,0,78.39999999999999,Medium Risk
S01596,15,67,1,1,0,1,1,20,1,17,0,77,85,1,1,0,77.19999999999999,Medium Risk
S01597,15,67,1,1,1,1,1,18,1,6,1,61,100,1,2,0,78.39999999999999,Medium Risk
S01598,15,67,1,1,1,1,1,20,1,17,0,77,85,1,1,0,77.19999999999999,Medium Risk
S01599,15,67,2,1,0,1,1,18,1,6,1,61,100,1,2,0,78.39999999999999,Medium Risk
S01600,15,67,2,1,0,1,1,20,1,17,0,77,85,1,1,0,77.19999999999999,Medium Risk
S01601,15,67,2,1,2,1,1,18,1,6,1,61,100,1,2,0,78.39999999999999,Medium Risk
S01602,15,67,2,1,2,1,1,20,1,17,0,77,85,1,1,0,77.19999999999999,Medium Risk
S01603,15,67,1,1,0,1,1,18,1,6,1,61,100,1,2,0,78.39999999999999,Medium Risk
S01604,15,67,1,1,0,1,1,20,1,17,0,77,85,1,1,0,77.19999999999999,Medium Risk
S01605,15,67,1,1,1,1,1,18,1,6,1,61,100,1,2,0,78.39999999999999,Medium Risk
S01606,15,67,1,1,1,1,1,20,1,17,0,77,85,1,1,0,77.19999999999999,Medium Risk
S01607,15,67,1,1,0,1,1,18,1,6,1,61,100,1,2,0,78.39999999999999,Medium Risk
S01608,15,67,1,1,0,1,1,20,1,17,0,77,85,1,1,0,77.19999999999999,Medium Risk
S01609,15,67,1,1,2,1,1,18,1,6,1,61,100,1,2,0,78.39999999999999,Medium Risk
S01610,15,67,1,1,2,1,1,20,1,17,0,77,85,1,1,0,77.19999999999999,Medium Risk
S01611,15,67,0,1,1,1,1,18,1,6,1,61,100,1,2,0,78.39999999999999,Medium Risk
S01612,15,67,0,1,1,1,1,20,1,17,0,77,85,1,1,0,77.19999999999999,Medium Risk
S01613,15,96,1,0,2,0,1,18,0,9,0,98,73,0,2,1,87.4,Low Risk
S01614,15,96,1,0,1,1,1,18,0,9,0,98,73,0,2,1,87.4,Low Risk
S01615,15,96,2,1,2,1,1,18,0,9,0,98,73,0,2,1,87.4,Low Risk
S01616,15,96,2,1,2,1,1,18,0,9,0,98,73,0,2,1,87.4,Low Risk
S01617,15,96,1,1,1,1,1,18,0,9,0,98,73,0,2,1,87.4,Low Risk
S01618,15,96,0,0,2,1,1,18,0,9,0,98,73,0,2,1,87.4,Low Risk
S01619,15,96,2,0,1,1,1,18,0,9,0,98,73,0,2,1,87.4,Low Risk
S01620,20,86,0,0,1,1,0,27,3,3,1,50,73,1,2,1,70.0,Low Risk
S01621,20,86,0,0,1,1,0,24,1,1,1,73,88,1,2,0,82.9,Low Risk
S01622,20,86,0,0,1,1,0,23,3,18,1,75,76,1,1,1,78.7,Low Risk
S01623,20,86,0,0,0,1,0,27,3,3,1,50,73,1,2,1,70.0,Low Risk
S01624,20,86,0,0,0,1,0,24,1,1,1,73,88,1,2,0,82.9,Low Risk
S01625,20,86,0,0,0,1,0,23,3,18,1,75,76,1,1,1,78.7,Low Risk
S01626,22,95,2,0,0,1,1,29,1,3,1,66,87,0,1,0,83.10000000000001,Low Risk
S01627,22,95,1,0,1,1,1,29,1,3,1,66,87,0,1,0,83.10000000000001,Low Risk
S01628,22,95,1,0,1,1,1,29,1,3,1,66,87,0,1,0,83.10000000000001,Low Risk
S01629,22,95,2,1,2,1,1,29,1,3,1,66,87,0,1,0,83.10000000000001,Low Risk
S01630,22,95,1,0,1,1,1,29,1,3,1,66,87,0,1,0,83.10000000000001,Low Risk
S01631,22,79,1,0,1,1,1,26,2,5,0,100,86,1,2,0,88.10000000000001,Low Risk
S01632,22,79,1,0,1,1,1,26,2,5,0,100,86,1,2,0,88.10000000000001,Low Risk
S01633,22,79,1,1,2,1,1,26,2,5,0,100,86,1,2,0,88.10000000000001,Low Risk
S01634,22,79,1,0,1,1,1,26,2,5,0,100,86,1,2,0,88.10000000000001,Low Risk
S01635,22,79,2,1,1,1,1,26,2,5,0,100,86,1,2,0,88.10000000000001,Low Risk
S01636,22,79,1,1,0,1,1,26,2,5,0,100,86,1,2,0,88.10000000000001,Low Risk
S01637,22,79,1,1,1,1,1,26,2,5,0,100,86,1,2,0,88.10000000000001,Low Risk
S01638,22,79,0,1,0,1,1,26,2,5,0,100,86,1,2,0,88.10000000000001,Low Risk
S01639,22,79,1,0,0,1,1,26,2,5,0,100,86,1,2,0,88.10000000000001,Low Risk
S01640,22,79,0,0,1,1,1,26,2,5,0,100,86,1,2,0,88.10000000000001,Low Risk
S01641,25,82,1,0,1,0,0,18,2,14,0,79,72,0,0,1,77.1,Low Risk
S01642,25,82,1,0,1,0,0,18,2,0,0,88,49,1,2,3,70.6,Medium Risk
S01643,25,82,1,0,2,1,0,18,2,14,0,79,72,0,0,1,77.1,Low Risk
S01644,25,82,1,0,2,1,0,18,2,0,0,88,49,1,2,3,70.6,Medium Risk
S01645,25,82,1,1,2,1,0,18,2,14,0,79,72,0,0,1,77.1,Low Risk
S01646,25,82,1,1,2,1,0,18,2,0,0,88,49,1,2,3,70.6,Medium Risk
S01647,25,82,1,0,1,1,0,18,2,14,0,79,72,0,0,1,77.1,Low Risk
S01648,25,82,1,0,1,1,0,18,2,0,0,88,49,1,2,3,70.6,Medium Risk
S01649,20,97,1,1,0,1,1,23,0,7,0,85,80,1,0,1,86.6,Low Risk
S01650,20,97,1,1,0,1,1,18,2,3,1,74,91,0,2,0,87.69999999999999,Low Risk
S01651,20,97,1,1,0,1,1,23,2,8,0,74,59,1,1,2,74.89999999999999,Low Risk
S01652,20,97,2,0,1,1,1,23,0,7,0,85,80,1,0,1,86.6,Low Risk
S01653,20,97,2,0,1,1,1,18,2,3,1,74,91,0,2,0,87.69999999999999,Low Risk
S01654,20,97,2,0,1,1,1,23,2,8,0,74,59,1,1,2,74.89999999999999,Low Risk
S01655,20,97,2,0,0,1,1,23,0,7,0,85,80,1,0,1,86.6,Low Risk
S01656,20,97,2,0,0,1,1,18,2,3,1,74,91,0,2,0,87.69999999999999,Low Risk
S01657,20,97,2,0,0,1,1,23,2,8,0,74,59,1,1,2,74.89999999999999,Low Risk
S01658,20,97,1,1,2,1,1,23,0,7,0,85,80,1,0,1,86.6,Low Risk
S01659,20,97,1,1,2,1,1,18,2,3,1,74,91,0,2,0,87.69999999999999,Low Risk
S01660,20,97,1,1,2,1,1,23,2,8,0,74,59,1,1,2,74.89999999999999,Low Risk
S01661,20,97,1,1,2,1,1,23,0,7,0,85,80,1,0,1,86.6,Low Risk
S01662,20,97,1,1,2,1,1,18,2,3,1,74,91,0,2,0,87.69999999999999,Low Risk
S01663,20,97,1,1,2,1,1,23,2,8,0,74,59,1,1,2,74.89999999999999,Low Risk
S01664,20,97,2,1,1,1,1,23,0,7,0,85,80,1,0,1,86.6,Low Risk
S01665,20,97,2,1,1,1,1,18,2,3,1,74,91,0,2,0,87.69999999999999,Low Risk
S01666,20,97,2,1,1,1,1,23,2,8,0,74,59,1,1,2,74.89999999999999,Low Risk
S01667,20,97,0,1,0,1,1,23,0,7,0,85,80,1,0,1,86.6,Low Risk
S01668,20,97,0,1,0,1,1,18,2,3,1,74,91,0,2,0,87.69999999999999,Low Risk
S01669,20,97,0,1,0,1,1,23,2,8,0,74,59,1,1,2,74.89999999999999,Low Risk
S01670,20,97,1,0,1,1,1,23,0,7,0,85,80,1,0,1,86.6,Low Risk
S01671,20,97,1,0,1,1,1,18,2,3,1,74,91,0,2,0,87.69999999999999,Low Risk
S01672,20,97,1,0,1,1,1,23,2,8,0,74,59,1,1,2,74.89999999999999,Low Risk
S01673,29,96,1,1,0,0,0,28,0,17,1,62,59,1,2,2,71.0,Low Risk
S01674,29,96,0,0,1,1,0,28,0,17,1,62,59,1,2,2,71.0,Low Risk
S01675,29,96,2,1,1,1,0,28,0,17,1,62,59,1,2,2,71.0,Low Risk
S01676,18,78,1,0,2,1,0,29,3,8,1,50,67,0,2,2,65.19999999999999,Low Risk
S01677,18,78,0,0,1,1,0,29,3,8,1,50,67,0,2,2,65.19999999999999,Low Risk
S01678,18,78,1,1,2,0,0,29,3,8,1,50,67,0,2,2,65.19999999999999,Low Risk
S01679,18,78,1,1,0,0,0,29,3,8,1,50,67,0,2,2,65.19999999999999,Low Risk
S01680,18,78,0,1,1,1,0,29,3,8,1,50,67,0,2,2,65.19999999999999,Low Risk
S01681,18,78,2,1,1,1,0,29,3,8,1,50,67,0,2,2,65.19999999999999,Low Risk
S01682,18,78,1,1,1,1,0,29,3,8,1,50,67,0,2,2,65.19999999999999,Low Risk
S01683,36,71,1,1,1,1,1,27,1,17,0,94,60,1,2,2,73.5,Medium Risk
S01684,36,71,1,1,1,1,1,28,1,1,1,63,55,1,2,2,62.2,Medium Risk
S01685,24,76,2,0,0,1,1,29,1,17,1,76,58,0,1,2,68.8,Low Risk
S01686,24,76,2,0,0,1,1,27,3,4,1,90,98,1,2,0,89.0,Low Risk
S01687,24,76,2,0,0,1,1,26,2,3,0,99,40,1,2,3,68.5,Medium Risk
S01688,24,76,2,0,0,1,1,19,3,16,1,53,86,1,2,0,73.1,Low Risk
S01689,24,76,2,0,0,1,1,29,1,17,1,76,58,0,1,2,68.8,Low Risk
S01690,24,76,2,0,0,1,1,27,3,4,1,90,98,1,2,0,89.0,Low Risk
S01691,24,76,2,0,0,1,1,26,2,3,0,99,40,1,2,3,68.5,Medium Risk
S01692,24,76,2,0,0,1,1,19,3,16,1,53,86,1,2,0,73.1,Low Risk
S01693,24,76,1,1,1,1,1,29,1,17,1,76,58,0,1,2,68.8,Low Risk
S01694,24,76,1,1,1,1,1,27,3,4,1,90,98,1,2,0,89.0,Low Risk
S01695,24,76,1,1,1,1,1,26,2,3,0,99,40,1,2,3,68.5,Medium Risk
S01696,24,76,1,1,1,1,1,19,3,16,1,53,86,1,2,0,73.1,Low Risk
S01697,24,76,0,1,1,1,1,29,1,17,1,76,58,0,1,2,68.8,Low Risk
S01698,24,76,0,1,1,1,1,27,3,4,1,90,98,1,2,0,89.0,Low Risk
S01699,24,76,0,1,1,1,1,26,2,3,0,99,40,1,2,3,68.5,Medium Risk
S01700,24,76,0,1,1,1,1,19,3,16,1,53,86,1,2,0,73.1,Low Risk
S01701,24,76,0,1,0,1,1,29,1,17,1,76,58,0,1,2,68.8,Low Risk
S01702,24,76,0,1,0,1,1,27,3,4,1,90,98,1,2,0,89.0,Low Risk
S01703,24,76,0,1,0,1,1,26,2,3,0,99,40,1,2,3,68.5,Medium Risk
S01704,24,76,0,1,0,1,1,19,3,16,1,53,86,1,2,0,73.1,Low Risk
S01705,24,76,0,1,0,1,1,29,1,17,1,76,58,0,1,2,68.8,Low Risk
S01706,24,76,0,1,0,1,1,27,3,4,1,90,98,1,2,0,89.0,Low Risk
S01707,24,76,0,1,0,1,1,26,2,3,0,99,40,1,2,3,68.5,Medium Risk
S01708,24,76,0,1,0,1,1,19,3,16,1,53,86,1,2,0,73.1,Low Risk
S01709,24,76,1,0,2,1,1,29,1,17,1,76,58,0,1,2,68.8,Low Risk
S01710,24,76,1,0,2,1,1,27,3,4,1,90,98,1,2,0,89.0,Low Risk
S01711,24,76,1,0,2,1,1,26,2,3,0,99,40,1,2,3,68.5,Medium Risk
S01712,24,76,1,0,2,1,1,19,3,16,1,53,86,1,2,0,73.1,Low Risk
S01713,24,76,1,0,0,1,1,29,1,17,1,76,58,0,1,2,68.8,Low Risk
S01714,24,76,1,0,0,1,1,27,3,4,1,90,98,1,2,0,89.0,Low Risk
S01715,24,76,1,0,0,1,1,26,2,3,0,99,40,1,2,3,68.5,Medium Risk
S01716,24,76,1,0,0,1,1,19,3,16,1,53,86,1,2,0,73.1,Low Risk
S01717,15,76,2,0,1,1,1,28,2,18,1,61,42,1,2,3,57.900000000000006,Medium Risk
S01718,15,76,2,0,1,1,1,24,2,20,1,58,88,0,0,0,75.4,Low Risk
S01719,14,71,1,1,0,1,1,19,1,2,0,89,63,0,0,2,73.2,Medium Risk
S01720,14,71,1,1,0,1,1,19,0,18,1,60,42,0,0,3,56.099999999999994,Medium Risk
S01721,14,71,1,1,0,1,1,26,3,20,1,75,90,1,2,0,79.8,Medium Risk
S01722,23,71,0,1,0,1,1,26,3,2,1,69,46,0,2,3,60.400000000000006,Medium Risk
S01723,23,71,1,1,1,0,1,26,3,2,1,69,46,0,2,3,60.400000000000006,Medium Risk
S01724,23,71,0,1,1,1,1,26,3,2,1,69,46,0,2,3,60.400000000000006,Medium Risk
S01725,23,71,1,1,0,1,1,26,3,2,1,69,46,0,2,3,60.400000000000006,Medium Risk
S01726,19,94,1,1,1,1,1,20,1,6,1,69,56,1,2,2,71.3,Low Risk
S01727,19,94,1,1,1,1,1,18,0,20,1,68,43,1,2,3,65.8,Medium Risk
S01728,19,94,1,1,1,1,1,23,3,5,0,58,56,1,2,2,68.0,Low Risk
S01729,19,94,1,1,1,1,1,23,2,3,1,83,90,1,2,0,89.1,Low Risk
S01730,19,94,1,0,1,1,1,20,1,6,1,69,56,1,2,2,71.3,Low Risk
S01731,19,94,1,0,1,1,1,18,0,20,1,68,43,1,2,3,65.8,Medium Risk
S01732,19,94,1,0,1,1,1,23,3,5,0,58,56,1,2,2,68.0,Low Risk
S01733,19,94,1,0,1,1,1,23,2,3,1,83,90,1,2,0,89.1,Low Risk
S01734,19,94,0,1,2,1,1,20,1,6,1,69,56,1,2,2,71.3,Low Risk
S01735,19,94,0,1,2,1,1,18,0,20,1,68,43,1,2,3,65.8,Medium Risk
S01736,19,94,0,1,2,1,1,23,3,5,0,58,56,1,2,2,68.0,Low Risk
S01737,19,94,0,1,2,1,1,23,2,3,1,83,90,1,2,0,89.1,Low Risk
S01738,19,94,2,1,1,1,1,20,1,6,1,69,56,1,2,2,71.3,Low Risk
S01739,19,94,2,1,1,1,1,18,0,20,1,68,43,1,2,3,65.8,Medium Risk
S01740,19,94,2,1,1,1,1,23,3,5,0,58,56,1,2,2,68.0,Low Risk
S01741,19,94,2,1,1,1,1,23,2,3,1,83,90,1,2,0,89.1,Low Risk
S01742,19,94,2,0,1,1,1,20,1,6,1,69,56,1,2,2,71.3,Low Risk
S01743,19,94,2,0,1,1,1,18,0,20,1,68,43,1,2,3,65.8,Medium Risk
S01744,19,94,2,0,1,1,1,23,3,5,0,58,56,1,2,2,68.0,Low Risk
S01745,19,94,2,0,1,1,1,23,2,3,1,83,90,1,2,0,89.1,Low Risk
S01746,19,94,1,0,1,1,1,20,1,6,1,69,56,1,2,2,71.3,Low Risk
S01747,19,94,1,0,1,1,1,18,0,20,1,68,43,1,2,3,65.8,Medium Risk
S01748,19,94,1,0,1,1,1,23,3,5,0,58,56,1,2,2,68.0,Low Risk
S01749,19,94,1,0,1,1,1,23,2,3,1,83,90,1,2,0,89.1,Low Risk
S01750,24,63,0,1,1,1,0,26,3,8,1,81,60,1,2,2,67.19999999999999,Medium Risk
S01751,24,63,0,1,1,1,0,27,2,19,1,95,89,1,2,0,83.0,Medium Risk
S01752,24,63,0,1,1,1,0,29,1,4,1,58,88,1,2,0,71.5,Medium Risk
S01753,24,63,0,1,0,1,0,26,3,8,1,81,60,1,2,2,67.19999999999999,Medium Risk
S01754,24,63,0,1,0,1,0,27,2,19,1,95,89,1,2,0,83.0,Medium Risk
S01755,24,63,0,1,0,1,0,29,1,4,1,58,88,1,2,0,71.5,Medium Risk
S01756,24,63,1,0,0,1,0,26,3,8,1,81,60,1,2,2,67.19999999999999,Medium Risk
S01757,24,63,1,0,0,1,0,27,2,19,1,95,89,1,2,0,83.0,Medium Risk
S01758,24,63,1,0,0,1,0,29,1,4,1,58,88,1,2,0,71.5,Medium Risk
S01759,24,63,0,0,0,0,0,26,3,8,1,81,60,1,2,2,67.19999999999999,Medium Risk
S01760,24,63,0,0,0,0,0,27,2,19,1,95,89,1,2,0,83.0,Medium Risk
S01761,24,63,0,0,0,0,0,29,1,4,1,58,88,1,2,0,71.5,Medium Risk
S01762,24,63,1,1,2,1,0,26,3,8,1,81,60,1,2,2,67.19999999999999,Medium Risk
S01763,24,63,1,1,2,1,0,27,2,19,1,95,89,1,2,0,83.0,Medium Risk
S01764,24,63,1,1,2,1,0,29,1,4,1,58,88,1,2,0,71.5,Medium Risk
S01765,24,63,1,0,1,0,0,26,3,8,1,81,60,1,2,2,67.19999999999999,Medium Risk
S01766,24,63,1,0,1,0,0,27,2,19,1,95,89,1,2,0,83.0,Medium Risk
S01767,24,63,1,0,1,0,0,29,1,4,1,58,88,1,2,0,71.5,Medium Risk
S01768,23,87,2,1,2,1,1,26,1,4,0,67,90,1,1,0,82.19999999999999,Low Risk
S01769,23,87,2,0,1,1,1,26,1,4,0,67,90,1,1,0,82.19999999999999,Low Risk
S01770,23,87,2,0,1,1,1,26,1,4,0,67,90,1,1,0,82.19999999999999,Low Risk
S01771,23,87,1,1,1,1,1,26,1,4,0,67,90,1,1,0,82.19999999999999,Low Risk
S01772,23,87,1,0,2,1,1,26,1,4,0,67,90,1,1,0,82.19999999999999,Low Risk
S01773,23,87,0,0,1,1,1,26,1,4,0,67,90,1,1,0,82.19999999999999,Low Risk
S01774,23,87,2,0,1,1,1,26,1,4,0,67,90,1,1,0,82.19999999999999,Low Risk
S01775,23,87,0,0,1,1,1,26,1,4,0,67,90,1,1,0,82.19999999999999,Low Risk
S01776,23,87,0,0,1,1,1,26,1,4,0,67,90,1,1,0,82.19999999999999,Low Risk
S01777,23,87,2,1,1,1,1,26,1,4,0,67,90,1,1,0,82.19999999999999,Low Risk
S01778,23,87,0,0,1,1,1,26,1,4,0,67,90,1,1,0,82.19999999999999,Low Risk
S01779,23,87,1,0,2,1,1,26,1,4,0,67,90,1,1,0,82.19999999999999,Low Risk
S01780,20,67,1,1,1,1,1,29,1,5,1,85,57,1,0,2,68.39999999999999,Medium Risk
S01781,20,67,1,1,1,1,1,24,0,9,0,83,100,0,2,0,85.0,Medium Risk
S01782,20,67,1,1,1,1,1,26,1,5,1,59,63,1,2,2,63.0,Medium Risk
S01783,20,67,0,0,1,1,1,29,1,5,1,85,57,1,0,2,68.39999999999999,Medium Risk
S01784,20,67,0,0,1,1,1,24,0,9,0,83,100,0,2,0,85.0,Medium Risk
S01785,20,67,0,0,1,1,1,26,1,5,1,59,63,1,2,2,63.0,Medium Risk
S01786,20,67,0,1,1,1,1,29,1,5,1,85,57,1,0,2,68.39999999999999,Medium Risk
S01787,20,67,0,1,1,1,1,24,0,9,0,83,100,0,2,0,85.0,Medium Risk
S01788,20,67,0,1,1,1,1,26,1,5,1,59,63,1,2,2,63.0,Medium Risk
S01789,20,67,2,0,2,1,1,29,1,5,1,85,57,1,0,2,68.39999999999999,Medium Risk
S01790,20,67,2,0,2,1,1,24,0,9,0,83,100,0,2,0,85.0,Medium Risk
S01791,20,67,2,0,2,1,1,26,1,5,1,59,63,1,2,2,63.0,Medium Risk
S01792,20,67,1,0,0,0,1,29,1,5,1,85,57,1,0,2,68.39999999999999,Medium Risk
S01793,20,67,1,0,0,0,1,24,0,9,0,83,100,0,2,0,85.0,Medium Risk
S01794,20,67,1,0,0,0,1,26,1,5,1,59,63,1,2,2,63.0,Medium Risk
S01795,15,74,2,1,0,1,0,29,1,0,1,88,65,1,1,2,74.6,Medium Risk
S01796,15,74,2,1,0,1,0,19,0,13,1,67,40,1,2,3,58.3,Medium Risk
S01797,15,74,0,0,0,1,0,29,1,0,1,88,65,1,1,2,74.6,Medium Risk
S01798,15,74,0,0,0,1,0,19,0,13,1,67,40,1,2,3,58.3,Medium Risk
S01799,11,62,2,1,1,1,1,23,3,20,0,72,53,1,2,3,61.39999999999999,Medium Risk
S01800,11,62,2,1,1,1,1,20,1,15,0,69,85,1,1,0,73.3,Medium Risk
S01801,11,62,2,1,1,1,1,22,0,10,0,82,41,1,2,3,59.599999999999994,Medium Risk
S01802,11,62,2,1,1,1,1,24,2,19,1,69,80,1,1,1,71.3,Medium Risk
S01803,11,62,2,1,1,1,1,24,2,20,1,79,71,1,2,1,70.7,Medium Risk
S01804,11,62,2,1,1,1,1,23,2,5,0,76,99,1,2,0,81.0,Medium Risk
S01805,11,62,2,1,1,1,1,23,3,20,0,72,53,1,2,3,61.39999999999999,Medium Risk
S01806,11,62,2,1,1,1,1,20,1,15,0,69,85,1,1,0,73.3,Medium Risk
S01807,11,62,2,1,1,1,1,22,0,10,0,82,41,1,2,3,59.599999999999994,Medium Risk
S01808,11,62,2,1,1,1,1,24,2,19,1,69,80,1,1,1,71.3,Medium Risk
S01809,11,62,2,1,1,1,1,24,2,20,1,79,71,1,2,1,70.7,Medium Risk
S01810,11,62,2,1,1,1,1,23,2,5,0,76,99,1,2,0,81.0,Medium Risk
S01811,11,62,1,1,2,1,1,23,3,20,0,72,53,1,2,3,61.39999999999999,Medium Risk
S01812,11,62,1,1,2,1,1,20,1,15,0,69,85,1,1,0,73.3,Medium Risk
S01813,11,62,1,1,2,1,1,22,0,10,0,82,41,1,2,3,59.599999999999994,Medium Risk
S01814,11,62,1,1,2,1,1,24,2,19,1,69,80,1,1,1,71.3,Medium Risk
S01815,11,62,1,1,2,1,1,24,2,20,1,79,71,1,2,1,70.7,Medium Risk
S01816,11,62,1,1,2,1,1,23,2,5,0,76,99,1,2,0,81.0,Medium Risk
S01817,17,71,1,1,1,1,1,23,0,10,1,68,55,0,0,2,63.7,Medium Risk
S01818,17,71,1,1,0,1,1,23,0,10,1,68,55,0,0,2,63.7,Medium Risk
S01819,17,71,1,1,1,1,1,23,0,10,1,68,55,0,0,2,63.7,Medium Risk
S01820,17,71,0,1,0,1,1,23,0,10,1,68,55,0,0,2,63.7,Medium Risk
S01821,17,71,1,1,0,1,1,23,0,10,1,68,55,0,0,2,63.7,Medium Risk
S01822,17,71,1,1,1,1,1,23,0,10,1,68,55,0,0,2,63.7,Medium Risk
S01823,25,91,1,0,0,1,1,28,1,8,1,62,57,1,2,2,68.7,Low Risk
S01824,25,91,1,0,0,1,1,26,1,16,0,54,68,1,2,2,70.7,Low Risk
S01825,25,91,1,0,0,1,1,27,3,10,1,71,42,0,0,3,65.4,Medium Risk
S01826,25,91,1,0,0,1,1,20,0,17,1,73,48,1,2,3,68.4,Medium Risk
S01827,25,91,1,0,2,1,1,28,1,8,1,62,57,1,2,2,68.7,Low Risk
S01828,25,91,1,0,2,1,1,26,1,16,0,54,68,1,2,2,70.7,Low Risk
S01829,25,91,1,0,2,1,1,27,3,10,1,71,42,0,0,3,65.4,Medium Risk
S01830,25,91,1,0,2,1,1,20,0,17,1,73,48,1,2,3,68.4,Medium Risk
S01831,25,91,1,0,1,1,1,28,1,8,1,62,57,1,2,2,68.7,Low Risk
S01832,25,91,1,0,1,1,1,26,1,16,0,54,68,1,2,2,70.7,Low Risk
S01833,25,91,1,0,1,1,1,27,3,10,1,71,42,0,0,3,65.4,Medium Risk
S01834,25,91,1,0,1,1,1,20,0,17,1,73,48,1,2,3,68.4,Medium Risk
S01835,25,91,2,0,1,1,1,28,1,8,1,62,57,1,2,2,68.7,Low Risk
S01836,25,91,2,0,1,1,1,26,1,16,0,54,68,1,2,2,70.7,Low Risk
S01837,25,91,2,0,1,1,1,27,3,10,1,71,42,0,0,3,65.4,Medium Risk
S01838,25,91,2,0,1,1,1,20,0,17,1,73,48,1,2,3,68.4,Medium Risk
S01839,21,95,1,0,2,1,1,26,2,2,1,72,100,1,2,0,90.1,Low Risk
S01840,21,95,1,0,2,1,1,22,1,20,1,58,56,0,2,2,68.3,Low Risk
S01841,21,95,1,0,2,1,1,24,3,11,1,88,94,1,2,0,92.5,Low Risk
S01842,21,95,1,0,2,1,1,20,1,15,0,99,71,1,1,1,86.6,Low Risk
S01843,21,95,1,0,2,1,1,18,3,10,1,88,76,1,1,1,85.3,Low Risk
S01844,21,95,0,0,0,1,1,26,2,2,1,72,100,1,2,0,90.1,Low Risk
S01845,21,95,0,0,0,1,1,22,1,20,1,58,56,0,2,2,68.3,Low Risk
S01846,21,95,0,0,0,1,1,24,3,11,1,88,94,1,2,0,92.5,Low Risk
S01847,21,95,0,0,0,1,1,20,1,15,0,99,71,1,1,1,86.6,Low Risk
S01848,21,95,0,0,0,1,1,18,3,10,1,88,76,1,1,1,85.3,Low Risk
S01849,21,95,1,0,1,1,1,26,2,2,1,72,100,1,2,0,90.1,Low Risk
S01850,21,95,1,0,1,1,1,22,1,20,1,58,56,0,2,2,68.3,Low Risk
S01851,21,95,1,0,1,1,1,24,3,11,1,88,94,1,2,0,92.5,Low Risk
S01852,21,95,1,0,1,1,1,20,1,15,0,99,71,1,1,1,86.6,Low Risk
S01853,21,95,1,0,1,1,1,18,3,10,1,88,76,1,1,1,85.3,Low Risk
S01854,21,95,1,1,2,1,1,26,2,2,1,72,100,1,2,0,90.1,Low Risk
S01855,21,95,1,1,2,1,1,22,1,20,1,58,56,0,2,2,68.3,Low Risk
S01856,21,95,1,1,2,1,1,24,3,11,1,88,94,1,2,0,92.5,Low Risk
S01857,21,95,1,1,2,1,1,20,1,15,0,99,71,1,1,1,86.6,Low Risk
S01858,21,95,1,1,2,1,1,18,3,10,1,88,76,1,1,1,85.3,Low Risk
S01859,21,95,2,0,1,1,1,26,2,2,1,72,100,1,2,0,90.1,Low Risk
S01860,21,95,2,0,1,1,1,22,1,20,1,58,56,0,2,2,68.3,Low Risk
S01861,21,95,2,0,1,1,1,24,3,11,1,88,94,1,2,0,92.5,Low Risk
S01862,21,95,2,0,1,1,1,20,1,15,0,99,71,1,1,1,86.6,Low Risk
S01863,21,95,2,0,1,1,1,18,3,10,1,88,76,1,1,1,85.3,Low Risk
S01864,21,95,0,0,0,1,1,26,2,2,1,72,100,1,2,0,90.1,Low Risk
S01865,21,95,0,0,0,1,1,22,1,20,1,58,56,0,2,2,68.3,Low Risk
S01866,21,95,0,0,0,1,1,24,3,11,1,88,94,1,2,0,92.5,Low Risk
S01867,21,95,0,0,0,1,1,20,1,15,0,99,71,1,1,1,86.6,Low Risk
S01868,21,95,0,0,0,1,1,18,3,10,1,88,76,1,1,1,85.3,Low Risk
S01869,21,95,1,0,1,1,1,26,2,2,1,72,100,1,2,0,90.1,Low Risk
S01870,21,95,1,0,1,1,1,22,1,20,1,58,56,0,2,2,68.3,Low Risk
S01871,21,95,1,0,1,1,1,24,3,11,1,88,94,1,2,0,92.5,Low Risk
S01872,21,95,1,0,1,1,1,20,1,15,0,99,71,1,1,1,86.6,Low Risk
S01873,21,95,1,0,1,1,1,18,3,10,1,88,76,1,1,1,85.3,Low Risk
S01874,21,95,0,0,0,1,1,26,2,2,1,72,100,1,2,0,90.1,Low Risk
S01875,21,95,0,0,0,1,1,22,1,20,1,58,56,0,2,2,68.3,Low Risk
S01876,21,95,0,0,0,1,1,24,3,11,1,88,94,1,2,0,92.5,Low Risk
S01877,21,95,0,0,0,1,1,20,1,15,0,99,71,1,1,1,86.6,Low Risk
S01878,21,95,0,0,0,1,1,18,3,10,1,88,76,1,1,1,85.3,Low Risk
S01879,21,95,2,1,0,0,1,26,2,2,1,72,100,1,2,0,90.1,Low Risk
S01880,21,95,2,1,0,0,1,22,1,20,1,58,56,0,2,2,68.3,Low Risk
S01881,21,95,2,1,0,0,1,24,3,11,1,88,94,1,2,0,92.5,Low Risk
S01882,21,95,2,1,0,0,1,20,1,15,0,99,71,1,1,1,86.6,Low Risk
S01883,21,95,2,1,0,0,1,18,3,10,1,88,76,1,1,1,85.3,Low Risk
S01884,21,95,2,1,1,0,1,26,2,2,1,72,100,1,2,0,90.1,Low Risk
S01885,21,95,2,1,1,0,1,22,1,20,1,58,56,0,2,2,68.3,Low Risk
S01886,21,95,2,1,1,0,1,24,3,11,1,88,94,1,2,0,92.5,Low Risk
S01887,21,95,2,1,1,0,1,20,1,15,0,99,71,1,1,1,86.6,Low Risk
S01888,21,95,2,1,1,0,1,18,3,10,1,88,76,1,1,1,85.3,Low Risk
S01889,21,95,1,1,1,1,1,26,2,2,1,72,100,1,2,0,90.1,Low Risk
S01890,21,95,1,1,1,1,1,22,1,20,1,58,56,0,2,2,68.3,Low Risk
S01891,21,95,1,1,1,1,1,24,3,11,1,88,94,1,2,0,92.5,Low Risk
S01892,21,95,1,1,1,1,1,20,1,15,0,99,71,1,1,1,86.6,Low Risk
S01893,21,95,1,1,1,1,1,18,3,10,1,88,76,1,1,1,85.3,Low Risk
S01894,21,95,1,0,2,1,1,26,2,2,1,72,100,1,2,0,90.1,Low Risk
S01895,21,95,1,0,2,1,1,22,1,20,1,58,56,0,2,2,68.3,Low Risk
S01896,21,95,1,0,2,1,1,24,3,11,1,88,94,1,2,0,92.5,Low Risk
S01897,21,95,1,0,2,1,1,20,1,15,0,99,71,1,1,1,86.6,Low Risk
S01898,21,95,1,0,2,1,1,18,3,10,1,88,76,1,1,1,85.3,Low Risk
S01899,13,69,0,1,0,1,0,23,1,16,1,56,65,0,1,2,63.5,Medium Risk
S01900,13,69,0,1,0,1,0,18,0,7,0,74,72,0,2,1,71.7,Medium Risk
S01901,13,69,0,1,0,1,0,23,3,12,1,96,61,1,1,2,73.9,Medium Risk
S01902,13,69,0,1,0,1,0,28,0,12,1,58,50,0,2,3,58.099999999999994,Medium Risk
S01903,13,69,0,1,0,1,0,23,1,16,1,56,65,0,1,2,63.5,Medium Risk
S01904,13,69,0,1,0,1,0,18,0,7,0,74,72,0,2,1,71.7,Medium Risk
S01905,13,69,0,1,0,1,0,23,3,12,1,96,61,1,1,2,73.9,Medium Risk
S01906,13,69,0,1,0,1,0,28,0,12,1,58,50,0,2,3,58.099999999999994,Medium Risk
S01907,13,69,1,1,0,1,0,23,1,16,1,56,65,0,1,2,63.5,Medium Risk
S01908,13,69,1,1,0,1,0,18,0,7,0,74,72,0,2,1,71.7,Medium Risk
S01909,13,69,1,1,0,1,0,23,3,12,1,96,61,1,1,2,73.9,Medium Risk
S01910,13,69,1,1,0,1,0,28,0,12,1,58,50,0,2,3,58.099999999999994,Medium Risk
S01911,13,69,0,1,2,0,0,23,1,16,1,56,65,0,1,2,63.5,Medium Risk
S01912,13,69,0,1,2,0,0,18,0,7,0,74,72,0,2,1,71.7,Medium Risk
S01913,13,69,0,1,2,0,0,23,3,12,1,96,61,1,1,2,73.9,Medium Risk
S01914,13,69,0,1,2,0,0,28,0,12,1,58,50,0,2,3,58.099999999999994,Medium Risk
S01915,21,79,2,1,0,1,1,19,3,9,1,59,80,0,2,1,73.4,Low Risk
S01916,21,79,2,1,0,1,1,23,1,10,1,85,55,1,2,2,71.2,Low Risk
S01917,21,79,2,1,0,1,1,26,1,1,1,75,75,1,2,1,76.2,Low Risk
S01918,21,79,1,0,0,1,1,19,3,9,1,59,80,0,2,1,73.4,Low Risk
S01919,21,79,1,0,0,1,1,23,1,10,1,85,55,1,2,2,71.2,Low Risk
S01920,21,79,1,0,0,1,1,26,1,1,1,75,75,1,2,1,76.2,Low Risk
S01921,21,79,0,1,1,1,1,19,3,9,1,59,80,0,2,1,73.4,Low Risk
S01922,21,79,0,1,1,1,1,23,1,10,1,85,55,1,2,2,71.2,Low Risk
S01923,21,79,0,1,1,1,1,26,1,1,1,75,75,1,2,1,76.2,Low Risk
S01924,21,79,1,1,0,1,1,19,3,9,1,59,80,0,2,1,73.4,Low Risk
S01925,21,79,1,1,0,1,1,23,1,10,1,85,55,1,2,2,71.2,Low Risk
S01926,21,79,1,1,0,1,1,26,1,1,1,75,75,1,2,1,76.2,Low Risk
S01927,21,79,1,1,2,1,1,19,3,9,1,59,80,0,2,1,73.4,Low Risk
S01928,21,79,1,1,2,1,1,23,1,10,1,85,55,1,2,2,71.2,Low Risk
S01929,21,79,1,1,2,1,1,26,1,1,1,75,75,1,2,1,76.2,Low Risk
S01930,21,79,2,1,1,1,1,19,3,9,1,59,80,0,2,1,73.4,Low Risk
S01931,21,79,2,1,1,1,1,23,1,10,1,85,55,1,2,2,71.2,Low Risk
S01932,21,79,2,1,1,1,1,26,1,1,1,75,75,1,2,1,76.2,Low Risk
S01933,21,79,0,1,0,1,1,19,3,9,1,59,80,0,2,1,73.4,Low Risk
S01934,21,79,0,1,0,1,1,23,1,10,1,85,55,1,2,2,71.2,Low Risk
S01935,21,79,0,1,0,1,1,26,1,1,1,75,75,1,2,1,76.2,Low Risk
S01936,21,79,0,1,0,1,1,19,3,9,1,59,80,0,2,1,73.4,Low Risk
S01937,21,79,0,1,0,1,1,23,1,10,1,85,55,1,2,2,71.2,Low Risk
S01938,21,79,0,1,0,1,1,26,1,1,1,75,75,1,2,1,76.2,Low Risk
S01939,21,79,1,1,1,1,1,19,3,9,1,59,80,0,2,1,73.4,Low Risk
S01940,21,79,1,1,1,1,1,23,1,10,1,85,55,1,2,2,71.2,Low Risk
S01941,21,79,1,1,1,1,1,26,1,1,1,75,75,1,2,1,76.2,Low Risk
S01942,21,79,0,1,2,1,1,19,3,9,1,59,80,0,2,1,73.4,Low Risk
S01943,21,79,0,1,2,1,1,23,1,10,1,85,55,1,2,2,71.2,Low Risk
S01944,21,79,0,1,2,1,1,26,1,1,1,75,75,1,2,1,76.2,Low Risk
S01945,21,79,1,1,0,1,1,19,3,9,1,59,80,0,2,1,73.4,Low Risk
S01946,21,79,1,1,0,1,1,23,1,10,1,85,55,1,2,2,71.2,Low Risk
S01947,21,79,1,1,0,1,1,26,1,1,1,75,75,1,2,1,76.2,Low Risk
S01948,21,79,1,1,2,1,1,19,3,9,1,59,80,0,2,1,73.4,Low Risk
S01949,21,79,1,1,2,1,1,23,1,10,1,85,55,1,2,2,71.2,Low Risk
S01950,21,79,1,1,2,1,1,26,1,1,1,75,75,1,2,1,76.2,Low Risk
S01951,21,91,2,1,1,1,1,26,0,10,0,83,98,0,2,0,91.39999999999999,Low Risk
S01952,21,91,2,1,1,1,1,26,0,10,0,83,98,0,2,0,91.39999999999999,Low Risk
S01953,21,91,1,1,2,1,1,26,0,10,0,83,98,0,2,0,91.39999999999999,Low Risk
S01954,20,81,1,1,2,0,1,19,0,2,1,73,56,0,0,2,68.6,Low Risk
S01955,20,81,1,1,2,0,1,22,2,12,1,83,81,1,2,1,81.6,Low Risk
S01956,20,81,1,1,0,1,1,19,0,2,1,73,56,0,0,2,68.6,Low Risk
S01957,20,81,1,1,0,1,1,22,2,12,1,83,81,1,2,1,81.6,Low Risk
S01958,20,81,1,1,1,1,1,19,0,2,1,73,56,0,0,2,68.6,Low Risk
S01959,20,81,1,1,1,1,1,22,2,12,1,83,81,1,2,1,81.6,Low Risk
S01960,20,81,2,1,0,0,1,19,0,2,1,73,56,0,0,2,68.6,Low Risk
S01961,20,81,2,1,0,0,1,22,2,12,1,83,81,1,2,1,81.6,Low Risk
S01962,20,81,2,1,1,1,1,19,0,2,1,73,56,0,0,2,68.6,Low Risk
S01963,20,81,2,1,1,1,1,22,2,12,1,83,81,1,2,1,81.6,Low Risk
S01964,20,81,1,0,1,1,1,19,0,2,1,73,56,0,0,2,68.6,Low Risk
S01965,20,81,1,0,1,1,1,22,2,12,1,83,81,1,2,1,81.6,Low Risk
S01966,13,87,0,1,1,1,0,28,3,11,0,88,61,1,0,2,76.89999999999999,Low Risk
S01967,13,87,1,0,0,1,0,28,3,11,0,88,61,1,0,2,76.89999999999999,Low Risk
S01968,13,87,0,1,2,1,0,28,3,11,0,88,61,1,0,2,76.89999999999999,Low Risk
S01969,22,94,1,1,2,1,0,28,3,13,1,83,56,0,2,2,75.5,Low Risk
S01970,22,94,1,1,2,1,0,23,3,11,1,98,96,1,0,0,96.00000000000001,Low Risk
S01971,22,94,1,1,1,1,0,28,3,13,1,83,56,0,2,2,75.5,Low Risk
S01972,22,94,1,1,1,1,0,23,3,11,1,98,96,1,0,0,96.00000000000001,Low Risk
S01973,22,94,0,0,2,1,0,28,3,13,1,83,56,0,2,2,75.5,Low Risk
S01974,22,94,0,0,2,1,0,23,3,11,1,98,96,1,0,0,96.00000000000001,Low Risk
S01975,23,60,1,1,1,1,1,27,2,12,1,92,67,0,1,2,72.4,Medium Risk
S01976,23,60,1,1,1,1,1,19,2,16,0,93,60,1,2,2,69.9,Medium Risk
S01977,23,60,1,1,1,1,1,29,3,15,0,63,62,1,1,2,61.7,Medium Risk
S01978,12,90,0,1,1,0,1,24,1,7,0,88,94,0,2,0,91.0,Low Risk
S01979,12,90,0,1,1,0,1,18,1,0,0,62,70,0,2,1,73.6,Low Risk
S01980,12,90,0,1,1,0,1,20,0,5,1,67,73,1,1,1,76.3,Low Risk
S01981,12,90,2,0,0,1,1,24,1,7,0,88,94,0,2,0,91.0,Low Risk
S01982,12,90,2,0,0,1,1,18,1,0,0,62,70,0,2,1,73.6,Low Risk
S01983,12,90,2,0,0,1,1,20,0,5,1,67,73,1,1,1,76.3,Low Risk
S01984,12,90,2,1,0,0,1,24,1,7,0,88,94,0,2,0,91.0,Low Risk
S01985,12,90,2,1,0,0,1,18,1,0,0,62,70,0,2,1,73.6,Low Risk
S01986,12,90,2,1,0,0,1,20,0,5,1,67,73,1,1,1,76.3,Low Risk
S01987,12,90,2,1,1,1,1,24,1,7,0,88,94,0,2,0,91.0,Low Risk
S01988,12,90,2,1,1,1,1,18,1,0,0,62,70,0,2,1,73.6,Low Risk
S01989,12,90,2,1,1,1,1,20,0,5,1,67,73,1,1,1,76.3,Low Risk
S01990,12,90,0,1,0,1,1,24,1,7,0,88,94,0,2,0,91.0,Low Risk
S01991,12,90,0,1,0,1,1,18,1,0,0,62,70,0,2,1,73.6,Low Risk
S01992,12,90,0,1,0,1,1,20,0,5,1,67,73,1,1,1,76.3,Low Risk
S01993,12,90,0,1,1,1,1,24,1,7,0,88,94,0,2,0,91.0,Low Risk
S01994,12,90,0,1,1,1,1,18,1,0,0,62,70,0,2,1,73.6,Low Risk
S01995,12,90,0,1,1,1,1,20,0,5,1,67,73,1,1,1,76.3,Low Risk
S01996,14,82,1,0,1,1,1,19,3,1,1,60,41,1,2,3,59.0,Medium Risk
S01997,14,82,1,0,1,1,1,27,2,4,1,70,78,1,2,1,76.8,Low Risk
S01998,14,82,1,0,1,1,1,20,0,3,0,63,48,1,1,3,62.7,Medium Risk
S01999,14,82,1,0,0,1,1,19,3,1,1,60,41,1,2,3,59.0,Medium Risk
S02000,14,82,1,0,0,1,1,27,2,4,1,70,78,1,2,1,76.8,Low Risk
S02001,14,82,1,0,0,1,1,20,0,3,0,63,48,1,1,3,62.7,Medium Risk
S02002,14,82,1,1,1,1,1,19,3,1,1,60,41,1,2,3,59.0,Medium Risk
S02003,14,82,1,1,1,1,1,27,2,4,1,70,78,1,2,1,76.8,Low Risk
S02004,14,82,1,1,1,1,1,20,0,3,0,63,48,1,1,3,62.7,Medium Risk
S02005,14,82,1,1,1,1,1,19,3,1,1,60,41,1,2,3,59.0,Medium Risk
S02006,14,82,1,1,1,1,1,27,2,4,1,70,78,1,2,1,76.8,Low Risk
S02007,14,82,1,1,1,1,1,20,0,3,0,63,48,1,1,3,62.7,Medium Risk
S02008,14,82,0,1,2,1,1,19,3,1,1,60,41,1,2,3,59.0,Medium Risk
S02009,14,82,0,1,2,1,1,27,2,4,1,70,78,1,2,1,76.8,Low Risk
S02010,14,82,0,1,2,1,1,20,0,3,0,63,48,1,1,3,62.7,Medium Risk
S02011,14,82,2,0,0,1,1,19,3,1,1,60,41,1,2,3,59.0,Medium Risk
S02012,14,82,2,0,0,1,1,27,2,4,1,70,78,1,2,1,76.8,Low Risk
S02013,14,82,2,0,0,1,1,20,0,3,0,63,48,1,1,3,62.7,Medium Risk
S02014,23,81,1,1,1,1,1,20,1,3,1,59,57,1,2,2,64.8,Low Risk
S02015,23,81,1,1,1,1,1,19,2,5,1,90,54,1,2,3,72.9,Low Risk
S02016,23,81,1,1,1,1,1,27,0,6,1,79,57,1,2,2,70.8,Low Risk
S02017,23,81,0,0,1,1,1,20,1,3,1,59,57,1,2,2,64.8,Low Risk
S02018,23,81,0,0,1,1,1,19,2,5,1,90,54,1,2,3,72.9,Low Risk
S02019,23,81,0,0,1,1,1,27,0,6,1,79,57,1,2,2,70.8,Low Risk
S02020,23,81,1,0,0,1,1,20,1,3,1,59,57,1,2,2,64.8,Low Risk
S02021,23,81,1,0,0,1,1,19,2,5,1,90,54,1,2,3,72.9,Low Risk
S02022,23,81,1,0,0,1,1,27,0,6,1,79,57,1,2,2,70.8,Low Risk
S02023,23,81,1,0,0,1,1,20,1,3,1,59,57,1,2,2,64.8,Low Risk
S02024,23,81,1,0,0,1,1,19,2,5,1,90,54,1,2,3,72.9,Low Risk
S02025,23,81,1,0,0,1,1,27,0,6,1,79,57,1,2,2,70.8,Low Risk
S02026,23,81,1,0,1,1,1,20,1,3,1,59,57,1,2,2,64.8,Low Risk
S02027,23,81,1,0,1,1,1,19,2,5,1,90,54,1,2,3,72.9,Low Risk
S02028,23,81,1,0,1,1,1,27,0,6,1,79,57,1,2,2,70.8,Low Risk
S02029,23,81,1,0,2,1,1,20,1,3,1,59,57,1,2,2,64.8,Low Risk
S02030,23,81,1,0,2,1,1,19,2,5,1,90,54,1,2,3,72.9,Low Risk
S02031,23,81,1,0,2,1,1,27,0,6,1,79,57,1,2,2,70.8,Low Risk
S02032,23,81,2,0,0,1,1,20,1,3,1,59,57,1,2,2,64.8,Low Risk
S02033,23,81,2,0,0,1,1,19,2,5,1,90,54,1,2,3,72.9,Low Risk
S02034,23,81,2,0,0,1,1,27,0,6,1,79,57,1,2,2,70.8,Low Risk
S02035,23,74,2,1,0,1,1,22,2,4,1,61,84,1,2,1,74.10000000000001,Medium Risk
S02036,23,74,2,1,0,1,1,28,2,14,1,72,56,0,2,2,66.2,Medium Risk
S02037,23,74,2,1,0,1,1,26,3,1,1,65,62,1,2,2,66.5,Medium Risk
S02038,23,74,0,0,0,1,1,22,2,4,1,61,84,1,2,1,74.10000000000001,Medium Risk
S02039,23,74,0,0,0,1,1,28,2,14,1,72,56,0,2,2,66.2,Medium Risk
S02040,23,74,0,0,0,1,1,26,3,1,1,65,62,1,2,2,66.5,Medium Risk
S02041,23,74,0,0,0,1,1,22,2,4,1,61,84,1,2,1,74.10000000000001,Medium Risk
S02042,23,74,0,0,0,1,1,28,2,14,1,72,56,0,2,2,66.2,Medium Risk
S02043,23,74,0,0,0,1,1,26,3,1,1,65,62,1,2,2,66.5,Medium Risk
S02044,23,74,1,0,1,1,1,22,2,4,1,61,84,1,2,1,74.10000000000001,Medium Risk
S02045,23,74,1,0,1,1,1,28,2,14,1,72,56,0,2,2,66.2,Medium Risk
S02046,23,74,1,0,1,1,1,26,3,1,1,65,62,1,2,2,66.5,Medium Risk
S02047,23,74,2,1,1,1,1,22,2,4,1,61,84,1,2,1,74.10000000000001,Medium Risk
S02048,23,74,2,1,1,1,1,28,2,14,1,72,56,0,2,2,66.2,Medium Risk
S02049,23,74,2,1,1,1,1,26,3,1,1,65,62,1,2,2,66.5,Medium Risk
S02050,23,74,2,1,0,0,1,22,2,4,1,61,84,1,2,1,74.10000000000001,Medium Risk
S02051,23,74,2,1,0,0,1,28,2,14,1,72,56,0,2,2,66.2,Medium Risk
S02052,23,74,2,1,0,0,1,26,3,1,1,65,62,1,2,2,66.5,Medium Risk
S02053,23,74,1,1,1,0,1,22,2,4,1,61,84,1,2,1,74.10000000000001,Medium Risk
S02054,23,74,1,1,1,0,1,28,2,14,1,72,56,0,2,2,66.2,Medium Risk
S02055,23,74,1,1,1,0,1,26,3,1,1,65,62,1,2,2,66.5,Medium Risk
S02056,43,86,1,1,1,1,0,27,3,2,1,56,58,0,0,2,65.8,Low Risk
S02057,23,77,2,1,0,1,0,23,3,10,0,55,64,0,2,2,65.2,Low Risk
S02058,23,77,2,1,0,1,0,22,3,0,0,90,78,0,2,1,81.3,Low Risk
S02059,23,77,2,1,0,1,0,29,0,16,0,52,91,1,1,0,75.1,Low Risk
S02060,23,77,2,1,0,1,0,22,2,19,1,59,51,1,1,3,61.2,Low Risk
S02061,23,77,2,1,1,1,0,23,3,10,0,55,64,0,2,2,65.2,Low Risk
S02062,23,77,2,1,1,1,0,22,3,0,0,90,78,0,2,1,81.3,Low Risk
S02063,23,77,2,1,1,1,0,29,0,16,0,52,91,1,1,0,75.1,Low Risk
S02064,23,77,2,1,1,1,0,22,2,19,1,59,51,1,1,3,61.2,Low Risk
S02065,23,77,1,1,1,1,0,23,3,10,0,55,64,0,2,2,65.2,Low Risk
S02066,23,77,1,1,1,1,0,22,3,0,0,90,78,0,2,1,81.3,Low Risk
S02067,23,77,1,1,1,1,0,29,0,16,0,52,91,1,1,0,75.1,Low Risk
S02068,23,77,1,1,1,1,0,22,2,19,1,59,51,1,1,3,61.2,Low Risk
S02069,27,89,2,1,1,1,1,27,3,19,0,51,67,1,2,2,68.8,Low Risk
S02070,27,89,2,1,1,1,1,18,0,17,1,77,75,0,0,1,79.8,Low Risk
S02071,27,89,2,1,1,1,1,25,2,20,1,98,97,1,0,0,94.9,Low Risk
S02072,27,89,1,0,1,1,1,27,3,19,0,51,67,1,2,2,68.8,Low Risk
S02073,27,89,1,0,1,1,1,18,0,17,1,77,75,0,0,1,79.8,Low Risk
S02074,27,89,1,0,1,1,1,25,2,20,1,98,97,1,0,0,94.9,Low Risk
S02075,26,94,2,0,2,1,1,29,2,13,1,100,86,0,2,0,92.60000000000001,Low Risk
S02076,26,94,2,0,2,1,1,21,1,20,0,72,74,0,2,1,79.4,Low Risk
S02077,26,94,1,1,0,1,1,29,2,13,1,100,86,0,2,0,92.60000000000001,Low Risk
S02078,26,94,1,1,0,1,1,21,1,20,0,72,74,0,2,1,79.4,Low Risk
S02079,26,94,0,1,0,1,1,29,2,13,1,100,86,0,2,0,92.60000000000001,Low Risk
S02080,26,94,0,1,0,1,1,21,1,20,0,72,74,0,2,1,79.4,Low Risk
S02081,26,94,0,1,0,1,1,29,2,13,1,100,86,0,2,0,92.60000000000001,Low Risk
S02082,26,94,0,1,0,1,1,21,1,20,0,72,74,0,2,1,79.4,Low Risk
S02083,24,66,0,0,0,1,0,22,2,3,0,56,84,0,0,1,70.2,Medium Risk
S02084,18,78,1,1,1,0,1,24,2,15,1,76,83,0,2,1,79.4,Low Risk
S02085,18,78,1,1,0,1,1,24,2,15,1,76,83,0,2,1,79.4,Low Risk
S02086,18,78,2,1,0,1,1,24,2,15,1,76,83,0,2,1,79.4,Low Risk
S02087,18,78,2,1,2,1,1,24,2,15,1,76,83,0,2,1,79.4,Low Risk
S02088,18,78,1,0,1,1,1,24,2,15,1,76,83,0,2,1,79.4,Low Risk
S02089,18,78,2,0,2,1,1,24,2,15,1,76,83,0,2,1,79.4,Low Risk
S02090,18,78,0,1,2,1,1,24,2,15,1,76,83,0,2,1,79.4,Low Risk
S02091,18,78,1,0,0,0,1,24,2,15,1,76,83,0,2,1,79.4,Low Risk
S02092,25,76,1,1,2,1,0,22,2,20,1,98,68,0,1,2,79.4,Low Risk
S02093,25,76,1,1,2,1,0,22,2,20,1,56,83,0,2,1,72.8,Low Risk
S02094,25,76,2,1,1,1,0,22,2,20,1,98,68,0,1,2,79.4,Low Risk
S02095,25,76,2,1,1,1,0,22,2,20,1,56,83,0,2,1,72.8,Low Risk
S02096,25,76,2,0,2,1,0,22,2,20,1,98,68,0,1,2,79.4,Low Risk
S02097,25,76,2,0,2,1,0,22,2,20,1,56,83,0,2,1,72.8,Low Risk
S02098,25,76,2,1,1,1,0,22,2,20,1,98,68,0,1,2,79.4,Low Risk
S02099,25,76,2,1,1,1,0,22,2,20,1,56,83,0,2,1,72.8,Low Risk
S02100,25,76,0,1,1,1,0,22,2,20,1,98,68,0,1,2,79.4,Low Risk
S02101,25,76,0,1,1,1,0,22,2,20,1,56,83,0,2,1,72.8,Low Risk
S02102,15,87,2,1,1,1,1,29,0,6,0,59,59,1,1,2,67.39999999999999,Low Risk
S02103,15,87,2,1,1,1,1,18,2,10,0,95,87,1,2,0,89.4,Low Risk
S02104,15,87,2,1,1,1,1,24,2,11,1,52,97,1,2,0,80.5,Low Risk
S02105,15,87,1,0,1,1,1,29,0,6,0,59,59,1,1,2,67.39999999999999,Low Risk
S02106,15,87,1,0,1,1,1,18,2,10,0,95,87,1,2,0,89.4,Low Risk
S02107,15,87,1,0,1,1,1,24,2,11,1,52,97,1,2,0,80.5,Low Risk
S02108,15,87,0,1,2,1,1,29,0,6,0,59,59,1,1,2,67.39999999999999,Low Risk
S02109,15,87,0,1,2,1,1,18,2,10,0,95,87,1,2,0,89.4,Low Risk
S02110,15,87,0,1,2,1,1,24,2,11,1,52,97,1,2,0,80.5,Low Risk
S02111,15,87,1,1,1,1,1,29,0,6,0,59,59,1,1,2,67.39999999999999,Low Risk
S02112,15,87,1,1,1,1,1,18,2,10,0,95,87,1,2,0,89.4,Low Risk
S02113,15,87,1,1,1,1,1,24,2,11,1,52,97,1,2,0,80.5,Low Risk
S02114,15,87,1,0,1,1,1,29,0,6,0,59,59,1,1,2,67.39999999999999,Low Risk
S02115,15,87,1,0,1,1,1,18,2,10,0,95,87,1,2,0,89.4,Low Risk
S02116,15,87,1,0,1,1,1,24,2,11,1,52,97,1,2,0,80.5,Low Risk
S02117,19,70,0,0,2,1,1,26,3,8,1,56,77,1,2,1,68.6,Medium Risk
S02118,19,70,0,0,2,1,1,23,0,6,0,53,91,1,0,0,73.3,Medium Risk
S02119,19,70,1,0,0,0,1,26,3,8,1,56,77,1,2,1,68.6,Medium Risk
S02120,19,70,1,0,0,0,1,23,0,6,0,53,91,1,0,0,73.3,Medium Risk
S02121,19,70,0,1,0,1,1,26,3,8,1,56,77,1,2,1,68.6,Medium Risk
S02122,19,70,0,1,0,1,1,23,0,6,0,53,91,1,0,0,73.3,Medium Risk
S02123,19,70,1,1,0,1,1,26,3,8,1,56,77,1,2,1,68.6,Medium Risk
S02124,19,70,1,1,0,1,1,23,0,6,0,53,91,1,0,0,73.3,Medium Risk
S02125,19,70,0,0,1,1,1,26,3,8,1,56,77,1,2,1,68.6,Medium Risk
S02126,19,70,0,0,1,1,1,23,0,6,0,53,91,1,0,0,73.3,Medium Risk
S02127,19,70,1,0,1,1,1,26,3,8,1,56,77,1,2,1,68.6,Medium Risk
S02128,19,70,1,0,1,1,1,23,0,6,0,53,91,1,0,0,73.3,Medium Risk
S02129,19,70,2,1,1,1,1,26,3,8,1,56,77,1,2,1,68.6,Medium Risk
S02130,19,70,2,1,1,1,1,23,0,6,0,53,91,1,0,0,73.3,Medium Risk
S02131,20,95,1,1,0,0,0,26,1,1,1,71,55,1,0,2,71.8,Low Risk
S02132,20,95,0,1,0,0,0,26,1,1,1,71,55,1,0,2,71.8,Low Risk
S02133,20,95,1,1,0,0,0,26,1,1,1,71,55,1,0,2,71.8,Low Risk
S02134,20,95,1,1,0,1,0,26,1,1,1,71,55,1,0,2,71.8,Low Risk
S02135,20,95,1,0,1,1,0,26,1,1,1,71,55,1,0,2,71.8,Low Risk
S02136,20,95,1,1,1,1,0,26,1,1,1,71,55,1,0,2,71.8,Low Risk
S02137,20,95,1,0,2,1,0,26,1,1,1,71,55,1,0,2,71.8,Low Risk
S02138,20,95,0,0,2,1,0,26,1,1,1,71,55,1,0,2,71.8,Low Risk
S02139,10,64,2,0,2,1,0,19,3,17,0,61,65,0,2,2,63.5,Medium Risk
S02140,10,64,2,0,2,1,0,19,1,9,1,62,68,1,0,2,65.0,Medium Risk
S02141,10,64,2,0,2,1,0,23,2,13,1,67,59,0,1,2,62.900000000000006,Medium Risk
S02142,10,64,2,0,2,1,0,23,0,1,1,62,40,0,2,3,53.8,Medium Risk
S02143,10,64,0,0,0,1,0,19,3,17,0,61,65,0,2,2,63.5,Medium Risk
S02144,10,64,0,0,0,1,0,19,1,9,1,62,68,1,0,2,65.0,Medium Risk
S02145,10,64,0,0,0,1,0,23,2,13,1,67,59,0,1,2,62.900000000000006,Medium Risk
S02146,10,64,0,0,0,1,0,23,0,1,1,62,40,0,2,3,53.8,Medium Risk
S02147,17,69,1,1,1,1,0,29,1,2,0,78,97,1,2,0,82.9,Medium Risk
S02148,17,69,1,0,1,1,0,29,1,2,0,78,97,1,2,0,82.9,Medium Risk
S02149,27,98,2,1,0,1,0,28,3,4,0,73,42,1,1,3,68.1,Medium Risk
S02150,27,98,2,1,0,1,0,19,3,1,0,90,84,1,1,1,90.0,Low Risk
S02151,27,98,1,1,0,0,0,28,3,4,0,73,42,1,1,3,68.1,Medium Risk
S02152,27,98,1,1,0,0,0,19,3,1,0,90,84,1,1,1,90.0,Low Risk
S02153,27,98,2,0,1,1,0,28,3,4,0,73,42,1,1,3,68.1,Medium Risk
S02154,27,98,2,0,1,1,0,19,3,1,0,90,84,1,1,1,90.0,Low Risk
S02155,27,98,2,0,1,1,0,28,3,4,0,73,42,1,1,3,68.1,Medium Risk
S02156,27,98,2,0,1,1,0,19,3,1,0,90,84,1,1,1,90.0,Low Risk
S02157,20,98,0,0,0,1,0,27,3,7,1,88,71,0,2,1,84.19999999999999,Low Risk
S02158,20,98,1,1,2,0,0,27,3,7,1,88,71,0,2,1,84.19999999999999,Low Risk
S02159,20,98,0,1,0,1,0,27,3,7,1,88,71,0,2,1,84.19999999999999,Low Risk
S02160,20,98,1,1,0,0,0,27,3,7,1,88,71,0,2,1,84.19999999999999,Low Risk
S02161,20,98,2,1,1,0,0,27,3,7,1,88,71,0,2,1,84.19999999999999,Low Risk
S02162,20,98,1,0,1,1,0,27,3,7,1,88,71,0,2,1,84.19999999999999,Low Risk
S02163,20,98,2,0,1,1,0,27,3,7,1,88,71,0,2,1,84.19999999999999,Low Risk
S02164,20,98,2,1,1,1,0,27,3,7,1,88,71,0,2,1,84.19999999999999,Low Risk
S02165,14,64,1,1,1,1,1,21,2,12,0,53,58,1,2,2,58.3,Medium Risk
S02166,14,64,2,0,0,1,1,21,2,12,0,53,58,1,2,2,58.3,Medium Risk
S02167,16,61,1,0,0,1,1,25,3,7,1,77,68,1,1,2,68.6,Medium Risk
S02168,16,61,1,0,0,1,1,25,1,15,0,84,53,1,2,3,64.7,Medium Risk
S02169,16,61,1,0,0,1,1,25,0,18,0,91,78,0,0,1,76.8,Medium Risk
S02170,16,61,0,0,2,1,1,25,3,7,1,77,68,1,1,2,68.6,Medium Risk
S02171,16,61,0,0,2,1,1,25,1,15,0,84,53,1,2,3,64.7,Medium Risk
S02172,16,61,0,0,2,1,1,25,0,18,0,91,78,0,0,1,76.8,Medium Risk
S02173,16,61,0,1,1,1,1,25,3,7,1,77,68,1,1,2,68.6,Medium Risk
S02174,16,61,0,1,1,1,1,25,1,15,0,84,53,1,2,3,64.7,Medium Risk
S02175,16,61,0,1,1,1,1,25,0,18,0,91,78,0,0,1,76.8,Medium Risk
S02176,16,61,2,0,1,1,1,25,3,7,1,77,68,1,1,2,68.6,Medium Risk
S02177,16,61,2,0,1,1,1,25,1,15,0,84,53,1,2,3,64.7,Medium Risk
S02178,16,61,2,0,1,1,1,25,0,18,0,91,78,0,0,1,76.8,Medium Risk
S02179,16,61,2,1,1,1,1,25,3,7,1,77,68,1,1,2,68.6,Medium Risk
S02180,16,61,2,1,1,1,1,25,1,15,0,84,53,1,2,3,64.7,Medium Risk
S02181,16,61,2,1,1,1,1,25,0,18,0,91,78,0,0,1,76.8,Medium Risk
S02182,16,61,2,0,2,1,1,25,3,7,1,77,68,1,1,2,68.6,Medium Risk
S02183,16,61,2,0,2,1,1,25,1,15,0,84,53,1,2,3,64.7,Medium Risk
S02184,16,61,2,0,2,1,1,25,0,18,0,91,78,0,0,1,76.8,Medium Risk
S02185,16,61,1,1,0,1,1,25,3,7,1,77,68,1,1,2,68.6,Medium Risk
S02186,16,61,1,1,0,1,1,25,1,15,0,84,53,1,2,3,64.7,Medium Risk
S02187,16,61,1,1,0,1,1,25,0,18,0,91,78,0,0,1,76.8,Medium Risk
S02188,16,61,2,1,2,1,1,25,3,7,1,77,68,1,1,2,68.6,Medium Risk
S02189,16,61,2,1,2,1,1,25,1,15,0,84,53,1,2,3,64.7,Medium Risk
S02190,16,61,2,1,2,1,1,25,0,18,0,91,78,0,0,1,76.8,Medium Risk
S02191,24,66,0,1,2,1,1,19,1,11,1,69,62,1,1,2,65.3,Medium Risk
S02192,24,66,0,1,2,1,1,21,3,10,1,69,64,1,2,2,66.1,Medium Risk
S02193,24,66,2,0,1,1,1,19,1,11,1,69,62,1,1,2,65.3,Medium Risk
S02194,24,66,2,0,1,1,1,21,3,10,1,69,64,1,2,2,66.1,Medium Risk
S02195,24,66,2,0,1,1,1,19,1,11,1,69,62,1,1,2,65.3,Medium Risk
S02196,24,66,2,0,1,1,1,21,3,10,1,69,64,1,2,2,66.1,Medium Risk
S02197,24,66,1,1,0,1,1,19,1,11,1,69,62,1,1,2,65.3,Medium Risk
S02198,24,66,1,1,0,1,1,21,3,10,1,69,64,1,2,2,66.1,Medium Risk
S02199,24,66,1,0,1,0,1,19,1,11,1,69,62,1,1,2,65.3,Medium Risk
S02200,24,66,1,0,1,0,1,21,3,10,1,69,64,1,2,2,66.1,Medium Risk
S02201,16,100,0,1,2,1,1,18,3,15,0,80,76,1,2,1,84.4,Low Risk
S02202,16,100,0,1,2,1,1,20,2,15,0,78,77,0,0,1,84.2,Low Risk
S02203,16,100,2,1,1,1,1,18,3,15,0,80,76,1,2,1,84.4,Low Risk
S02204,16,100,2,1,1,1,1,20,2,15,0,78,77,0,0,1,84.2,Low Risk
S02205,16,100,2,1,2,1,1,18,3,15,0,80,76,1,2,1,84.4,Low Risk
S02206,16,100,2,1,2,1,1,20,2,15,0,78,77,0,0,1,84.2,Low Risk
S02207,21,67,1,0,0,1,0,27,0,0,0,73,89,1,0,0,77.6,Medium Risk
S02208,21,67,1,0,0,1,0,26,1,5,1,99,60,1,2,2,73.8,Medium Risk
S02209,21,67,1,0,0,1,0,19,3,6,0,72,100,0,2,0,81.69999999999999,Medium Risk
S02210,21,67,2,0,1,1,0,27,0,0,0,73,89,1,0,0,77.6,Medium Risk
S02211,21,67,2,0,1,1,0,26,1,5,1,99,60,1,2,2,73.8,Medium Risk
S02212,21,67,2,0,1,1,0,19,3,6,0,72,100,0,2,0,81.69999999999999,Medium Risk
S02213,21,67,1,1,1,1,0,27,0,0,0,73,89,1,0,0,77.6,Medium Risk
S02214,21,67,1,1,1,1,0,26,1,5,1,99,60,1,2,2,73.8,Medium Risk
S02215,21,67,1,1,1,1,0,19,3,6,0,72,100,0,2,0,81.69999999999999,Medium Risk
S02216,21,67,1,1,1,1,0,27,0,0,0,73,89,1,0,0,77.6,Medium Risk
S02217,21,67,1,1,1,1,0,26,1,5,1,99,60,1,2,2,73.8,Medium Risk
S02218,21,67,1,1,1,1,0,19,3,6,0,72,100,0,2,0,81.69999999999999,Medium Risk
S02219,21,67,0,0,1,1,0,27,0,0,0,73,89,1,0,0,77.6,Medium Risk
S02220,21,67,0,0,1,1,0,26,1,5,1,99,60,1,2,2,73.8,Medium Risk
S02221,21,67,0,0,1,1,0,19,3,6,0,72,100,0,2,0,81.69999999999999,Medium Risk
S02222,21,67,2,1,2,1,0,27,0,0,0,73,89,1,0,0,77.6,Medium Risk
S02223,21,67,2,1,2,1,0,26,1,5,1,99,60,1,2,2,73.8,Medium Risk
S02224,21,67,2,1,2,1,0,19,3,6,0,72,100,0,2,0,81.69999999999999,Medium Risk
S02225,21,67,2,0,0,1,0,27,0,0,0,73,89,1,0,0,77.6,Medium Risk
S02226,21,67,2,0,0,1,0,26,1,5,1,99,60,1,2,2,73.8,Medium Risk
S02227,21,67,2,0,0,1,0,19,3,6,0,72,100,0,2,0,81.69999999999999,Medium Risk
S02228,16,94,2,1,1,1,1,21,2,19,0,81,92,1,0,0,89.30000000000001,Low Risk
S02229,16,94,2,1,1,1,1,28,0,14,0,91,92,0,2,0,92.30000000000001,Low Risk
S02230,16,94,2,1,1,1,1,21,2,3,1,50,49,1,2,3,62.8,Medium Risk
S02231,16,94,2,1,1,1,1,25,2,20,1,51,97,1,0,0,82.3,Low Risk
S02232,16,94,2,1,2,1,1,21,2,19,0,81,92,1,0,0,89.30000000000001,Low Risk
S02233,16,94,2,1,2,1,1,28,0,14,0,91,92,0,2,0,92.30000000000001,Low Risk
S02234,16,94,2,1,2,1,1,21,2,3,1,50,49,1,2,3,62.8,Medium Risk
S02235,16,94,2,1,2,1,1,25,2,20,1,51,97,1,0,0,82.3,Low Risk
S02236,16,94,1,1,1,1,1,21,2,19,0,81,92,1,0,0,89.30000000000001,Low Risk
S02237,16,94,1,1,1,1,1,28,0,14,0,91,92,0,2,0,92.30000000000001,Low Risk
S02238,16,94,1,1,1,1,1,21,2,3,1,50,49,1,2,3,62.8,Medium Risk
S02239,16,94,1,1,1,1,1,25,2,20,1,51,97,1,0,0,82.3,Low Risk
S02240,33,61,1,0,2,1,0,26,1,20,1,55,65,1,0,2,60.8,Medium Risk
S02241,33,61,1,0,1,1,0,26,1,20,1,55,65,1,0,2,60.8,Medium Risk
S02242,24,84,0,0,0,1,0,29,2,2,1,93,69,1,2,2,80.7,Low Risk
S02243,24,84,0,0,0,1,0,21,0,15,1,56,61,0,1,2,66.4,Low Risk
S02244,24,84,0,0,0,1,0,29,0,1,0,94,67,0,2,2,80.2,Low Risk
S02245,24,84,0,0,0,1,0,27,3,5,1,84,70,1,1,1,78.4,Low Risk
S02246,24,84,2,1,2,1,0,29,2,2,1,93,69,1,2,2,80.7,Low Risk
S02247,24,84,2,1,2,1,0,21,0,15,1,56,61,0,1,2,66.4,Low Risk
S02248,24,84,2,1,2,1,0,29,0,1,0,94,67,0,2,2,80.2,Low Risk
S02249,24,84,2,1,2,1,0,27,3,5,1,84,70,1,1,1,78.4,Low Risk
S02250,24,84,1,1,1,1,0,29,2,2,1,93,69,1,2,2,80.7,Low Risk
S02251,24,84,1,1,1,1,0,21,0,15,1,56,61,0,1,2,66.4,Low Risk
S02252,24,84,1,1,1,1,0,29,0,1,0,94,67,0,2,2,80.2,Low Risk
S02253,24,84,1,1,1,1,0,27,3,5,1,84,70,1,1,1,78.4,Low Risk
S02254,8,71,0,0,1,1,1,24,2,13,0,80,52,1,1,3,66.1,Medium Risk
S02255,8,71,0,0,1,1,1,23,3,1,1,86,58,0,2,2,70.3,Medium Risk
S02256,8,71,0,0,1,1,1,28,2,10,1,83,89,1,2,0,81.8,Medium Risk
S02257,8,71,0,0,1,1,1,26,0,2,1,54,45,1,1,3,55.5,Medium Risk
S02258,8,71,0,0,1,1,1,24,2,8,1,63,80,1,2,1,72.2,Medium Risk
S02259,8,71,1,0,2,1,1,24,2,13,0,80,52,1,1,3,66.1,Medium Risk
S02260,8,71,1,0,2,1,1,23,3,1,1,86,58,0,2,2,70.3,Medium Risk
S02261,8,71,1,0,2,1,1,28,2,10,1,83,89,1,2,0,81.8,Medium Risk
S02262,8,71,1,0,2,1,1,26,0,2,1,54,45,1,1,3,55.5,Medium Risk
S02263,8,71,1,0,2,1,1,24,2,8,1,63,80,1,2,1,72.2,Medium Risk
S02264,21,94,1,0,0,1,1,21,1,18,0,61,48,0,1,3,65.7,Medium Risk
S02265,21,94,1,0,0,1,1,23,3,19,0,59,48,1,2,3,65.10000000000001,Medium Risk
S02266,21,94,1,1,0,1,1,21,1,18,0,61,48,0,1,3,65.7,Medium Risk
S02267,21,94,1,1,0,1,1,23,3,19,0,59,48,1,2,3,65.10000000000001,Medium Risk
S02268,21,94,0,1,0,1,1,21,1,18,0,61,48,0,1,3,65.7,Medium Risk
S02269,21,94,0,1,0,1,1,23,3,19,0,59,48,1,2,3,65.10000000000001,Medium Risk
S02270,21,94,1,1,0,1,1,21,1,18,0,61,48,0,1,3,65.7,Medium Risk
S02271,21,94,1,1,0,1,1,23,3,19,0,59,48,1,2,3,65.10000000000001,Medium Risk
S02272,21,94,1,0,0,0,1,21,1,18,0,61,48,0,1,3,65.7,Medium Risk
S02273,21,94,1,0,0,0,1,23,3,19,0,59,48,1,2,3,65.10000000000001,Medium Risk
S02274,21,94,1,0,1,1,1,21,1,18,0,61,48,0,1,3,65.7,Medium Risk
S02275,21,94,1,0,1,1,1,23,3,19,0,59,48,1,2,3,65.10000000000001,Medium Risk
S02276,21,94,0,0,1,1,1,21,1,18,0,61,48,0,1,3,65.7,Medium Risk
S02277,21,94,0,0,1,1,1,23,3,19,0,59,48,1,2,3,65.10000000000001,Medium Risk
S02278,21,94,2,0,1,1,1,21,1,18,0,61,48,0,1,3,65.7,Medium Risk
S02279,21,94,2,0,1,1,1,23,3,19,0,59,48,1,2,3,65.10000000000001,Medium Risk
S02280,21,94,2,0,1,1,1,21,1,18,0,61,48,0,1,3,65.7,Medium Risk
S02281,21,94,2,0,1,1,1,23,3,19,0,59,48,1,2,3,65.10000000000001,Medium Risk
S02282,21,94,2,0,0,1,1,21,1,18,0,61,48,0,1,3,65.7,Medium Risk
S02283,21,94,2,0,0,1,1,23,3,19,0,59,48,1,2,3,65.10000000000001,Medium Risk
S02284,16,71,1,1,1,1,1,28,0,16,0,62,60,1,2,2,63.89999999999999,Medium Risk
S02285,16,71,1,1,1,1,1,20,2,1,1,77,59,0,0,2,68.0,Medium Risk
S02286,16,71,1,1,1,1,1,22,1,7,0,64,73,1,2,1,69.7,Medium Risk
S02287,16,71,1,1,1,1,1,28,2,7,1,99,75,1,2,1,81.0,Medium Risk
S02288,16,71,2,1,0,1,1,28,0,16,0,62,60,1,2,2,63.89999999999999,Medium Risk
S02289,16,71,2,1,0,1,1,20,2,1,1,77,59,0,0,2,68.0,Medium Risk
S02290,16,71,2,1,0,1,1,22,1,7,0,64,73,1,2,1,69.7,Medium Risk
S02291,16,71,2,1,0,1,1,28,2,7,1,99,75,1,2,1,81.0,Medium Risk
S02292,16,71,0,1,2,1,1,28,0,16,0,62,60,1,2,2,63.89999999999999,Medium Risk
S02293,16,71,0,1,2,1,1,20,2,1,1,77,59,0,0,2,68.0,Medium Risk
S02294,16,71,0,1,2,1,1,22,1,7,0,64,73,1,2,1,69.7,Medium Risk
S02295,16,71,0,1,2,1,1,28,2,7,1,99,75,1,2,1,81.0,Medium Risk
S02296,16,71,0,1,0,1,1,28,0,16,0,62,60,1,2,2,63.89999999999999,Medium Risk
S02297,16,71,0,1,0,1,1,20,2,1,1,77,59,0,0,2,68.0,Medium Risk
S02298,16,71,0,1,0,1,1,22,1,7,0,64,73,1,2,1,69.7,Medium Risk
S02299,16,71,0,1,0,1,1,28,2,7,1,99,75,1,2,1,81.0,Medium Risk
S02300,18,92,1,1,1,1,1,24,2,7,1,51,66,1,0,2,69.3,Low Risk
S02301,18,92,1,1,1,1,1,24,1,15,1,68,43,0,2,3,65.19999999999999,Medium Risk
S02302,18,92,1,1,1,1,1,24,2,7,1,51,66,1,0,2,69.3,Low Risk
S02303,18,92,1,1,1,1,1,24,1,15,1,68,43,0,2,3,65.19999999999999,Medium Risk
S02304,18,92,1,1,0,1,1,24,2,7,1,51,66,1,0,2,69.3,Low Risk
S02305,18,92,1,1,0,1,1,24,1,15,1,68,43,0,2,3,65.19999999999999,Medium Risk
S02306,18,92,1,0,1,1,1,24,2,7,1,51,66,1,0,2,69.3,Low Risk
S02307,18,92,1,0,1,1,1,24,1,15,1,68,43,0,2,3,65.19999999999999,Medium Risk
S02308,17,92,0,1,1,1,0,28,0,9,0,74,56,0,1,2,72.2,Low Risk
S02309,17,92,0,1,1,1,0,28,0,9,0,74,56,0,1,2,72.2,Low Risk
S02310,17,92,1,1,2,1,0,28,0,9,0,74,56,0,1,2,72.2,Low Risk
S02311,17,92,1,1,2,0,0,28,0,9,0,74,56,0,1,2,72.2,Low Risk
S02312,17,92,1,0,1,1,0,28,0,9,0,74,56,0,1,2,72.2,Low Risk
S02313,17,92,2,0,1,1,0,28,0,9,0,74,56,0,1,2,72.2,Low Risk
S02314,17,92,2,1,1,1,0,28,0,9,0,74,56,0,1,2,72.2,Low Risk
S02315,16,78,2,0,1,1,1,28,2,0,0,75,58,0,1,2,69.1,Low Risk
S02316,16,78,2,0,1,1,1,23,2,0,1,94,63,0,1,2,76.80000000000001,Low Risk
S02317,16,78,1,1,1,1,1,28,2,0,0,75,58,0,1,2,69.1,Low Risk
S02318,16,78,1,1,1,1,1,23,2,0,1,94,63,0,1,2,76.80000000000001,Low Risk
S02319,16,78,0,0,1,1,1,28,2,0,0,75,58,0,1,2,69.1,Low Risk
S02320,16,78,0,0,1,1,1,23,2,0,1,94,63,0,1,2,76.80000000000001,Low Risk
S02321,16,78,2,0,1,1,1,28,2,0,0,75,58,0,1,2,69.1,Low Risk
S02322,16,78,2,0,1,1,1,23,2,0,1,94,63,0,1,2,76.80000000000001,Low Risk
S02323,16,78,0,1,2,1,1,28,2,0,0,75,58,0,1,2,69.1,Low Risk
S02324,16,78,0,1,2,1,1,23,2,0,1,94,63,0,1,2,76.80000000000001,Low Risk
S02325,12,93,1,1,0,1,1,21,2,4,1,76,44,1,1,3,68.30000000000001,Medium Risk
S02326,12,93,2,1,0,1,1,21,2,4,1,76,44,1,1,3,68.30000000000001,Medium Risk
S02327,26,77,1,0,0,1,0,29,3,4,0,60,62,1,2,2,65.89999999999999,Low Risk
S02328,26,77,1,0,0,1,0,22,0,20,1,88,61,1,1,2,73.89999999999999,Low Risk
S02329,26,77,1,0,0,1,0,21,3,18,1,86,63,0,2,2,74.1,Low Risk
S02330,26,77,1,1,1,1,0,29,3,4,0,60,62,1,2,2,65.89999999999999,Low Risk
S02331,26,77,1,1,1,1,0,22,0,20,1,88,61,1,1,2,73.89999999999999,Low Risk
S02332,26,77,1,1,1,1,0,21,3,18,1,86,63,0,2,2,74.1,Low Risk
S02333,26,77,1,1,0,1,0,29,3,4,0,60,62,1,2,2,65.89999999999999,Low Risk
S02334,26,77,1,1,0,1,0,22,0,20,1,88,61,1,1,2,73.89999999999999,Low Risk
S02335,26,77,1,1,0,1,0,21,3,18,1,86,63,0,2,2,74.1,Low Risk
S02336,26,77,0,1,0,1,0,29,3,4,0,60,62,1,2,2,65.89999999999999,Low Risk
S02337,26,77,0,1,0,1,0,22,0,20,1,88,61,1,1,2,73.89999999999999,Low Risk
S02338,26,77,0,1,0,1,0,21,3,18,1,86,63,0,2,2,74.1,Low Risk
S02339,26,77,0,0,2,0,0,29,3,4,0,60,62,1,2,2,65.89999999999999,Low Risk
S02340,26,77,0,0,2,0,0,22,0,20,1,88,61,1,1,2,73.89999999999999,Low Risk
S02341,26,77,0,0,2,0,0,21,3,18,1,86,63,0,2,2,74.1,Low Risk
S02342,26,77,1,1,2,1,0,29,3,4,0,60,62,1,2,2,65.89999999999999,Low Risk
S02343,26,77,1,1,2,1,0,22,0,20,1,88,61,1,1,2,73.89999999999999,Low Risk
S02344,26,77,1,1,2,1,0,21,3,18,1,86,63,0,2,2,74.1,Low Risk
S02345,26,71,1,1,0,0,1,29,2,17,0,72,55,0,1,2,64.89999999999999,Medium Risk
S02346,26,71,1,1,0,0,1,29,0,1,1,69,88,0,2,0,77.2,Medium Risk
S02347,26,71,0,0,0,1,1,29,2,17,0,72,55,0,1,2,64.89999999999999,Medium Risk
S02348,26,71,0,0,0,1,1,29,0,1,1,69,88,0,2,0,77.2,Medium Risk
S02349,26,71,0,1,0,1,1,29,2,17,0,72,55,0,1,2,64.89999999999999,Medium Risk
S02350,26,71,0,1,0,1,1,29,0,1,1,69,88,0,2,0,77.2,Medium Risk
S02351,26,71,1,1,0,1,1,29,2,17,0,72,55,0,1,2,64.89999999999999,Medium Risk
S02352,26,71,1,1,0,1,1,29,0,1,1,69,88,0,2,0,77.2,Medium Risk
S02353,26,71,0,1,1,1,1,29,2,17,0,72,55,0,1,2,64.89999999999999,Medium Risk
S02354,26,71,0,1,1,1,1,29,0,1,1,69,88,0,2,0,77.2,Medium Risk
S02355,26,71,2,0,1,0,1,29,2,17,0,72,55,0,1,2,64.89999999999999,Medium Risk
S02356,26,71,2,0,1,0,1,29,0,1,1,69,88,0,2,0,77.2,Medium Risk
S02357,26,71,1,1,1,1,1,29,2,17,0,72,55,0,1,2,64.89999999999999,Medium Risk
S02358,26,71,1,1,1,1,1,29,0,1,1,69,88,0,2,0,77.2,Medium Risk
S02359,11,81,1,1,2,1,1,22,2,0,1,82,74,1,1,1,78.5,Low Risk
S02360,11,81,1,1,2,1,1,26,0,13,1,76,75,1,2,1,77.1,Low Risk
S02361,11,81,2,1,1,1,1,22,2,0,1,82,74,1,1,1,78.5,Low Risk
S02362,11,81,2,1,1,1,1,26,0,13,1,76,75,1,2,1,77.1,Low Risk
S02363,11,81,2,1,1,1,1,22,2,0,1,82,74,1,1,1,78.5,Low Risk
S02364,11,81,2,1,1,1,1,26,0,13,1,76,75,1,2,1,77.1,Low Risk
S02365,17,78,2,1,1,0,1,25,1,14,1,54,57,1,2,2,62.4,Low Risk
S02366,17,78,1,0,0,1,1,25,1,14,1,54,57,1,2,2,62.4,Low Risk
S02367,17,78,1,1,0,1,1,25,1,14,1,54,57,1,2,2,62.4,Low Risk
S02368,17,78,0,1,2,1,1,25,1,14,1,54,57,1,2,2,62.4,Low Risk
S02369,17,78,1,1,1,1,1,25,1,14,1,54,57,1,2,2,62.4,Low Risk
S02370,28,78,1,0,2,1,0,26,2,17,1,79,92,1,0,0,83.9,Low Risk
S02371,28,78,1,0,2,1,0,19,0,3,1,52,40,1,2,3,55.0,Medium Risk
S02372,28,78,2,1,1,1,0,26,2,17,1,79,92,1,0,0,83.9,Low Risk
S02373,28,78,2,1,1,1,0,19,0,3,1,52,40,1,2,3,55.0,Medium Risk
S02374,28,78,0,1,0,0,0,26,2,17,1,79,92,1,0,0,83.9,Low Risk
S02375,28,78,0,1,0,0,0,19,0,3,1,52,40,1,2,3,55.0,Medium Risk
S02376,28,78,2,0,0,1,0,26,2,17,1,79,92,1,0,0,83.9,Low Risk
S02377,28,78,2,0,0,1,0,19,0,3,1,52,40,1,2,3,55.0,Medium Risk
S02378,16,64,0,1,1,1,0,21,0,14,1,86,67,1,2,2,71.8,Medium Risk
S02379,16,64,0,1,1,1,0,29,2,19,1,61,48,0,0,3,56.7,Medium Risk
S02380,16,64,0,1,1,1,0,18,2,0,0,71,55,0,1,2,62.5,Medium Risk
S02381,16,64,0,1,1,1,0,24,1,3,1,60,66,1,1,2,63.60000000000001,Medium Risk
S02382,16,64,1,1,0,1,0,21,0,14,1,86,67,1,2,2,71.8,Medium Risk
S02383,16,64,1,1,0,1,0,29,2,19,1,61,48,0,0,3,56.7,Medium Risk
S02384,16,64,1,1,0,1,0,18,2,0,0,71,55,0,1,2,62.5,Medium Risk
S02385,16,64,1,1,0,1,0,24,1,3,1,60,66,1,1,2,63.60000000000001,Medium Risk
S02386,16,64,1,1,1,1,0,21,0,14,1,86,67,1,2,2,71.8,Medium Risk
S02387,16,64,1,1,1,1,0,29,2,19,1,61,48,0,0,3,56.7,Medium Risk
S02388,16,64,1,1,1,1,0,18,2,0,0,71,55,0,1,2,62.5,Medium Risk
S02389,16,64,1,1,1,1,0,24,1,3,1,60,66,1,1,2,63.60000000000001,Medium Risk
S02390,16,64,1,1,0,1,0,21,0,14,1,86,67,1,2,2,71.8,Medium Risk
S02391,16,64,1,1,0,1,0,29,2,19,1,61,48,0,0,3,56.7,Medium Risk
S02392,16,64,1,1,0,1,0,18,2,0,0,71,55,0,1,2,62.5,Medium Risk
S02393,16,64,1,1,0,1,0,24,1,3,1,60,66,1,1,2,63.60000000000001,Medium Risk
S02394,25,69,1,1,0,0,0,26,0,12,1,82,68,0,1,2,72.5,Medium Risk
S02395,25,69,1,1,0,0,0,29,0,0,0,64,57,1,2,2,62.7,Medium Risk
S02396,25,69,1,1,1,1,0,26,0,12,1,82,68,0,1,2,72.5,Medium Risk
S02397,25,69,1,1,1,1,0,29,0,0,0,64,57,1,2,2,62.7,Medium Risk
S02398,25,69,2,1,1,1,0,26,0,12,1,82,68,0,1,2,72.5,Medium Risk
S02399,25,69,2,1,1,1,0,29,0,0,0,64,57,1,2,2,62.7,Medium Risk
S02400,25,69,1,1,2,1,0,26,0,12,1,82,68,0,1,2,72.5,Medium Risk
S02401,25,69,1,1,2,1,0,29,0,0,0,64,57,1,2,2,62.7,Medium Risk
S02402,25,69,1,1,1,1,0,26,0,12,1,82,68,0,1,2,72.5,Medium Risk
S02403,25,69,1,1,1,1,0,29,0,0,0,64,57,1,2,2,62.7,Medium Risk
S02404,25,69,1,0,1,1,0,26,0,12,1,82,68,0,1,2,72.5,Medium Risk
S02405,25,69,1,0,1,1,0,29,0,0,0,64,57,1,2,2,62.7,Medium Risk
S02406,14,68,1,0,1,1,1,22,3,0,0,68,92,0,0,0,77.6,Medium Risk
S02407,14,68,1,1,1,1,1,22,3,0,0,68,92,0,0,0,77.6,Medium Risk
S02408,14,68,2,0,1,1,1,22,3,0,0,68,92,0,0,0,77.6,Medium Risk
S02409,14,68,0,1,2,1,1,22,3,0,0,68,92,0,0,0,77.6,Medium Risk
S02410,14,68,2,0,0,1,1,22,3,0,0,68,92,0,0,0,77.6,Medium Risk
S02411,14,68,2,0,2,1,1,22,3,0,0,68,92,0,0,0,77.6,Medium Risk
S02412,14,83,0,1,1,1,0,19,2,8,1,95,58,1,2,2,76.6,Low Risk
S02413,14,83,0,1,1,1,0,22,0,5,1,54,68,1,1,2,68.30000000000001,Low Risk
S02414,14,83,0,1,1,1,0,24,3,19,0,57,94,1,1,0,79.6,Low Risk
S02415,14,83,0,1,1,1,0,23,1,2,1,73,56,1,2,2,69.19999999999999,Low Risk
S02416,14,83,1,1,1,1,0,19,2,8,1,95,58,1,2,2,76.6,Low Risk
S02417,14,83,1,1,1,1,0,22,0,5,1,54,68,1,1,2,68.30000000000001,Low Risk
S02418,14,83,1,1,1,1,0,24,3,19,0,57,94,1,1,0,79.6,Low Risk
S02419,14,83,1,1,1,1,0,23,1,2,1,73,56,1,2,2,69.19999999999999,Low Risk
S02420,14,83,1,1,0,1,0,19,2,8,1,95,58,1,2,2,76.6,Low Risk
S02421,14,83,1,1,0,1,0,22,0,5,1,54,68,1,1,2,68.30000000000001,Low Risk
S02422,14,83,1,1,0,1,0,24,3,19,0,57,94,1,1,0,79.6,Low Risk
S02423,14,83,1,1,0,1,0,23,1,2,1,73,56,1,2,2,69.19999999999999,Low Risk
S02424,14,83,1,1,1,1,0,19,2,8,1,95,58,1,2,2,76.6,Low Risk
S02425,14,83,1,1,1,1,0,22,0,5,1,54,68,1,1,2,68.30000000000001,Low Risk
S02426,14,83,1,1,1,1,0,24,3,19,0,57,94,1,1,0,79.6,Low Risk
S02427,14,83,1,1,1,1,0,23,1,2,1,73,56,1,2,2,69.19999999999999,Low Risk
S02428,14,83,1,0,1,1,0,19,2,8,1,95,58,1,2,2,76.6,Low Risk
S02429,14,83,1,0,1,1,0,22,0,5,1,54,68,1,1,2,68.30000000000001,Low Risk
S02430,14,83,1,0,1,1,0,24,3,19,0,57,94,1,1,0,79.6,Low Risk
S02431,14,83,1,0,1,1,0,23,1,2,1,73,56,1,2,2,69.19999999999999,Low Risk
S02432,18,75,2,1,1,1,0,28,0,20,1,52,63,0,1,2,63.300000000000004,Low Risk
S02433,18,75,1,1,1,1,0,28,0,20,1,52,63,0,1,2,63.300000000000004,Low Risk
S02434,18,75,1,1,0,1,0,28,0,20,1,52,63,0,1,2,63.300000000000004,Low Risk
S02435,18,75,0,1,2,1,0,28,0,20,1,52,63,0,1,2,63.300000000000004,Low Risk
S02436,18,75,1,1,0,1,0,28,0,20,1,52,63,0,1,2,63.300000000000004,Low Risk
S02437,18,75,0,0,1,1,0,28,0,20,1,52,63,0,1,2,63.300000000000004,Low Risk
S02438,18,75,1,1,1,1,0,28,0,20,1,52,63,0,1,2,63.300000000000004,Low Risk
S02439,18,75,1,1,0,1,0,28,0,20,1,52,63,0,1,2,63.300000000000004,Low Risk
S02440,30,81,0,1,1,1,1,23,3,7,1,76,79,1,1,1,78.7,Low Risk
S02441,30,81,0,1,1,1,1,19,0,20,1,65,58,1,2,2,67.0,Low Risk
S02442,30,81,2,0,0,1,1,23,3,7,1,76,79,1,1,1,78.7,Low Risk
S02443,30,81,2,0,0,1,1,19,0,20,1,65,58,1,2,2,67.0,Low Risk
S02444,30,81,2,0,1,1,1,23,3,7,1,76,79,1,1,1,78.7,Low Risk
S02445,30,81,2,0,1,1,1,19,0,20,1,65,58,1,2,2,67.0,Low Risk
S02446,11,68,1,0,1,1,0,21,2,15,0,73,48,1,2,3,61.5,Medium Risk
S02447,11,68,1,0,1,1,0,21,2,4,0,76,41,1,1,3,59.6,Medium Risk
S02448,11,68,1,0,0,1,0,21,2,15,0,73,48,1,2,3,61.5,Medium Risk
S02449,11,68,1,0,0,1,0,21,2,4,0,76,41,1,1,3,59.6,Medium Risk
S02450,11,68,2,1,1,1,0,21,2,15,0,73,48,1,2,3,61.5,Medium Risk
S02451,11,68,2,1,1,1,0,21,2,4,0,76,41,1,1,3,59.6,Medium Risk
S02452,11,68,2,1,0,1,0,21,2,15,0,73,48,1,2,3,61.5,Medium Risk
S02453,11,68,2,1,0,1,0,21,2,4,0,76,41,1,1,3,59.6,Medium Risk
S02454,17,66,2,0,1,1,1,22,2,18,0,70,50,1,2,3,60.8,Medium Risk
S02455,17,66,2,0,1,1,1,23,0,6,1,83,52,1,1,3,65.5,Medium Risk
S02456,17,66,2,0,1,1,1,21,3,14,1,90,41,1,1,3,63.2,Medium Risk
S02457,17,66,2,0,1,1,1,28,2,0,1,65,47,0,2,3,58.099999999999994,Medium Risk
S02458,17,66,2,0,0,1,1,22,2,18,0,70,50,1,2,3,60.8,Medium Risk
S02459,17,66,2,0,0,1,1,23,0,6,1,83,52,1,1,3,65.5,Medium Risk
S02460,17,66,2,0,0,1,1,21,3,14,1,90,41,1,1,3,63.2,Medium Risk
S02461,17,66,2,0,0,1,1,28,2,0,1,65,47,0,2,3,58.099999999999994,Medium Risk
S02462,17,66,1,1,1,1,1,22,2,18,0,70,50,1,2,3,60.8,Medium Risk
S02463,17,66,1,1,1,1,1,23,0,6,1,83,52,1,1,3,65.5,Medium Risk
S02464,17,66,1,1,1,1,1,21,3,14,1,90,41,1,1,3,63.2,Medium Risk
S02465,17,66,1,1,1,1,1,28,2,0,1,65,47,0,2,3,58.099999999999994,Medium Risk
S02466,17,66,1,1,1,1,1,22,2,18,0,70,50,1,2,3,60.8,Medium Risk
S02467,17,66,1,1,1,1,1,23,0,6,1,83,52,1,1,3,65.5,Medium Risk
S02468,17,66,1,1,1,1,1,21,3,14,1,90,41,1,1,3,63.2,Medium Risk
S02469,17,66,1,1,1,1,1,28,2,0,1,65,47,0,2,3,58.099999999999994,Medium Risk
S02470,29,77,2,1,1,1,0,20,0,15,1,87,41,0,2,3,65.6,Medium Risk
S02471,29,77,2,1,1,1,0,29,2,17,1,100,71,1,1,1,81.5,Low Risk
S02472,29,77,1,0,1,1,0,20,0,15,1,87,41,0,2,3,65.6,Medium Risk
S02473,29,77,1,0,1,1,0,29,2,17,1,100,71,1,1,1,81.5,Low Risk
S02474,29,77,1,0,1,1,0,20,0,15,1,87,41,0,2,3,65.6,Medium Risk
S02475,29,77,1,0,1,1,0,29,2,17,1,100,71,1,1,1,81.5,Low Risk
S02476,29,77,0,1,2,1,0,20,0,15,1,87,41,0,2,3,65.6,Medium Risk
S02477,29,77,0,1,2,1,0,29,2,17,1,100,71,1,1,1,81.5,Low Risk
S02478,29,77,0,1,2,1,0,20,0,15,1,87,41,0,2,3,65.6,Medium Risk
S02479,29,77,0,1,2,1,0,29,2,17,1,100,71,1,1,1,81.5,Low Risk
S02480,11,76,1,1,1,1,1,27,0,14,1,89,65,0,2,2,75.5,Low Risk
S02481,11,76,1,1,1,1,1,25,2,19,1,99,84,1,2,1,86.1,Low Risk
S02482,11,76,1,1,1,1,1,25,1,3,1,89,94,1,1,0,87.1,Low Risk
S02483,11,76,1,1,1,0,1,27,0,14,1,89,65,0,2,2,75.5,Low Risk
S02484,11,76,1,1,1,0,1,25,2,19,1,99,84,1,2,1,86.1,Low Risk
S02485,11,76,1,1,1,0,1,25,1,3,1,89,94,1,1,0,87.1,Low Risk
S02486,27,61,1,0,1,1,1,29,0,16,1,73,43,0,0,3,57.39999999999999,Medium Risk
S02487,27,61,1,0,1,1,1,21,3,5,1,51,91,0,0,0,70.0,Medium Risk
S02488,27,61,1,0,1,1,1,29,0,16,1,73,43,0,0,3,57.39999999999999,Medium Risk
S02489,27,61,1,0,1,1,1,21,3,5,1,51,91,0,0,0,70.0,Medium Risk
S02490,27,61,1,1,1,1,1,29,0,16,1,73,43,0,0,3,57.39999999999999,Medium Risk
S02491,27,61,1,1,1,1,1,21,3,5,1,51,91,0,0,0,70.0,Medium Risk
S02492,27,61,0,0,2,1,1,29,0,16,1,73,43,0,0,3,57.39999999999999,Medium Risk
S02493,27,61,0,0,2,1,1,21,3,5,1,51,91,0,0,0,70.0,Medium Risk
S02494,14,82,2,1,0,1,0,25,1,11,0,92,79,0,1,1,83.8,Low Risk
S02495,14,82,2,1,0,1,0,27,1,12,1,85,79,1,0,1,81.7,Low Risk
S02496,14,82,2,1,0,1,0,28,1,16,1,77,69,1,2,2,75.3,Low Risk
S02497,14,82,1,1,2,1,0,25,1,11,0,92,79,0,1,1,83.8,Low Risk
S02498,14,82,1,1,2,1,0,27,1,12,1,85,79,1,0,1,81.7,Low Risk
S02499,14,82,1,1,2,1,0,28,1,16,1,77,69,1,2,2,75.3,Low Risk
S02500,14,82,1,1,1,1,0,25,1,11,0,92,79,0,1,1,83.8,Low Risk
S02501,14,82,1,1,1,1,0,27,1,12,1,85,79,1,0,1,81.7,Low Risk
S02502,14,82,1,1,1,1,0,28,1,16,1,77,69,1,2,2,75.3,Low Risk
S02503,14,82,1,1,1,1,0,25,1,11,0,92,79,0,1,1,83.8,Low Risk
S02504,14,82,1,1,1,1,0,27,1,12,1,85,79,1,0,1,81.7,Low Risk
S02505,14,82,1,1,1,1,0,28,1,16,1,77,69,1,2,2,75.3,Low Risk
S02506,23,82,1,1,1,1,1,21,1,20,1,70,65,1,2,2,71.6,Low Risk
S02507,23,82,2,0,1,1,1,21,1,20,1,70,65,1,2,2,71.6,Low Risk
S02508,23,82,1,1,1,1,1,21,1,20,1,70,65,1,2,2,71.6,Low Risk
S02509,21,88,2,0,1,1,0,23,0,10,1,61,75,0,0,1,74.69999999999999,Low Risk
S02510,21,88,1,0,1,1,0,23,0,10,1,61,75,0,0,1,74.69999999999999,Low Risk
S02511,21,88,2,1,2,1,0,23,0,10,1,61,75,0,0,1,74.69999999999999,Low Risk
S02512,21,88,1,1,0,1,0,23,0,10,1,61,75,0,0,1,74.69999999999999,Low Risk
S02513,21,88,0,0,2,0,0,23,0,10,1,61,75,0,0,1,74.69999999999999,Low Risk
S02514,21,88,1,1,0,1,0,23,0,10,1,61,75,0,0,1,74.69999999999999,Low Risk
S02515,20,70,1,1,0,0,1,29,0,5,1,51,99,1,2,0,75.9,Medium Risk
S02516,20,70,2,1,1,1,1,29,0,5,1,51,99,1,2,0,75.9,Medium Risk
S02517,20,70,1,0,0,1,1,29,0,5,1,51,99,1,2,0,75.9,Medium Risk
S02518,20,70,1,1,0,1,1,29,0,5,1,51,99,1,2,0,75.9,Medium Risk
S02519,20,70,1,0,0,1,1,29,0,5,1,51,99,1,2,0,75.9,Medium Risk
S02520,20,70,0,0,1,1,1,29,0,5,1,51,99,1,2,0,75.9,Medium Risk
S02521,20,70,1,1,1,1,1,29,0,5,1,51,99,1,2,0,75.9,Medium Risk
S02522,21,98,0,0,1,1,0,27,3,9,0,72,45,0,0,3,69.0,Medium Risk
S02523,21,98,0,0,1,1,0,18,3,2,1,65,73,1,2,1,78.1,Low Risk
S02524,21,98,0,0,1,1,0,24,1,19,0,89,59,1,2,2,79.69999999999999,Low Risk
S02525,21,98,0,0,1,1,0,19,2,10,0,93,86,1,2,0,91.69999999999999,Low Risk
S02526,21,98,0,0,1,1,0,18,3,14,0,53,67,0,1,2,72.1,Low Risk
S02527,21,98,0,0,1,1,0,28,0,6,1,67,64,1,2,2,75.1,Low Risk
S02528,21,98,0,0,1,1,0,27,0,8,1,99,49,1,2,3,78.69999999999999,Medium Risk
S02529,21,98,0,0,1,1,0,22,3,5,1,80,77,1,1,1,84.19999999999999,Low Risk
S02530,21,98,1,1,2,0,0,27,3,9,0,72,45,0,0,3,69.0,Medium Risk
S02531,21,98,1,1,2,0,0,18,3,2,1,65,73,1,2,1,78.1,Low Risk
S02532,21,98,1,1,2,0,0,24,1,19,0,89,59,1,2,2,79.69999999999999,Low Risk
S02533,21,98,1,1,2,0,0,19,2,10,0,93,86,1,2,0,91.69999999999999,Low Risk
S02534,21,98,1,1,2,0,0,18,3,14,0,53,67,0,1,2,72.1,Low Risk
S02535,21,98,1,1,2,0,0,28,0,6,1,67,64,1,2,2,75.1,Low Risk
S02536,21,98,1,1,2,0,0,27,0,8,1,99,49,1,2,3,78.69999999999999,Medium Risk
S02537,21,98,1,1,2,0,0,22,3,5,1,80,77,1,1,1,84.19999999999999,Low Risk
S02538,21,98,1,1,2,1,0,27,3,9,0,72,45,0,0,3,69.0,Medium Risk
S02539,21,98,1,1,2,1,0,18,3,2,1,65,73,1,2,1,78.1,Low Risk
S02540,21,98,1,1,2,1,0,24,1,19,0,89,59,1,2,2,79.69999999999999,Low Risk
S02541,21,98,1,1,2,1,0,19,2,10,0,93,86,1,2,0,91.69999999999999,Low Risk
S02542,21,98,1,1,2,1,0,18,3,14,0,53,67,0,1,2,72.1,Low Risk
S02543,21,98,1,1,2,1,0,28,0,6,1,67,64,1,2,2,75.1,Low Risk
S02544,21,98,1,1,2,1,0,27,0,8,1,99,49,1,2,3,78.69999999999999,Medium Risk
S02545,21,98,1,1,2,1,0,22,3,5,1,80,77,1,1,1,84.19999999999999,Low Risk
S02546,21,98,1,1,1,1,0,27,3,9,0,72,45,0,0,3,69.0,Medium Risk
S02547,21,98,1,1,1,1,0,18,3,2,1,65,73,1,2,1,78.1,Low Risk
S02548,21,98,1,1,1,1,0,24,1,19,0,89,59,1,2,2,79.69999999999999,Low Risk
S02549,21,98,1,1,1,1,0,19,2,10,0,93,86,1,2,0,91.69999999999999,Low Risk
S02550,21,98,1,1,1,1,0,18,3,14,0,53,67,0,1,2,72.1,Low Risk
S02551,21,98,1,1,1,1,0,28,0,6,1,67,64,1,2,2,75.1,Low Risk
S02552,21,98,1,1,1,1,0,27,0,8,1,99,49,1,2,3,78.69999999999999,Medium Risk
S02553,21,98,1,1,1,1,0,22,3,5,1,80,77,1,1,1,84.19999999999999,Low Risk
S02554,24,65,0,0,0,1,1,19,1,17,1,60,41,1,1,3,53.900000000000006,Medium Risk
S02555,24,65,0,0,0,1,1,22,1,4,0,79,78,0,2,1,74.4,Medium Risk
S02556,24,65,0,0,0,1,1,21,0,12,1,98,47,1,1,3,67.7,Medium Risk
S02557,24,65,2,0,0,1,1,19,1,17,1,60,41,1,1,3,53.900000000000006,Medium Risk
S02558,24,65,2,0,0,1,1,22,1,4,0,79,78,0,2,1,74.4,Medium Risk
S02559,24,65,2,0,0,1,1,21,0,12,1,98,47,1,1,3,67.7,Medium Risk
S02560,24,65,2,0,1,1,1,19,1,17,1,60,41,1,1,3,53.900000000000006,Medium Risk
S02561,24,65,2,0,1,1,1,22,1,4,0,79,78,0,2,1,74.4,Medium Risk
S02562,24,65,2,0,1,1,1,21,0,12,1,98,47,1,1,3,67.7,Medium Risk
S02563,24,65,1,1,0,1,1,19,1,17,1,60,41,1,1,3,53.900000000000006,Medium Risk
S02564,24,65,1,1,0,1,1,22,1,4,0,79,78,0,2,1,74.4,Medium Risk
S02565,24,65,1,1,0,1,1,21,0,12,1,98,47,1,1,3,67.7,Medium Risk
S02566,30,80,2,0,1,1,0,22,0,11,1,63,78,0,2,1,74.1,Low Risk
S02567,30,80,2,0,1,1,0,28,0,8,0,55,78,1,2,1,71.7,Low Risk
S02568,30,80,2,0,1,1,0,19,3,16,0,90,100,0,2,0,91.0,Low Risk
S02569,30,80,2,0,1,1,0,21,0,15,0,89,44,1,2,3,68.3,Medium Risk
S02570,30,80,2,0,2,1,0,22,0,11,1,63,78,0,2,1,74.1,Low Risk
S02571,30,80,2,0,2,1,0,28,0,8,0,55,78,1,2,1,71.7,Low Risk
S02572,30,80,2,0,2,1,0,19,3,16,0,90,100,0,2,0,91.0,Low Risk
S02573,30,80,2,0,2,1,0,21,0,15,0,89,44,1,2,3,68.3,Medium Risk
S02574,30,80,2,0,1,1,0,22,0,11,1,63,78,0,2,1,74.1,Low Risk
S02575,30,80,2,0,1,1,0,28,0,8,0,55,78,1,2,1,71.7,Low Risk
S02576,30,80,2,0,1,1,0,19,3,16,0,90,100,0,2,0,91.0,Low Risk
S02577,30,80,2,0,1,1,0,21,0,15,0,89,44,1,2,3,68.3,Medium Risk
S02578,33,62,1,1,1,1,0,19,2,15,0,90,55,1,1,2,67.6,Medium Risk
S02579,8,73,1,0,1,0,0,21,0,12,0,85,71,1,2,1,75.80000000000001,Medium Risk
S02580,8,73,1,0,1,0,0,27,1,1,1,93,55,0,2,2,71.8,Medium Risk
S02581,19,66,2,0,1,1,1,20,0,10,1,53,64,1,2,2,61.3,Medium Risk
S02582,19,66,1,0,1,1,1,20,0,10,1,53,64,1,2,2,61.3,Medium Risk
S02583,19,66,0,0,1,1,1,20,0,10,1,53,64,1,2,2,61.3,Medium Risk
S02584,19,66,2,1,1,1,1,20,0,10,1,53,64,1,2,2,61.3,Medium Risk
S02585,24,88,1,1,0,1,1,26,3,19,0,100,95,1,0,0,94.4,Low Risk
S02586,24,88,1,1,0,1,1,29,2,17,1,81,80,1,1,1,82.69999999999999,Low Risk
S02587,24,88,0,1,0,0,1,26,3,19,0,100,95,1,0,0,94.4,Low Risk
S02588,24,88,0,1,0,0,1,29,2,17,1,81,80,1,1,1,82.69999999999999,Low Risk
S02589,24,88,0,1,1,1,1,26,3,19,0,100,95,1,0,0,94.4,Low Risk
S02590,24,88,0,1,1,1,1,29,2,17,1,81,80,1,1,1,82.69999999999999,Low Risk
S02591,24,88,1,0,1,1,1,26,3,19,0,100,95,1,0,0,94.4,Low Risk
S02592,24,88,1,0,1,1,1,29,2,17,1,81,80,1,1,1,82.69999999999999,Low Risk
S02593,24,88,1,1,1,0,1,26,3,19,0,100,95,1,0,0,94.4,Low Risk
S02594,24,88,1,1,1,0,1,29,2,17,1,81,80,1,1,1,82.69999999999999,Low Risk
S02595,24,88,1,1,2,1,1,26,3,19,0,100,95,1,0,0,94.4,Low Risk
S02596,24,88,1,1,2,1,1,29,2,17,1,81,80,1,1,1,82.69999999999999,Low Risk
S02597,24,88,1,1,1,1,1,26,3,19,0,100,95,1,0,0,94.4,Low Risk
S02598,24,88,1,1,1,1,1,29,2,17,1,81,80,1,1,1,82.69999999999999,Low Risk
S02599,24,88,2,1,1,1,1,26,3,19,0,100,95,1,0,0,94.4,Low Risk
S02600,24,88,2,1,1,1,1,29,2,17,1,81,80,1,1,1,82.69999999999999,Low Risk
S02601,19,60,2,1,2,1,0,25,3,18,1,83,42,0,0,3,59.7,Medium Risk
S02602,19,60,2,1,2,1,0,29,3,1,1,54,41,1,2,3,50.6,Medium Risk
S02603,19,60,2,0,1,1,0,25,3,18,1,83,42,0,0,3,59.7,Medium Risk
S02604,19,60,2,0,1,1,0,29,3,1,1,54,41,1,2,3,50.6,Medium Risk
S02605,19,60,0,0,2,1,0,25,3,18,1,83,42,0,0,3,59.7,Medium Risk
S02606,19,60,0,0,2,1,0,29,3,1,1,54,41,1,2,3,50.6,Medium Risk
S02607,16,67,1,0,1,1,0,29,3,0,1,82,98,0,1,0,83.89999999999999,Medium Risk
S02608,16,67,2,1,1,1,0,29,3,0,1,82,98,0,1,0,83.89999999999999,Medium Risk
S02609,16,67,2,1,2,1,0,29,3,0,1,82,98,0,1,0,83.89999999999999,Medium Risk
S02610,16,67,1,1,0,1,0,29,3,0,1,82,98,0,1,0,83.89999999999999,Medium Risk
S02611,16,67,1,0,1,1,0,29,3,0,1,82,98,0,1,0,83.89999999999999,Medium Risk
S02612,25,84,0,1,0,1,1,18,3,2,1,80,50,1,0,3,69.2,Low Risk
S02613,25,84,0,1,0,1,1,18,3,0,1,96,65,1,2,2,80.0,Low Risk
S02614,25,84,0,1,0,1,1,20,3,6,0,69,99,1,2,0,85.5,Low Risk
S02615,25,84,0,1,0,1,1,23,2,6,1,82,81,1,1,1,82.2,Low Risk
S02616,25,84,1,1,0,1,1,18,3,2,1,80,50,1,0,3,69.2,Low Risk
S02617,25,84,1,1,0,1,1,18,3,0,1,96,65,1,2,2,80.0,Low Risk
S02618,25,84,1,1,0,1,1,20,3,6,0,69,99,1,2,0,85.5,Low Risk
S02619,25,84,1,1,0,1,1,23,2,6,1,82,81,1,1,1,82.2,Low Risk
S02620,25,84,0,0,1,1,1,18,3,2,1,80,50,1,0,3,69.2,Low Risk
S02621,25,84,0,0,1,1,1,18,3,0,1,96,65,1,2,2,80.0,Low Risk
S02622,25,84,0,0,1,1,1,20,3,6,0,69,99,1,2,0,85.5,Low Risk
S02623,25,84,0,0,1,1,1,23,2,6,1,82,81,1,1,1,82.2,Low Risk
S02624,25,84,1,1,2,1,1,18,3,2,1,80,50,1,0,3,69.2,Low Risk
S02625,25,84,1,1,2,1,1,18,3,0,1,96,65,1,2,2,80.0,Low Risk
S02626,25,84,1,1,2,1,1,20,3,6,0,69,99,1,2,0,85.5,Low Risk
S02627,25,84,1,1,2,1,1,23,2,6,1,82,81,1,1,1,82.2,Low Risk
S02628,22,73,1,1,0,1,0,25,2,4,1,63,92,1,0,0,77.6,Medium Risk
S02629,22,73,1,1,0,1,0,23,2,17,1,56,82,1,1,1,71.5,Medium Risk
S02630,22,73,1,1,0,1,0,29,2,4,0,97,41,1,0,3,67.4,Medium Risk
S02631,22,73,0,1,1,1,0,25,2,4,1,63,92,1,0,0,77.6,Medium Risk
S02632,22,73,0,1,1,1,0,23,2,17,1,56,82,1,1,1,71.5,Medium Risk
S02633,22,73,0,1,1,1,0,29,2,4,0,97,41,1,0,3,67.4,Medium Risk
S02634,22,73,1,0,1,1,0,25,2,4,1,63,92,1,0,0,77.6,Medium Risk
S02635,22,73,1,0,1,1,0,23,2,17,1,56,82,1,1,1,71.5,Medium Risk
S02636,22,73,1,0,1,1,0,29,2,4,0,97,41,1,0,3,67.4,Medium Risk
S02637,22,63,0,0,1,1,1,18,1,10,1,63,74,1,1,1,67.4,Medium Risk
S02638,22,63,0,0,1,1,1,26,3,17,0,87,69,1,2,2,72.6,Medium Risk
S02639,22,63,1,0,2,1,1,18,1,10,1,63,74,1,1,1,67.4,Medium Risk
S02640,22,63,1,0,2,1,1,26,3,17,0,87,69,1,2,2,72.6,Medium Risk
S02641,22,63,2,1,2,1,1,18,1,10,1,63,74,1,1,1,67.4,Medium Risk
S02642,22,63,2,1,2,1,1,26,3,17,0,87,69,1,2,2,72.6,Medium Risk
S02643,22,63,0,0,2,1,1,18,1,10,1,63,74,1,1,1,67.4,Medium Risk
S02644,22,63,0,0,2,1,1,26,3,17,0,87,69,1,2,2,72.6,Medium Risk
S02645,22,63,0,0,0,1,1,18,1,10,1,63,74,1,1,1,67.4,Medium Risk
S02646,22,63,0,0,0,1,1,26,3,17,0,87,69,1,2,2,72.6,Medium Risk
S02647,22,63,1,1,0,1,1,18,1,10,1,63,74,1,1,1,67.4,Medium Risk
S02648,22,63,1,1,0,1,1,26,3,17,0,87,69,1,2,2,72.6,Medium Risk
S02649,22,63,2,1,2,1,1,18,1,10,1,63,74,1,1,1,67.4,Medium Risk
S02650,22,63,2,1,2,1,1,26,3,17,0,87,69,1,2,2,72.6,Medium Risk
S02651,22,63,1,1,1,1,1,18,1,10,1,63,74,1,1,1,67.4,Medium Risk
S02652,22,63,1,1,1,1,1,26,3,17,0,87,69,1,2,2,72.6,Medium Risk
S02653,22,63,0,1,1,1,1,18,1,10,1,63,74,1,1,1,67.4,Medium Risk
S02654,22,63,0,1,1,1,1,26,3,17,0,87,69,1,2,2,72.6,Medium Risk
S02655,22,63,0,1,1,1,1,18,1,10,1,63,74,1,1,1,67.4,Medium Risk
S02656,22,63,0,1,1,1,1,26,3,17,0,87,69,1,2,2,72.6,Medium Risk
S02657,22,63,0,1,1,1,1,18,1,10,1,63,74,1,1,1,67.4,Medium Risk
S02658,22,63,0,1,1,1,1,26,3,17,0,87,69,1,2,2,72.6,Medium Risk
S02659,24,68,1,1,1,1,0,27,0,12,0,66,93,1,1,0,77.4,Medium Risk
S02660,24,68,1,1,1,1,0,20,0,8,1,89,93,1,1,0,84.30000000000001,Medium Risk
S02661,24,68,1,1,0,1,0,27,0,12,0,66,93,1,1,0,77.4,Medium Risk
S02662,24,68,1,1,0,1,0,20,0,8,1,89,93,1,1,0,84.30000000000001,Medium Risk
S02663,24,68,0,0,2,0,0,27,0,12,0,66,93,1,1,0,77.4,Medium Risk
S02664,24,68,0,0,2,0,0,20,0,8,1,89,93,1,1,0,84.30000000000001,Medium Risk
S02665,24,68,2,0,1,1,0,27,0,12,0,66,93,1,1,0,77.4,Medium Risk
S02666,24,68,2,0,1,1,0,20,0,8,1,89,93,1,1,0,84.30000000000001,Medium Risk
S02667,24,68,1,1,2,1,0,27,0,12,0,66,93,1,1,0,77.4,Medium Risk
S02668,24,68,1,1,2,1,0,20,0,8,1,89,93,1,1,0,84.30000000000001,Medium Risk
S02669,24,68,0,0,1,1,0,27,0,12,0,66,93,1,1,0,77.4,Medium Risk
S02670,24,68,0,0,1,1,0,20,0,8,1,89,93,1,1,0,84.30000000000001,Medium Risk
S02671,17,86,0,1,2,1,0,20,2,13,1,53,75,1,1,1,71.7,Low Risk
S02672,17,86,1,0,0,1,0,20,2,13,1,53,75,1,1,1,71.7,Low Risk
S02673,17,86,1,0,2,1,0,20,2,13,1,53,75,1,1,1,71.7,Low Risk
S02674,24,71,1,1,1,1,1,22,3,3,1,77,91,1,1,0,80.8,Medium Risk
S02675,24,71,1,1,1,1,1,25,1,12,1,64,82,1,1,1,73.3,Medium Risk
S02676,24,71,2,1,0,1,1,22,3,3,1,77,91,1,1,0,80.8,Medium Risk
S02677,24,71,2,1,0,1,1,25,1,12,1,64,82,1,1,1,73.3,Medium Risk
S02678,24,71,1,1,1,1,1,22,3,3,1,77,91,1,1,0,80.8,Medium Risk
S02679,24,71,1,1,1,1,1,25,1,12,1,64,82,1,1,1,73.3,Medium Risk
S02680,24,71,1,0,1,1,1,22,3,3,1,77,91,1,1,0,80.8,Medium Risk
S02681,24,71,1,0,1,1,1,25,1,12,1,64,82,1,1,1,73.3,Medium Risk
S02682,24,71,1,1,1,1,1,22,3,3,1,77,91,1,1,0,80.8,Medium Risk
S02683,24,71,1,1,1,1,1,25,1,12,1,64,82,1,1,1,73.3,Medium Risk
S02684,24,71,2,1,1,1,1,22,3,3,1,77,91,1,1,0,80.8,Medium Risk
S02685,24,71,2,1,1,1,1,25,1,12,1,64,82,1,1,1,73.3,Medium Risk
S02686,24,71,1,1,0,1,1,22,3,3,1,77,91,1,1,0,80.8,Medium Risk
S02687,24,71,1,1,0,1,1,25,1,12,1,64,82,1,1,1,73.3,Medium Risk
S02688,24,60,1,0,2,1,0,21,3,13,0,73,75,1,0,1,69.9,Medium Risk
S02689,24,60,1,0,2,1,0,23,2,5,0,97,95,0,0,0,85.1,Medium Risk
S02690,24,60,0,0,1,1,0,21,3,13,0,73,75,1,0,1,69.9,Medium Risk
S02691,24,60,0,0,1,1,0,23,2,5,0,97,95,0,0,0,85.1,Medium Risk
S02692,24,60,1,1,1,1,0,21,3,13,0,73,75,1,0,1,69.9,Medium Risk
S02693,24,60,1,1,1,1,0,23,2,5,0,97,95,0,0,0,85.1,Medium Risk
S02694,24,60,1,1,0,1,0,21,3,13,0,73,75,1,0,1,69.9,Medium Risk
S02695,24,60,1,1,0,1,0,23,2,5,0,97,95,0,0,0,85.1,Medium Risk
S02696,28,99,1,1,1,0,1,18,2,11,1,52,83,1,0,1,78.5,Low Risk
S02697,28,99,1,1,0,1,1,18,2,11,1,52,83,1,0,1,78.5,Low Risk
S02698,16,84,2,1,1,1,0,21,0,19,1,58,69,1,1,2,70.2,Low Risk
S02699,16,84,2,1,1,1,0,18,3,15,1,98,93,1,2,0,91.8,Low Risk
S02700,16,84,2,1,1,1,0,23,3,7,0,87,58,1,2,2,74.5,Low Risk
S02701,16,84,2,1,1,1,0,27,2,16,1,72,62,0,1,2,71.6,Low Risk
S02702,16,84,2,1,1,1,0,20,1,6,1,70,100,0,1,0,86.2,Low Risk
S02703,16,84,1,0,2,1,0,21,0,19,1,58,69,1,1,2,70.2,Low Risk
S02704,16,84,1,0,2,1,0,18,3,15,1,98,93,1,2,0,91.8,Low Risk
S02705,16,84,1,0,2,1,0,23,3,7,0,87,58,1,2,2,74.5,Low Risk
S02706,16,84,1,0,2,1,0,27,2,16,1,72,62,0,1,2,71.6,Low Risk
S02707,16,84,1,0,2,1,0,20,1,6,1,70,100,0,1,0,86.2,Low Risk
S02708,16,84,2,1,0,1,0,21,0,19,1,58,69,1,1,2,70.2,Low Risk
S02709,16,84,2,1,0,1,0,18,3,15,1,98,93,1,2,0,91.8,Low Risk
S02710,16,84,2,1,0,1,0,23,3,7,0,87,58,1,2,2,74.5,Low Risk
S02711,16,84,2,1,0,1,0,27,2,16,1,72,62,0,1,2,71.6,Low Risk
S02712,16,84,2,1,0,1,0,20,1,6,1,70,100,0,1,0,86.2,Low Risk
S02713,23,79,2,1,1,1,1,28,1,0,1,50,51,1,1,3,59.10000000000001,Low Risk
S02714,23,79,2,1,0,1,1,28,1,0,1,50,51,1,1,3,59.10000000000001,Low Risk
S02715,23,79,2,1,0,1,1,28,1,0,1,50,51,1,1,3,59.10000000000001,Low Risk
S02716,23,79,1,1,2,1,1,28,1,0,1,50,51,1,1,3,59.10000000000001,Low Risk
S02717,23,79,1,1,1,0,1,28,1,0,1,50,51,1,1,3,59.10000000000001,Low Risk
S02718,23,79,2,0,1,1,1,28,1,0,1,50,51,1,1,3,59.10000000000001,Low Risk
S02719,19,83,1,1,1,1,0,22,1,9,0,98,99,1,2,0,93.9,Low Risk
S02720,19,83,2,1,1,1,0,22,1,9,0,98,99,1,2,0,93.9,Low Risk
S02721,19,83,0,0,0,1,0,22,1,9,0,98,99,1,2,0,93.9,Low Risk
S02722,19,83,1,0,0,1,0,22,1,9,0,98,99,1,2,0,93.9,Low Risk
S02723,19,83,2,0,1,1,0,22,1,9,0,98,99,1,2,0,93.9,Low Risk
S02724,28,71,1,0,2,1,0,20,2,10,1,56,69,1,0,2,65.7,Medium Risk
S02725,28,71,1,0,2,1,0,18,0,9,0,97,94,0,2,0,88.0,Medium Risk
S02726,28,71,1,0,2,1,0,26,0,8,0,77,46,0,2,3,62.8,Medium Risk
S02727,28,71,1,1,2,1,0,20,2,10,1,56,69,1,0,2,65.7,Medium Risk
S02728,28,71,1,1,2,1,0,18,0,9,0,97,94,0,2,0,88.0,Medium Risk
S02729,28,71,1,1,2,1,0,26,0,8,0,77,46,0,2,3,62.8,Medium Risk
S02730,24,90,0,0,1,1,1,25,1,20,0,70,73,1,0,1,77.2,Low Risk
S02731,24,90,0,0,1,1,1,24,0,19,1,67,92,1,0,0,83.9,Low Risk
S02732,24,90,1,1,0,1,1,25,1,20,0,70,73,1,0,1,77.2,Low Risk
S02733,24,90,1,1,0,1,1,24,0,19,1,67,92,1,0,0,83.9,Low Risk
S02734,24,90,1,0,1,1,1,25,1,20,0,70,73,1,0,1,77.2,Low Risk
S02735,24,90,1,0,1,1,1,24,0,19,1,67,92,1,0,0,83.9,Low Risk
S02736,24,90,1,0,1,1,1,25,1,20,0,70,73,1,0,1,77.2,Low Risk
S02737,24,90,1,0,1,1,1,24,0,19,1,67,92,1,0,0,83.9,Low Risk
S02738,24,90,2,0,0,1,1,25,1,20,0,70,73,1,0,1,77.2,Low Risk
S02739,24,90,2,0,0,1,1,24,0,19,1,67,92,1,0,0,83.9,Low Risk
S02740,24,90,1,1,1,1,1,25,1,20,0,70,73,1,0,1,77.2,Low Risk
S02741,24,90,1,1,1,1,1,24,0,19,1,67,92,1,0,0,83.9,Low Risk
S02742,24,90,0,1,2,1,1,25,1,20,0,70,73,1,0,1,77.2,Low Risk
S02743,24,90,0,1,2,1,1,24,0,19,1,67,92,1,0,0,83.9,Low Risk
S02744,18,80,1,0,0,1,1,21,2,9,1,84,65,1,1,2,75.2,Low Risk
S02745,18,80,1,0,0,1,1,20,3,8,0,63,91,0,2,0,79.3,Low Risk
S02746,18,80,1,0,0,1,1,25,0,9,1,63,50,1,1,3,62.9,Low Risk
S02747,18,80,2,1,1,0,1,21,2,9,1,84,65,1,1,2,75.2,Low Risk
S02748,18,80,2,1,1,0,1,20,3,8,0,63,91,0,2,0,79.3,Low Risk
S02749,18,80,2,1,1,0,1,25,0,9,1,63,50,1,1,3,62.9,Low Risk
S02750,18,80,0,1,2,1,1,21,2,9,1,84,65,1,1,2,75.2,Low Risk
S02751,18,80,0,1,2,1,1,20,3,8,0,63,91,0,2,0,79.3,Low Risk
S02752,18,80,0,1,2,1,1,25,0,9,1,63,50,1,1,3,62.9,Low Risk
S02753,22,63,2,1,1,1,0,22,0,19,0,70,47,0,2,3,58.699999999999996,Medium Risk
S02754,22,63,2,1,1,1,0,26,2,18,0,61,88,0,2,0,72.4,Medium Risk
S02755,22,63,2,1,1,1,0,29,1,0,0,93,67,1,2,2,73.6,Medium Risk
S02756,22,63,2,1,1,1,0,26,1,0,0,79,62,1,0,2,67.4,Medium Risk
S02757,22,63,2,1,1,1,0,23,3,20,1,99,41,0,1,3,65.0,Medium Risk
S02758,22,63,1,1,1,1,0,22,0,19,0,70,47,0,2,3,58.699999999999996,Medium Risk
S02759,22,63,1,1,1,1,0,26,2,18,0,61,88,0,2,0,72.4,Medium Risk
S02760,22,63,1,1,1,1,0,29,1,0,0,93,67,1,2,2,73.6,Medium Risk
S02761,22,63,1,1,1,1,0,26,1,0,0,79,62,1,0,2,67.4,Medium Risk
S02762,22,63,1,1,1,1,0,23,3,20,1,99,41,0,1,3,65.0,Medium Risk
S02763,22,63,2,1,0,1,0,22,0,19,0,70,47,0,2,3,58.699999999999996,Medium Risk
S02764,22,63,2,1,0,1,0,26,2,18,0,61,88,0,2,0,72.4,Medium Risk
S02765,22,63,2,1,0,1,0,29,1,0,0,93,67,1,2,2,73.6,Medium Risk
S02766,22,63,2,1,0,1,0,26,1,0,0,79,62,1,0,2,67.4,Medium Risk
S02767,22,63,2,1,0,1,0,23,3,20,1,99,41,0,1,3,65.0,Medium Risk
S02768,22,63,0,1,1,1,0,22,0,19,0,70,47,0,2,3,58.699999999999996,Medium Risk
S02769,22,63,0,1,1,1,0,26,2,18,0,61,88,0,2,0,72.4,Medium Risk
S02770,22,63,0,1,1,1,0,29,1,0,0,93,67,1,2,2,73.6,Medium Risk
S02771,22,63,0,1,1,1,0,26,1,0,0,79,62,1,0,2,67.4,Medium Risk
S02772,22,63,0,1,1,1,0,23,3,20,1,99,41,0,1,3,65.0,Medium Risk
S02773,22,63,1,0,0,1,0,22,0,19,0,70,47,0,2,3,58.699999999999996,Medium Risk
S02774,22,63,1,0,0,1,0,26,2,18,0,61,88,0,2,0,72.4,Medium Risk
S02775,22,63,1,0,0,1,0,29,1,0,0,93,67,1,2,2,73.6,Medium Risk
S02776,22,63,1,0,0,1,0,26,1,0,0,79,62,1,0,2,67.4,Medium Risk
S02777,22,63,1,0,0,1,0,23,3,20,1,99,41,0,1,3,65.0,Medium Risk
S02778,19,89,1,1,1,1,1,25,3,0,1,95,66,0,1,2,81.60000000000001,Low Risk
S02779,19,89,1,1,1,1,1,25,3,0,1,95,66,0,1,2,81.60000000000001,Low Risk
S02780,19,89,1,0,1,1,1,25,3,0,1,95,66,0,1,2,81.60000000000001,Low Risk
S02781,19,89,1,1,1,1,1,25,3,0,1,95,66,0,1,2,81.60000000000001,Low Risk
S02782,19,89,2,0,2,1,1,25,3,0,1,95,66,0,1,2,81.60000000000001,Low Risk
S02783,19,89,1,1,0,1,1,25,3,0,1,95,66,0,1,2,81.60000000000001,Low Risk
S02784,21,92,0,1,0,1,1,29,1,19,0,73,53,1,0,3,70.7,Low Risk
S02785,21,92,0,1,0,1,1,23,3,4,0,53,68,1,2,2,70.7,Low Risk
S02786,21,92,1,1,0,1,1,29,1,19,0,73,53,1,0,3,70.7,Low Risk
S02787,21,92,1,1,0,1,1,23,3,4,0,53,68,1,2,2,70.7,Low Risk
S02788,21,92,0,0,0,1,1,29,1,19,0,73,53,1,0,3,70.7,Low Risk
S02789,21,92,0,0,0,1,1,23,3,4,0,53,68,1,2,2,70.7,Low Risk
S02790,24,72,2,0,2,1,0,20,3,14,1,74,72,1,2,1,72.6,Medium Risk
S02791,24,72,2,0,2,1,0,21,2,11,1,72,52,1,2,3,64.0,Medium Risk
S02792,24,72,0,1,2,1,0,20,3,14,1,74,72,1,2,1,72.6,Medium Risk
S02793,24,72,0,1,2,1,0,21,2,11,1,72,52,1,2,3,64.0,Medium Risk
S02794,24,72,1,0,1,1,0,20,3,14,1,74,72,1,2,1,72.6,Medium Risk
S02795,24,72,1,0,1,1,0,21,2,11,1,72,52,1,2,3,64.0,Medium Risk
S02796,24,72,1,1,0,1,0,20,3,14,1,74,72,1,2,1,72.6,Medium Risk
S02797,24,72,1,1,0,1,0,21,2,11,1,72,52,1,2,3,64.0,Medium Risk
S02798,24,72,2,0,1,1,0,20,3,14,1,74,72,1,2,1,72.6,Medium Risk
S02799,24,72,2,0,1,1,0,21,2,11,1,72,52,1,2,3,64.0,Medium Risk
S02800,33,77,2,1,1,1,0,21,3,5,1,76,87,0,2,0,80.7,Low Risk
S02801,33,77,2,1,1,1,0,21,3,5,1,75,77,1,2,1,76.39999999999999,Low Risk
S02802,14,96,0,1,2,1,0,26,3,17,0,65,65,1,2,2,74.3,Low Risk
S02803,14,96,0,1,2,1,0,18,0,6,0,51,93,0,0,0,81.3,Low Risk
S02804,14,96,2,1,0,1,0,26,3,17,0,65,65,1,2,2,74.3,Low Risk
S02805,14,96,2,1,0,1,0,18,0,6,0,51,93,0,0,0,81.3,Low Risk
S02806,14,96,2,0,1,1,0,26,3,17,0,65,65,1,2,2,74.3,Low Risk
S02807,14,96,2,0,1,1,0,18,0,6,0,51,93,0,0,0,81.3,Low Risk
S02808,13,94,1,1,0,1,1,22,3,18,0,82,98,1,2,0,92.0,Low Risk
S02809,13,94,1,1,0,1,1,25,3,7,0,99,55,0,1,2,79.9,Low Risk
S02810,13,94,2,1,2,1,1,22,3,18,0,82,98,1,2,0,92.0,Low Risk
S02811,13,94,2,1,2,1,1,25,3,7,0,99,55,0,1,2,79.9,Low Risk
S02812,13,94,2,1,1,1,1,22,3,18,0,82,98,1,2,0,92.0,Low Risk
S02813,13,94,2,1,1,1,1,25,3,7,0,99,55,0,1,2,79.9,Low Risk
S02814,13,94,1,1,2,1,1,22,3,18,0,82,98,1,2,0,92.0,Low Risk
S02815,13,94,1,1,2,1,1,25,3,7,0,99,55,0,1,2,79.9,Low Risk
S02816,27,81,1,1,1,1,0,29,1,1,0,96,94,1,1,0,90.7,Low Risk
S02817,27,81,1,1,1,1,0,22,3,6,0,53,98,1,1,0,79.4,Low Risk
S02818,27,81,1,1,1,1,0,24,1,16,1,83,73,1,0,1,78.4,Low Risk
S02819,27,81,0,1,0,1,0,29,1,1,0,96,94,1,1,0,90.7,Low Risk
S02820,27,81,0,1,0,1,0,22,3,6,0,53,98,1,1,0,79.4,Low Risk
S02821,27,81,0,1,0,1,0,24,1,16,1,83,73,1,0,1,78.4,Low Risk
S02822,27,81,1,1,0,1,0,29,1,1,0,96,94,1,1,0,90.7,Low Risk
S02823,27,81,1,1,0,1,0,22,3,6,0,53,98,1,1,0,79.4,Low Risk
S02824,27,81,1,1,0,1,0,24,1,16,1,83,73,1,0,1,78.4,Low Risk
S02825,27,81,2,1,1,1,0,29,1,1,0,96,94,1,1,0,90.7,Low Risk
S02826,27,81,2,1,1,1,0,22,3,6,0,53,98,1,1,0,79.4,Low Risk
S02827,27,81,2,1,1,1,0,24,1,16,1,83,73,1,0,1,78.4,Low Risk
S02828,27,81,2,1,1,1,0,29,1,1,0,96,94,1,1,0,90.7,Low Risk
S02829,27,81,2,1,1,1,0,22,3,6,0,53,98,1,1,0,79.4,Low Risk
S02830,27,81,2,1,1,1,0,24,1,16,1,83,73,1,0,1,78.4,Low Risk
S02831,25,88,1,1,0,1,1,26,2,20,1,60,83,0,0,1,77.6,Low Risk
S02832,25,88,1,1,0,1,1,22,0,4,0,53,45,1,2,3,60.3,Medium Risk
S02833,25,88,1,1,0,1,1,27,1,5,1,63,82,1,2,1,78.1,Low Risk
S02834,25,88,2,1,0,1,1,26,2,20,1,60,83,0,0,1,77.6,Low Risk
S02835,25,88,2,1,0,1,1,22,0,4,0,53,45,1,2,3,60.3,Medium Risk
S02836,25,88,2,1,0,1,1,27,1,5,1,63,82,1,2,1,78.1,Low Risk
S02837,25,88,1,1,0,0,1,26,2,20,1,60,83,0,0,1,77.6,Low Risk
S02838,25,88,1,1,0,0,1,22,0,4,0,53,45,1,2,3,60.3,Medium Risk
S02839,25,88,1,1,0,0,1,27,1,5,1,63,82,1,2,1,78.1,Low Risk
S02840,25,88,1,1,0,1,1,26,2,20,1,60,83,0,0,1,77.6,Low Risk
S02841,25,88,1,1,0,1,1,22,0,4,0,53,45,1,2,3,60.3,Medium Risk
S02842,25,88,1,1,0,1,1,27,1,5,1,63,82,1,2,1,78.1,Low Risk
S02843,24,95,2,1,2,1,1,21,3,18,1,85,95,0,1,0,92.0,Low Risk
S02844,24,95,2,1,2,1,1,29,2,3,0,67,87,1,2,0,83.4,Low Risk
S02845,24,95,0,1,1,1,1,21,3,18,1,85,95,0,1,0,92.0,Low Risk
S02846,24,95,0,1,1,1,1,29,2,3,0,67,87,1,2,0,83.4,Low Risk
S02847,24,95,0,1,1,0,1,21,3,18,1,85,95,0,1,0,92.0,Low Risk
S02848,24,95,0,1,1,0,1,29,2,3,0,67,87,1,2,0,83.4,Low Risk
S02849,24,95,1,1,1,1,1,21,3,18,1,85,95,0,1,0,92.0,Low Risk
S02850,24,95,1,1,1,1,1,29,2,3,0,67,87,1,2,0,83.4,Low Risk
S02851,24,95,0,1,1,1,1,21,3,18,1,85,95,0,1,0,92.0,Low Risk
S02852,24,95,0,1,1,1,1,29,2,3,0,67,87,1,2,0,83.4,Low Risk
S02853,24,95,0,0,1,1,1,21,3,18,1,85,95,0,1,0,92.0,Low Risk
S02854,24,95,0,0,1,1,1,29,2,3,0,67,87,1,2,0,83.4,Low Risk
S02855,24,95,2,1,0,1,1,21,3,18,1,85,95,0,1,0,92.0,Low Risk
S02856,24,95,2,1,0,1,1,29,2,3,0,67,87,1,2,0,83.4,Low Risk
S02857,24,95,2,1,2,1,1,21,3,18,1,85,95,0,1,0,92.0,Low Risk
S02858,24,95,2,1,2,1,1,29,2,3,0,67,87,1,2,0,83.4,Low Risk
S02859,24,95,1,0,0,1,1,21,3,18,1,85,95,0,1,0,92.0,Low Risk
S02860,24,95,1,0,0,1,1,29,2,3,0,67,87,1,2,0,83.4,Low Risk
S02861,24,80,2,1,2,1,0,27,0,9,0,52,42,1,2,3,56.4,Medium Risk
S02862,24,80,2,1,2,1,0,19,3,4,1,100,50,1,0,3,74.0,Low Risk
S02863,24,80,0,1,1,1,0,27,0,9,0,52,42,1,2,3,56.4,Medium Risk
S02864,24,80,0,1,1,1,0,19,3,4,1,100,50,1,0,3,74.0,Low Risk
S02865,24,80,2,1,1,1,0,27,0,9,0,52,42,1,2,3,56.4,Medium Risk
S02866,24,80,2,1,1,1,0,19,3,4,1,100,50,1,0,3,74.0,Low Risk
S02867,24,80,2,0,1,1,0,27,0,9,0,52,42,1,2,3,56.4,Medium Risk
S02868,24,80,2,0,1,1,0,19,3,4,1,100,50,1,0,3,74.0,Low Risk
S02869,24,80,2,1,0,1,0,27,0,9,0,52,42,1,2,3,56.4,Medium Risk
S02870,24,80,2,1,0,1,0,19,3,4,1,100,50,1,0,3,74.0,Low Risk
S02871,24,80,1,1,1,1,0,27,0,9,0,52,42,1,2,3,56.4,Medium Risk
S02872,24,80,1,1,1,1,0,19,3,4,1,100,50,1,0,3,74.0,Low Risk
S02873,24,80,1,1,1,1,0,27,0,9,0,52,42,1,2,3,56.4,Medium Risk
S02874,24,80,1,1,1,1,0,19,3,4,1,100,50,1,0,3,74.0,Low Risk
S02875,15,90,1,1,1,1,0,20,0,13,1,85,95,1,0,0,90.5,Low Risk
S02876,15,90,2,1,2,1,0,20,0,13,1,85,95,1,0,0,90.5,Low Risk
S02877,15,90,1,1,1,1,0,20,0,13,1,85,95,1,0,0,90.5,Low Risk
S02878,16,76,2,1,1,0,1,19,3,2,1,76,65,1,0,2,71.6,Low Risk
S02879,16,76,2,1,1,0,1,23,2,2,1,70,83,1,2,1,77.0,Low Risk
S02880,16,76,2,1,1,0,1,23,0,3,1,95,63,0,2,2,76.5,Low Risk
S02881,16,76,2,1,1,0,1,19,3,19,1,96,81,1,2,1,84.0,Low Risk
S02882,16,76,0,0,2,1,1,19,3,2,1,76,65,1,0,2,71.6,Low Risk
S02883,16,76,0,0,2,1,1,23,2,2,1,70,83,1,2,1,77.0,Low Risk
S02884,16,76,0,0,2,1,1,23,0,3,1,95,63,0,2,2,76.5,Low Risk
S02885,16,76,0,0,2,1,1,19,3,19,1,96,81,1,2,1,84.0,Low Risk
S02886,16,76,2,1,1,0,1,19,3,2,1,76,65,1,0,2,71.6,Low Risk
S02887,16,76,2,1,1,0,1,23,2,2,1,70,83,1,2,1,77.0,Low Risk
S02888,16,76,2,1,1,0,1,23,0,3,1,95,63,0,2,2,76.5,Low Risk
S02889,16,76,2,1,1,0,1,19,3,19,1,96,81,1,2,1,84.0,Low Risk
S02890,16,76,1,0,2,1,1,19,3,2,1,76,65,1,0,2,71.6,Low Risk
S02891,16,76,1,0,2,1,1,23,2,2,1,70,83,1,2,1,77.0,Low Risk
S02892,16,76,1,0,2,1,1,23,0,3,1,95,63,0,2,2,76.5,Low Risk
S02893,16,76,1,0,2,1,1,19,3,19,1,96,81,1,2,1,84.0,Low Risk
S02894,16,76,1,0,1,1,1,19,3,2,1,76,65,1,0,2,71.6,Low Risk
S02895,16,76,1,0,1,1,1,23,2,2,1,70,83,1,2,1,77.0,Low Risk
S02896,16,76,1,0,1,1,1,23,0,3,1,95,63,0,2,2,76.5,Low Risk
S02897,16,76,1,0,1,1,1,19,3,19,1,96,81,1,2,1,84.0,Low Risk
S02898,26,95,2,0,1,1,0,20,2,0,1,68,63,1,0,2,74.1,Low Risk
S02899,26,95,2,0,1,1,0,21,2,14,0,74,75,0,0,1,80.7,Low Risk
S02900,26,95,2,0,1,1,0,29,1,14,0,93,54,1,2,3,78.0,Low Risk
S02901,26,95,2,0,0,1,0,20,2,0,1,68,63,1,0,2,74.1,Low Risk
S02902,26,95,2,0,0,1,0,21,2,14,0,74,75,0,0,1,80.7,Low Risk
S02903,26,95,2,0,0,1,0,29,1,14,0,93,54,1,2,3,78.0,Low Risk
S02904,26,95,0,1,1,1,0,20,2,0,1,68,63,1,0,2,74.1,Low Risk
S02905,26,95,0,1,1,1,0,21,2,14,0,74,75,0,0,1,80.7,Low Risk
S02906,26,95,0,1,1,1,0,29,1,14,0,93,54,1,2,3,78.0,Low Risk
S02907,15,76,1,1,0,1,0,19,0,3,1,90,55,0,2,2,71.8,Low Risk
S02908,15,76,1,1,0,1,0,25,1,11,1,55,79,1,2,1,70.9,Low Risk
S02909,15,76,2,1,1,1,0,19,0,3,1,90,55,0,2,2,71.8,Low Risk
S02910,15,76,2,1,1,1,0,25,1,11,1,55,79,1,2,1,70.9,Low Risk
S02911,15,76,2,1,1,1,0,19,0,3,1,90,55,0,2,2,71.8,Low Risk
S02912,15,76,2,1,1,1,0,25,1,11,1,55,79,1,2,1,70.9,Low Risk
S02913,15,76,2,1,1,1,0,19,0,3,1,90,55,0,2,2,71.8,Low Risk
S02914,15,76,2,1,1,1,0,25,1,11,1,55,79,1,2,1,70.9,Low Risk
S02915,15,76,2,1,1,1,0,19,0,3,1,90,55,0,2,2,71.8,Low Risk
S02916,15,76,2,1,1,1,0,25,1,11,1,55,79,1,2,1,70.9,Low Risk
S02917,18,69,2,0,0,1,1,20,2,4,0,59,74,0,2,1,68.0,Medium Risk
S02918,18,69,2,0,0,1,1,21,3,14,0,99,92,1,2,0,87.2,Medium Risk
S02919,18,69,2,0,0,1,1,28,2,5,1,80,94,1,0,0,82.3,Medium Risk
S02920,18,69,2,0,0,1,1,27,0,1,0,53,78,1,0,1,67.8,Medium Risk
S02921,18,69,2,0,0,1,1,20,2,5,0,66,85,0,0,0,74.5,Medium Risk
S02922,18,69,1,1,1,1,1,20,2,4,0,59,74,0,2,1,68.0,Medium Risk
S02923,18,69,1,1,1,1,1,21,3,14,0,99,92,1,2,0,87.2,Medium Risk
S02924,18,69,1,1,1,1,1,28,2,5,1,80,94,1,0,0,82.3,Medium Risk
S02925,18,69,1,1,1,1,1,27,0,1,0,53,78,1,0,1,67.8,Medium Risk
S02926,18,69,1,1,1,1,1,20,2,5,0,66,85,0,0,0,74.5,Medium Risk
S02927,18,69,2,1,2,1,1,20,2,4,0,59,74,0,2,1,68.0,Medium Risk
S02928,18,69,2,1,2,1,1,21,3,14,0,99,92,1,2,0,87.2,Medium Risk
S02929,18,69,2,1,2,1,1,28,2,5,1,80,94,1,0,0,82.3,Medium Risk
S02930,18,69,2,1,2,1,1,27,0,1,0,53,78,1,0,1,67.8,Medium Risk
S02931,18,69,2,1,2,1,1,20,2,5,0,66,85,0,0,0,74.5,Medium Risk
S02932,18,69,1,1,1,1,1,20,2,4,0,59,74,0,2,1,68.0,Medium Risk
S02933,18,69,1,1,1,1,1,21,3,14,0,99,92,1,2,0,87.2,Medium Risk
S02934,18,69,1,1,1,1,1,28,2,5,1,80,94,1,0,0,82.3,Medium Risk
S02935,18,69,1,1,1,1,1,27,0,1,0,53,78,1,0,1,67.8,Medium Risk
S02936,18,69,1,1,1,1,1,20,2,5,0,66,85,0,0,0,74.5,Medium Risk
S02937,18,69,2,1,0,1,1,20,2,4,0,59,74,0,2,1,68.0,Medium Risk
S02938,18,69,2,1,0,1,1,21,3,14,0,99,92,1,2,0,87.2,Medium Risk
S02939,18,69,2,1,0,1,1,28,2,5,1,80,94,1,0,0,82.3,Medium Risk
S02940,18,69,2,1,0,1,1,27,0,1,0,53,78,1,0,1,67.8,Medium Risk
S02941,18,69,2,1,0,1,1,20,2,5,0,66,85,0,0,0,74.5,Medium Risk
S02942,18,69,0,1,0,1,1,20,2,4,0,59,74,0,2,1,68.0,Medium Risk
S02943,18,69,0,1,0,1,1,21,3,14,0,99,92,1,2,0,87.2,Medium Risk
S02944,18,69,0,1,0,1,1,28,2,5,1,80,94,1,0,0,82.3,Medium Risk
S02945,18,69,0,1,0,1,1,27,0,1,0,53,78,1,0,1,67.8,Medium Risk
S02946,18,69,0,1,0,1,1,20,2,5,0,66,85,0,0,0,74.5,Medium Risk
S02947,18,69,1,1,1,1,1,20,2,4,0,59,74,0,2,1,68.0,Medium Risk
S02948,18,69,1,1,1,1,1,21,3,14,0,99,92,1,2,0,87.2,Medium Risk
S02949,18,69,1,1,1,1,1,28,2,5,1,80,94,1,0,0,82.3,Medium Risk
S02950,18,69,1,1,1,1,1,27,0,1,0,53,78,1,0,1,67.8,Medium Risk
S02951,18,69,1,1,1,1,1,20,2,5,0,66,85,0,0,0,74.5,Medium Risk
S02952,18,69,0,0,1,1,1,20,2,4,0,59,74,0,2,1,68.0,Medium Risk
S02953,18,69,0,0,1,1,1,21,3,14,0,99,92,1,2,0,87.2,Medium Risk
S02954,18,69,0,0,1,1,1,28,2,5,1,80,94,1,0,0,82.3,Medium Risk
S02955,18,69,0,0,1,1,1,27,0,1,0,53,78,1,0,1,67.8,Medium Risk
S02956,18,69,0,0,1,1,1,20,2,5,0,66,85,0,0,0,74.5,Medium Risk
S02957,18,69,0,1,0,1,1,20,2,4,0,59,74,0,2,1,68.0,Medium Risk
S02958,18,69,0,1,0,1,1,21,3,14,0,99,92,1,2,0,87.2,Medium Risk
S02959,18,69,0,1,0,1,1,28,2,5,1,80,94,1,0,0,82.3,Medium Risk
S02960,18,69,0,1,0,1,1,27,0,1,0,53,78,1,0,1,67.8,Medium Risk
S02961,18,69,0,1,0,1,1,20,2,5,0,66,85,0,0,0,74.5,Medium Risk
S02962,22,74,2,1,0,1,0,24,0,0,1,57,70,1,2,1,67.3,Medium Risk
S02963,22,74,2,1,0,1,0,25,0,7,0,98,81,0,2,1,84.0,Medium Risk
S02964,22,74,0,1,0,1,0,24,0,0,1,57,70,1,2,1,67.3,Medium Risk
S02965,22,74,0,1,0,1,0,25,0,7,0,98,81,0,2,1,84.0,Medium Risk
S02966,22,74,0,0,1,1,0,24,0,0,1,57,70,1,2,1,67.3,Medium Risk
S02967,22,74,0,0,1,1,0,25,0,7,0,98,81,0,2,1,84.0,Medium Risk
S02968,22,74,2,1,1,1,0,24,0,0,1,57,70,1,2,1,67.3,Medium Risk
S02969,22,74,2,1,1,1,0,25,0,7,0,98,81,0,2,1,84.0,Medium Risk
S02970,22,74,2,1,2,1,0,24,0,0,1,57,70,1,2,1,67.3,Medium Risk
S02971,22,74,2,1,2,1,0,25,0,7,0,98,81,0,2,1,84.0,Medium Risk
S02972,21,90,1,1,0,1,1,27,1,5,1,75,43,1,0,3,66.7,Medium Risk
S02973,21,90,1,1,0,1,1,24,2,8,0,95,59,1,2,2,79.1,Low Risk
S02974,21,90,1,1,0,1,1,29,0,10,0,58,68,0,1,2,71.6,Low Risk
S02975,21,90,1,1,0,1,1,19,1,4,1,72,42,0,1,3,65.4,Medium Risk
S02976,21,90,1,1,0,1,1,27,1,5,1,75,43,1,0,3,66.7,Medium Risk
S02977,21,90,1,1,0,1,1,24,2,8,0,95,59,1,2,2,79.1,Low Risk
S02978,21,90,1,1,0,1,1,29,0,10,0,58,68,0,1,2,71.6,Low Risk
S02979,21,90,1,1,0,1,1,19,1,4,1,72,42,0,1,3,65.4,Medium Risk
S02980,21,90,1,1,1,1,1,27,1,5,1,75,43,1,0,3,66.7,Medium Risk
S02981,21,90,1,1,1,1,1,24,2,8,0,95,59,1,2,2,79.1,Low Risk
S02982,21,90,1,1,1,1,1,29,0,10,0,58,68,0,1,2,71.6,Low Risk
S02983,21,90,1,1,1,1,1,19,1,4,1,72,42,0,1,3,65.4,Medium Risk
S02984,21,90,1,1,2,1,1,27,1,5,1,75,43,1,0,3,66.7,Medium Risk
S02985,21,90,1,1,2,1,1,24,2,8,0,95,59,1,2,2,79.1,Low Risk
S02986,21,90,1,1,2,1,1,29,0,10,0,58,68,0,1,2,71.6,Low Risk
S02987,21,90,1,1,2,1,1,19,1,4,1,72,42,0,1,3,65.4,Medium Risk
S02988,21,90,2,1,1,1,1,27,1,5,1,75,43,1,0,3,66.7,Medium Risk
S02989,21,90,2,1,1,1,1,24,2,8,0,95,59,1,2,2,79.1,Low Risk
S02990,21,90,2,1,1,1,1,29,0,10,0,58,68,0,1,2,71.6,Low Risk
S02991,21,90,2,1,1,1,1,19,1,4,1,72,42,0,1,3,65.4,Medium Risk
S02992,21,70,2,1,1,1,1,23,1,9,1,68,56,1,2,2,63.8,Medium Risk
S02993,21,70,2,0,1,1,1,23,1,9,1,68,56,1,2,2,63.8,Medium Risk
S02994,21,70,1,1,2,1,1,23,1,9,1,68,56,1,2,2,63.8,Medium Risk
S02995,21,70,0,0,1,1,1,23,1,9,1,68,56,1,2,2,63.8,Medium Risk
S02996,21,70,2,0,1,1,1,23,1,9,1,68,56,1,2,2,63.8,Medium Risk
S02997,21,70,0,1,1,1,1,23,1,9,1,68,56,1,2,2,63.8,Medium Risk
S02998,21,70,1,0,1,1,1,23,1,9,1,68,56,1,2,2,63.8,Medium Risk
S02999,21,70,1,0,0,1,1,23,1,9,1,68,56,1,2,2,63.8,Medium Risk
S03000,21,70,1,1,1,1,1,23,1,9,1,68,56,1,2,2,63.8,Medium Risk
S03001,21,70,0,0,0,1,1,23,1,9,1,68,56,1,2,2,63.8,Medium Risk
S03002,21,70,0,1,1,0,1,23,1,9,1,68,56,1,2,2,63.8,Medium Risk
S03003,17,75,2,1,1,0,1,22,1,16,1,67,40,1,0,3,58.599999999999994,Medium Risk
S03004,17,75,1,1,0,1,1,22,1,16,1,67,40,1,0,3,58.599999999999994,Medium Risk
S03005,17,75,0,1,1,1,1,22,1,16,1,67,40,1,0,3,58.599999999999994,Medium Risk
S03006,21,99,1,0,2,1,1,29,3,16,1,55,87,1,2,0,81.0,Low Risk
S03007,21,99,1,0,2,1,1,22,1,20,1,90,51,1,1,3,77.10000000000001,Low Risk
S03008,21,99,1,0,2,1,1,20,0,15,1,100,52,1,0,3,80.5,Low Risk
S03009,21,99,1,0,2,1,1,28,3,3,1,77,59,1,2,2,76.4,Low Risk
S03010,21,99,0,0,2,1,1,29,3,16,1,55,87,1,2,0,81.0,Low Risk
S03011,21,99,0,0,2,1,1,22,1,20,1,90,51,1,1,3,77.10000000000001,Low Risk
S03012,21,99,0,0,2,1,1,20,0,15,1,100,52,1,0,3,80.5,Low Risk
S03013,21,99,0,0,2,1,1,28,3,3,1,77,59,1,2,2,76.4,Low Risk
S03014,21,99,1,1,1,0,1,29,3,16,1,55,87,1,2,0,81.0,Low Risk
S03015,21,99,1,1,1,0,1,22,1,20,1,90,51,1,1,3,77.10000000000001,Low Risk
S03016,21,99,1,1,1,0,1,20,0,15,1,100,52,1,0,3,80.5,Low Risk
S03017,21,99,1,1,1,0,1,28,3,3,1,77,59,1,2,2,76.4,Low Risk
S03018,21,99,1,1,2,1,1,29,3,16,1,55,87,1,2,0,81.0,Low Risk
S03019,21,99,1,1,2,1,1,22,1,20,1,90,51,1,1,3,77.10000000000001,Low Risk
S03020,21,99,1,1,2,1,1,20,0,15,1,100,52,1,0,3,80.5,Low Risk
S03021,21,99,1,1,2,1,1,28,3,3,1,77,59,1,2,2,76.4,Low Risk
S03022,12,63,2,1,0,1,0,26,3,17,1,51,73,1,2,1,63.4,Medium Risk
S03023,12,63,1,0,0,1,0,26,3,17,1,51,73,1,2,1,63.4,Medium Risk
S03024,19,84,1,1,2,1,1,29,0,13,0,75,57,1,1,2,70.5,Low Risk
S03025,19,84,1,1,2,1,1,28,1,6,0,71,99,1,2,0,86.10000000000001,Low Risk
S03026,19,84,0,1,1,1,1,29,0,13,0,75,57,1,1,2,70.5,Low Risk
S03027,19,84,0,1,1,1,1,28,1,6,0,71,99,1,2,0,86.10000000000001,Low Risk
S03028,19,84,1,0,0,1,1,29,0,13,0,75,57,1,1,2,70.5,Low Risk
S03029,19,84,1,0,0,1,1,28,1,6,0,71,99,1,2,0,86.10000000000001,Low Risk
S03030,19,84,2,1,0,1,1,29,0,13,0,75,57,1,1,2,70.5,Low Risk
S03031,19,84,2,1,0,1,1,28,1,6,0,71,99,1,2,0,86.10000000000001,Low Risk
S03032,19,84,1,1,1,1,1,29,0,13,0,75,57,1,1,2,70.5,Low Risk
S03033,19,84,1,1,1,1,1,28,1,6,0,71,99,1,2,0,86.10000000000001,Low Risk
S03034,19,84,1,0,2,1,1,29,0,13,0,75,57,1,1,2,70.5,Low Risk
S03035,19,84,1,0,2,1,1,28,1,6,0,71,99,1,2,0,86.10000000000001,Low Risk
S03036,19,84,1,1,1,1,1,29,0,13,0,75,57,1,1,2,70.5,Low Risk
S03037,19,84,1,1,1,1,1,28,1,6,0,71,99,1,2,0,86.10000000000001,Low Risk
S03038,19,84,1,1,1,1,1,29,0,13,0,75,57,1,1,2,70.5,Low Risk
S03039,19,84,1,1,1,1,1,28,1,6,0,71,99,1,2,0,86.10000000000001,Low Risk
S03040,22,84,1,0,1,0,1,26,2,13,1,85,92,0,0,0,87.5,Low Risk
S03041,22,84,1,0,1,0,1,22,1,16,1,68,87,1,0,0,80.4,Low Risk
S03042,22,84,1,0,1,0,1,20,1,2,1,78,48,1,1,3,67.8,Medium Risk
S03043,22,84,1,0,1,0,1,29,3,12,1,66,89,1,2,0,80.60000000000001,Low Risk
S03044,22,84,1,0,1,1,1,26,2,13,1,85,92,0,0,0,87.5,Low Risk
S03045,22,84,1,0,1,1,1,22,1,16,1,68,87,1,0,0,80.4,Low Risk
S03046,22,84,1,0,1,1,1,20,1,2,1,78,48,1,1,3,67.8,Medium Risk
S03047,22,84,1,0,1,1,1,29,3,12,1,66,89,1,2,0,80.60000000000001,Low Risk
S03048,22,84,1,1,1,1,1,26,2,13,1,85,92,0,0,0,87.5,Low Risk
S03049,22,84,1,1,1,1,1,22,1,16,1,68,87,1,0,0,80.4,Low Risk
S03050,22,84,1,1,1,1,1,20,1,2,1,78,48,1,1,3,67.8,Medium Risk
S03051,22,84,1,1,1,1,1,29,3,12,1,66,89,1,2,0,80.60000000000001,Low Risk
S03052,22,84,1,1,1,1,1,26,2,13,1,85,92,0,0,0,87.5,Low Risk
S03053,22,84,1,1,1,1,1,22,1,16,1,68,87,1,0,0,80.4,Low Risk
S03054,22,84,1,1,1,1,1,20,1,2,1,78,48,1,1,3,67.8,Medium Risk
S03055,22,84,1,1,1,1,1,29,3,12,1,66,89,1,2,0,80.60000000000001,Low Risk
S03056,22,84,2,1,1,1,1,26,2,13,1,85,92,0,0,0,87.5,Low Risk
S03057,22,84,2,1,1,1,1,22,1,16,1,68,87,1,0,0,80.4,Low Risk
S03058,22,84,2,1,1,1,1,20,1,2,1,78,48,1,1,3,67.8,Medium Risk
S03059,22,84,2,1,1,1,1,29,3,12,1,66,89,1,2,0,80.60000000000001,Low Risk
S03060,22,84,1,0,1,1,1,26,2,13,1,85,92,0,0,0,87.5,Low Risk
S03061,22,84,1,0,1,1,1,22,1,16,1,68,87,1,0,0,80.4,Low Risk
S03062,22,84,1,0,1,1,1,20,1,2,1,78,48,1,1,3,67.8,Medium Risk
S03063,22,84,1,0,1,1,1,29,3,12,1,66,89,1,2,0,80.60000000000001,Low Risk
S03064,29,77,2,0,1,1,1,24,3,6,0,71,94,1,2,0,82.0,Low Risk
S03065,29,77,0,1,0,1,1,24,3,6,0,71,94,1,2,0,82.0,Low Risk
S03066,29,77,1,1,1,1,1,24,3,6,0,71,94,1,2,0,82.0,Low Risk
S03067,25,77,0,1,2,0,0,29,2,13,1,71,59,1,0,2,68.0,Low Risk
S03068,25,77,0,1,2,0,0,22,3,11,1,70,85,1,1,0,78.1,Low Risk
S03069,25,77,1,1,1,1,0,29,2,13,1,71,59,1,0,2,68.0,Low Risk
S03070,25,77,1,1,1,1,0,22,3,11,1,70,85,1,1,0,78.1,Low Risk
S03071,25,77,0,0,0,1,0,29,2,13,1,71,59,1,0,2,68.0,Low Risk
S03072,25,77,0,0,0,1,0,22,3,11,1,70,85,1,1,0,78.1,Low Risk
S03073,19,62,1,0,0,1,1,18,1,20,0,95,98,1,2,0,86.3,Medium Risk
S03074,19,62,1,0,0,1,1,22,2,16,1,82,66,0,2,2,69.6,Medium Risk
S03075,19,62,0,0,2,1,1,18,1,20,0,95,98,1,2,0,86.3,Medium Risk
S03076,19,62,0,0,2,1,1,22,2,16,1,82,66,0,2,2,69.6,Medium Risk
S03077,19,62,1,0,0,1,1,18,1,20,0,95,98,1,2,0,86.3,Medium Risk
S03078,19,62,1,0,0,1,1,22,2,16,1,82,66,0,2,2,69.6,Medium Risk
S03079,19,62,2,1,1,1,1,18,1,20,0,95,98,1,2,0,86.3,Medium Risk
S03080,19,62,2,1,1,1,1,22,2,16,1,82,66,0,2,2,69.6,Medium Risk
S03081,19,62,1,0,0,1,1,18,1,20,0,95,98,1,2,0,86.3,Medium Risk
S03082,19,62,1,0,0,1,1,22,2,16,1,82,66,0,2,2,69.6,Medium Risk
S03083,19,62,1,1,2,1,1,18,1,20,0,95,98,1,2,0,86.3,Medium Risk
S03084,19,62,1,1,2,1,1,22,2,16,1,82,66,0,2,2,69.6,Medium Risk
S03085,19,62,1,1,0,1,1,18,1,20,0,95,98,1,2,0,86.3,Medium Risk
S03086,19,62,1,1,0,1,1,22,2,16,1,82,66,0,2,2,69.6,Medium Risk
S03087,20,66,1,0,2,1,0,25,3,9,1,85,98,0,2,0,84.5,Medium Risk
S03088,20,66,2,0,1,1,0,25,3,9,1,85,98,0,2,0,84.5,Medium Risk
S03089,20,66,1,1,0,1,0,25,3,9,1,85,98,0,2,0,84.5,Medium Risk
S03090,20,66,2,1,2,1,0,25,3,9,1,85,98,0,2,0,84.5,Medium Risk
S03091,20,66,0,0,0,1,0,25,3,9,1,85,98,0,2,0,84.5,Medium Risk
S03092,20,66,0,1,1,1,0,25,3,9,1,85,98,0,2,0,84.5,Medium Risk
S03093,20,66,1,1,0,1,0,25,3,9,1,85,98,0,2,0,84.5,Medium Risk
S03094,18,64,1,1,2,1,1,26,2,14,1,52,94,0,1,0,72.4,Medium Risk
S03095,18,64,1,1,2,1,1,26,3,16,1,65,72,1,2,1,67.5,Medium Risk
S03096,18,64,1,1,2,1,1,25,1,0,1,57,99,1,1,0,75.9,Medium Risk
S03097,18,64,1,1,2,1,1,28,2,12,1,96,60,1,2,2,72.0,Medium Risk
S03098,18,64,0,1,0,1,1,26,2,14,1,52,94,0,1,0,72.4,Medium Risk
S03099,18,64,0,1,0,1,1,26,3,16,1,65,72,1,2,1,67.5,Medium Risk
S03100,18,64,0,1,0,1,1,25,1,0,1,57,99,1,1,0,75.9,Medium Risk
S03101,18,64,0,1,0,1,1,28,2,12,1,96,60,1,2,2,72.0,Medium Risk
S03102,18,64,0,1,0,1,1,26,2,14,1,52,94,0,1,0,72.4,Medium Risk
S03103,18,64,0,1,0,1,1,26,3,16,1,65,72,1,2,1,67.5,Medium Risk
S03104,18,64,0,1,0,1,1,25,1,0,1,57,99,1,1,0,75.9,Medium Risk
S03105,18,64,0,1,0,1,1,28,2,12,1,96,60,1,2,2,72.0,Medium Risk
S03106,18,64,2,0,1,1,1,26,2,14,1,52,94,0,1,0,72.4,Medium Risk
S03107,18,64,2,0,1,1,1,26,3,16,1,65,72,1,2,1,67.5,Medium Risk
S03108,18,64,2,0,1,1,1,25,1,0,1,57,99,1,1,0,75.9,Medium Risk
S03109,18,64,2,0,1,1,1,28,2,12,1,96,60,1,2,2,72.0,Medium Risk
S03110,18,64,1,1,2,1,1,26,2,14,1,52,94,0,1,0,72.4,Medium Risk
S03111,18,64,1,1,2,1,1,26,3,16,1,65,72,1,2,1,67.5,Medium Risk
S03112,18,64,1,1,2,1,1,25,1,0,1,57,99,1,1,0,75.9,Medium Risk
S03113,18,64,1,1,2,1,1,28,2,12,1,96,60,1,2,2,72.0,Medium Risk
S03114,18,64,1,1,1,1,1,26,2,14,1,52,94,0,1,0,72.4,Medium Risk
S03115,18,64,1,1,1,1,1,26,3,16,1,65,72,1,2,1,67.5,Medium Risk
S03116,18,64,1,1,1,1,1,25,1,0,1,57,99,1,1,0,75.9,Medium Risk
S03117,18,64,1,1,1,1,1,28,2,12,1,96,60,1,2,2,72.0,Medium Risk
S03118,18,64,1,1,1,1,1,26,2,14,1,52,94,0,1,0,72.4,Medium Risk
S03119,18,64,1,1,1,1,1,26,3,16,1,65,72,1,2,1,67.5,Medium Risk
S03120,18,64,1,1,1,1,1,25,1,0,1,57,99,1,1,0,75.9,Medium Risk
S03121,18,64,1,1,1,1,1,28,2,12,1,96,60,1,2,2,72.0,Medium Risk
S03122,18,64,1,0,1,1,1,26,2,14,1,52,94,0,1,0,72.4,Medium Risk
S03123,18,64,1,0,1,1,1,26,3,16,1,65,72,1,2,1,67.5,Medium Risk
S03124,18,64,1,0,1,1,1,25,1,0,1,57,99,1,1,0,75.9,Medium Risk
S03125,18,64,1,0,1,1,1,28,2,12,1,96,60,1,2,2,72.0,Medium Risk
S03126,18,64,1,1,1,1,1,26,2,14,1,52,94,0,1,0,72.4,Medium Risk
S03127,18,64,1,1,1,1,1,26,3,16,1,65,72,1,2,1,67.5,Medium Risk
S03128,18,64,1,1,1,1,1,25,1,0,1,57,99,1,1,0,75.9,Medium Risk
S03129,18,64,1,1,1,1,1,28,2,12,1,96,60,1,2,2,72.0,Medium Risk
S03130,18,64,1,1,1,1,1,26,2,14,1,52,94,0,1,0,72.4,Medium Risk
S03131,18,64,1,1,1,1,1,26,3,16,1,65,72,1,2,1,67.5,Medium Risk
S03132,18,64,1,1,1,1,1,25,1,0,1,57,99,1,1,0,75.9,Medium Risk
S03133,18,64,1,1,1,1,1,28,2,12,1,96,60,1,2,2,72.0,Medium Risk
S03134,18,64,2,1,0,1,1,26,2,14,1,52,94,0,1,0,72.4,Medium Risk
S03135,18,64,2,1,0,1,1,26,3,16,1,65,72,1,2,1,67.5,Medium Risk
S03136,18,64,2,1,0,1,1,25,1,0,1,57,99,1,1,0,75.9,Medium Risk
S03137,18,64,2,1,0,1,1,28,2,12,1,96,60,1,2,2,72.0,Medium Risk
S03138,18,64,2,1,0,1,1,26,2,14,1,52,94,0,1,0,72.4,Medium Risk
S03139,18,64,2,1,0,1,1,26,3,16,1,65,72,1,2,1,67.5,Medium Risk
S03140,18,64,2,1,0,1,1,25,1,0,1,57,99,1,1,0,75.9,Medium Risk
S03141,18,64,2,1,0,1,1,28,2,12,1,96,60,1,2,2,72.0,Medium Risk
S03142,15,64,1,1,2,1,0,22,0,18,1,97,61,1,1,2,72.7,Medium Risk
S03143,15,64,1,1,2,1,0,26,2,6,1,79,55,1,1,2,64.9,Medium Risk
S03144,15,64,2,1,2,1,0,22,0,18,1,97,61,1,1,2,72.7,Medium Risk
S03145,15,64,2,1,2,1,0,26,2,6,1,79,55,1,1,2,64.9,Medium Risk
S03146,15,64,1,0,0,1,0,22,0,18,1,97,61,1,1,2,72.7,Medium Risk
S03147,15,64,1,0,0,1,0,26,2,6,1,79,55,1,1,2,64.9,Medium Risk
S03148,15,64,1,0,0,1,0,22,0,18,1,97,61,1,1,2,72.7,Medium Risk
S03149,15,64,1,0,0,1,0,26,2,6,1,79,55,1,1,2,64.9,Medium Risk
S03150,15,64,1,0,1,1,0,22,0,18,1,97,61,1,1,2,72.7,Medium Risk
S03151,15,64,1,0,1,1,0,26,2,6,1,79,55,1,1,2,64.9,Medium Risk
S03152,23,84,1,1,0,1,0,26,1,6,1,75,76,1,0,1,78.10000000000001,Low Risk
S03153,23,84,1,1,0,1,0,24,1,9,1,61,62,1,1,2,68.3,Low Risk
S03154,23,84,1,1,0,1,0,29,0,0,1,87,49,1,1,3,70.9,Medium Risk
S03155,23,84,1,1,0,1,0,22,2,13,0,52,67,1,1,2,67.6,Low Risk
S03156,23,84,0,0,1,0,0,26,1,6,1,75,76,1,0,1,78.10000000000001,Low Risk
S03157,23,84,0,0,1,0,0,24,1,9,1,61,62,1,1,2,68.3,Low Risk
S03158,23,84,0,0,1,0,0,29,0,0,1,87,49,1,1,3,70.9,Medium Risk
S03159,23,84,0,0,1,0,0,22,2,13,0,52,67,1,1,2,67.6,Low Risk
S03160,23,84,0,1,1,1,0,26,1,6,1,75,76,1,0,1,78.10000000000001,Low Risk
S03161,23,84,0,1,1,1,0,24,1,9,1,61,62,1,1,2,68.3,Low Risk
S03162,23,84,0,1,1,1,0,29,0,0,1,87,49,1,1,3,70.9,Medium Risk
S03163,23,84,0,1,1,1,0,22,2,13,0,52,67,1,1,2,67.6,Low Risk
S03164,23,84,0,1,0,0,0,26,1,6,1,75,76,1,0,1,78.10000000000001,Low Risk
S03165,23,84,0,1,0,0,0,24,1,9,1,61,62,1,1,2,68.3,Low Risk
S03166,23,84,0,1,0,0,0,29,0,0,1,87,49,1,1,3,70.9,Medium Risk
S03167,23,84,0,1,0,0,0,22,2,13,0,52,67,1,1,2,67.6,Low Risk
S03168,23,84,1,0,0,1,0,26,1,6,1,75,76,1,0,1,78.10000000000001,Low Risk
S03169,23,84,1,0,0,1,0,24,1,9,1,61,62,1,1,2,68.3,Low Risk
S03170,23,84,1,0,0,1,0,29,0,0,1,87,49,1,1,3,70.9,Medium Risk
S03171,23,84,1,0,0,1,0,22,2,13,0,52,67,1,1,2,67.6,Low Risk
S03172,29,68,2,1,1,1,1,25,2,17,1,51,84,1,0,1,69.3,Medium Risk
S03173,29,68,1,0,1,1,1,25,2,17,1,51,84,1,0,1,69.3,Medium Risk
S03174,29,68,0,0,0,1,1,25,2,17,1,51,84,1,0,1,69.3,Medium Risk
S03175,29,68,2,1,0,1,1,25,2,17,1,51,84,1,0,1,69.3,Medium Risk
S03176,21,69,2,1,1,1,1,27,3,7,0,80,58,0,2,2,67.9,Medium Risk
S03177,21,69,1,1,2,1,1,27,3,7,0,80,58,0,2,2,67.9,Medium Risk
S03178,21,69,1,1,2,1,1,27,3,7,0,80,58,0,2,2,67.9,Medium Risk
S03179,21,69,1,1,0,1,1,27,3,7,0,80,58,0,2,2,67.9,Medium Risk
S03180,21,69,1,0,1,1,1,27,3,7,0,80,58,0,2,2,67.9,Medium Risk
S03181,21,69,0,1,1,1,1,27,3,7,0,80,58,0,2,2,67.9,Medium Risk
S03182,21,69,0,1,1,1,1,27,3,7,0,80,58,0,2,2,67.9,Medium Risk
S03183,21,69,1,1,0,1,1,27,3,7,0,80,58,0,2,2,67.9,Medium Risk
S03184,20,73,1,1,1,1,0,27,2,15,1,59,50,1,1,3,59.6,Medium Risk
S03185,20,73,1,1,1,1,0,27,2,15,1,59,50,1,1,3,59.6,Medium Risk
S03186,20,73,2,0,0,1,0,27,2,15,1,59,50,1,1,3,59.6,Medium Risk
S03187,21,68,0,0,0,1,1,21,3,3,1,76,67,0,2,2,70.0,Medium Risk
S03188,21,68,1,1,1,0,1,21,3,3,1,76,67,0,2,2,70.0,Medium Risk
S03189,21,68,1,1,0,1,1,21,3,3,1,76,67,0,2,2,70.0,Medium Risk
S03190,21,68,2,1,2,1,1,21,3,3,1,76,67,0,2,2,70.0,Medium Risk
S03191,21,68,2,1,1,1,1,21,3,3,1,76,67,0,2,2,70.0,Medium Risk
S03192,20,61,1,0,1,1,1,25,3,16,1,71,50,1,2,3,59.599999999999994,Medium Risk
S03193,20,61,1,0,1,1,1,25,1,20,0,64,52,1,2,3,58.3,Medium Risk
S03194,20,61,0,1,1,1,1,25,3,16,1,71,50,1,2,3,59.599999999999994,Medium Risk
S03195,20,61,0,1,1,1,1,25,1,20,0,64,52,1,2,3,58.3,Medium Risk
S03196,20,61,1,1,1,1,1,25,3,16,1,71,50,1,2,3,59.599999999999994,Medium Risk
S03197,20,61,1,1,1,1,1,25,1,20,0,64,52,1,2,3,58.3,Medium Risk
S03198,20,61,1,0,1,1,1,25,3,16,1,71,50,1,2,3,59.599999999999994,Medium Risk
S03199,20,61,1,0,1,1,1,25,1,20,0,64,52,1,2,3,58.3,Medium Risk
S03200,20,61,2,1,1,1,1,25,3,16,1,71,50,1,2,3,59.599999999999994,Medium Risk
S03201,20,61,2,1,1,1,1,25,1,20,0,64,52,1,2,3,58.3,Medium Risk
S03202,20,61,1,0,1,1,1,25,3,16,1,71,50,1,2,3,59.599999999999994,Medium Risk
S03203,20,61,1,0,1,1,1,25,1,20,0,64,52,1,2,3,58.3,Medium Risk
S03204,20,61,2,0,1,1,1,25,3,16,1,71,50,1,2,3,59.599999999999994,Medium Risk
S03205,20,61,2,0,1,1,1,25,1,20,0,64,52,1,2,3,58.3,Medium Risk
S03206,29,81,1,0,1,1,1,27,3,14,0,81,88,1,1,0,83.8,Low Risk
S03207,29,81,1,0,1,1,1,19,2,12,0,84,79,1,1,1,81.1,Low Risk
S03208,29,81,1,1,0,1,1,27,3,14,0,81,88,1,1,0,83.8,Low Risk
S03209,29,81,1,1,0,1,1,19,2,12,0,84,79,1,1,1,81.1,Low Risk
S03210,26,96,1,1,1,0,1,26,2,2,1,55,69,0,0,2,72.9,Low Risk
S03211,26,96,1,1,1,0,1,24,2,11,1,58,41,1,2,3,62.599999999999994,Medium Risk
S03212,26,96,1,1,1,0,1,22,0,2,1,98,55,1,0,2,80.19999999999999,Low Risk
S03213,26,96,1,0,1,1,1,26,2,2,1,55,69,0,0,2,72.9,Low Risk
S03214,26,96,1,0,1,1,1,24,2,11,1,58,41,1,2,3,62.599999999999994,Medium Risk
S03215,26,96,1,0,1,1,1,22,0,2,1,98,55,1,0,2,80.19999999999999,Low Risk
S03216,33,67,1,1,2,1,0,19,0,1,0,83,51,0,2,3,65.39999999999999,Medium Risk
S03217,33,67,1,1,2,1,0,26,1,18,1,90,54,1,1,3,68.7,Medium Risk
S03218,33,67,1,1,1,1,0,19,0,1,0,83,51,0,2,3,65.39999999999999,Medium Risk
S03219,33,67,1,1,1,1,0,26,1,18,1,90,54,1,1,3,68.7,Medium Risk
S03220,15,92,0,1,0,1,0,19,2,5,0,92,100,1,2,0,95.19999999999999,Low Risk
S03221,15,92,0,1,0,1,0,27,3,11,0,70,93,1,1,0,85.8,Low Risk
S03222,15,92,0,1,0,1,0,26,2,18,1,68,86,1,0,0,82.39999999999999,Low Risk
S03223,15,92,2,1,1,1,0,19,2,5,0,92,100,1,2,0,95.19999999999999,Low Risk
S03224,15,92,2,1,1,1,0,27,3,11,0,70,93,1,1,0,85.8,Low Risk
S03225,15,92,2,1,1,1,0,26,2,18,1,68,86,1,0,0,82.39999999999999,Low Risk
S03226,15,92,1,1,1,1,0,19,2,5,0,92,100,1,2,0,95.19999999999999,Low Risk
S03227,15,92,1,1,1,1,0,27,3,11,0,70,93,1,1,0,85.8,Low Risk
S03228,15,92,1,1,1,1,0,26,2,18,1,68,86,1,0,0,82.39999999999999,Low Risk
S03229,25,92,1,0,1,1,1,22,0,16,1,76,83,1,1,1,83.6,Low Risk
S03230,25,92,2,1,0,1,1,22,0,16,1,76,83,1,1,1,83.6,Low Risk
S03231,25,92,1,1,1,1,1,22,0,16,1,76,83,1,1,1,83.6,Low Risk
S03232,33,76,1,1,0,1,0,25,2,17,0,95,97,1,2,0,90.10000000000001,Low Risk
S03233,33,76,1,1,0,1,0,28,3,18,0,69,44,0,0,3,61.099999999999994,Medium Risk
S03234,33,76,1,1,0,1,0,26,1,20,1,53,88,1,1,0,73.9,Low Risk
S03235,33,76,1,1,0,1,0,27,3,19,0,85,45,0,1,3,66.3,Medium Risk
S03236,15,67,1,1,0,1,0,25,2,1,1,74,43,1,1,3,59.5,Medium Risk
S03237,15,67,2,1,2,1,0,25,2,1,1,74,43,1,1,3,59.5,Medium Risk
S03238,15,67,1,0,1,1,0,25,2,1,1,74,43,1,1,3,59.5,Medium Risk
S03239,15,70,1,0,1,1,0,20,3,20,1,88,41,1,1,3,63.8,Medium Risk
S03240,15,70,1,0,1,1,0,27,0,0,0,76,49,1,2,3,63.400000000000006,Medium Risk
S03241,15,70,1,0,0,1,0,20,3,20,1,88,41,1,1,3,63.8,Medium Risk
S03242,15,70,1,0,0,1,0,27,0,0,0,76,49,1,2,3,63.400000000000006,Medium Risk
S03243,16,71,1,0,1,1,0,25,1,19,0,59,55,1,0,2,61.0,Medium Risk
S03244,16,71,1,0,1,1,0,26,2,19,1,89,73,0,1,1,77.2,Medium Risk
S03245,16,71,2,0,1,1,0,25,1,19,0,59,55,1,0,2,61.0,Medium Risk
S03246,16,71,2,0,1,1,0,26,2,19,1,89,73,0,1,1,77.2,Medium Risk
S03247,16,71,2,1,0,1,0,25,1,19,0,59,55,1,0,2,61.0,Medium Risk
S03248,16,71,2,1,0,1,0,26,2,19,1,89,73,0,1,1,77.2,Medium Risk
S03249,7,82,2,1,1,1,1,27,2,15,1,54,44,0,2,3,58.39999999999999,Medium Risk
S03250,7,82,2,1,1,1,1,18,1,20,1,60,75,1,2,1,72.6,Low Risk
S03251,7,82,2,1,1,1,1,27,2,15,1,54,44,0,2,3,58.39999999999999,Medium Risk
S03252,7,82,2,1,1,1,1,18,1,20,1,60,75,1,2,1,72.6,Low Risk
S03253,17,76,2,0,2,1,0,24,1,13,0,59,85,1,1,0,74.5,Low Risk
S03254,17,76,1,1,1,1,0,24,1,13,0,59,85,1,1,0,74.5,Low Risk
S03255,17,76,2,1,0,1,0,24,1,13,0,59,85,1,1,0,74.5,Low Risk
S03256,17,76,1,1,0,0,0,24,1,13,0,59,85,1,1,0,74.5,Low Risk
S03257,17,76,1,1,1,1,0,24,1,13,0,59,85,1,1,0,74.5,Low Risk
S03258,22,99,0,1,0,1,0,29,0,13,1,76,98,1,2,0,91.7,Low Risk
S03259,22,99,0,1,0,1,0,21,0,16,1,73,86,1,1,0,86.0,Low Risk
S03260,22,99,1,1,2,1,0,29,0,13,1,76,98,1,2,0,91.7,Low Risk
S03261,22,99,1,1,2,1,0,21,0,16,1,73,86,1,1,0,86.0,Low Risk
S03262,22,99,0,0,1,1,0,29,0,13,1,76,98,1,2,0,91.7,Low Risk
S03263,22,99,0,0,1,1,0,21,0,16,1,73,86,1,1,0,86.0,Low Risk
S03264,22,99,1,1,2,1,0,29,0,13,1,76,98,1,2,0,91.7,Low Risk
S03265,22,99,1,1,2,1,0,21,0,16,1,73,86,1,1,0,86.0,Low Risk
S03266,22,99,2,0,0,1,0,29,0,13,1,76,98,1,2,0,91.7,Low Risk
S03267,22,99,2,0,0,1,0,21,0,16,1,73,86,1,1,0,86.0,Low Risk
S03268,31,69,0,1,1,1,0,25,2,11,1,76,80,1,1,1,75.5,Medium Risk
S03269,31,69,0,1,1,1,0,24,1,13,0,76,61,1,2,2,67.9,Medium Risk
S03270,26,91,1,1,1,1,0,21,3,16,1,73,99,1,0,0,88.8,Low Risk
S03271,26,91,1,1,1,1,0,20,3,3,0,81,89,1,0,0,87.2,Low Risk
S03272,26,91,1,1,1,1,0,28,2,5,1,70,91,1,2,0,84.7,Low Risk
S03273,17,74,1,1,1,1,1,18,1,18,0,72,73,0,2,1,73.0,Medium Risk
S03274,17,74,1,0,1,1,1,18,1,18,0,72,73,0,2,1,73.0,Medium Risk
S03275,17,74,1,1,0,1,1,18,1,18,0,72,73,0,2,1,73.0,Medium Risk
S03276,17,74,0,0,1,1,1,18,1,18,0,72,73,0,2,1,73.0,Medium Risk
S03277,17,74,1,1,1,1,1,18,1,18,0,72,73,0,2,1,73.0,Medium Risk
S03278,15,66,2,0,1,0,1,29,0,5,1,72,94,0,2,0,79.0,Medium Risk
S03279,15,66,2,1,0,1,1,29,0,5,1,72,94,0,2,0,79.0,Medium Risk
S03280,15,66,1,0,1,1,1,29,0,5,1,72,94,0,2,0,79.0,Medium Risk
S03281,31,86,2,1,1,1,1,28,0,10,0,78,85,0,2,0,83.2,Low Risk
S03282,31,86,2,1,1,1,1,18,0,4,0,66,43,1,0,3,62.8,Medium Risk
S03283,31,86,2,1,1,1,1,21,0,5,0,97,74,1,2,1,84.5,Low Risk
S03284,31,86,2,1,1,1,1,19,2,0,0,55,79,1,2,1,73.9,Low Risk
S03285,27,83,0,0,1,1,0,23,2,9,1,79,94,1,1,0,86.19999999999999,Low Risk
S03286,27,83,0,0,1,1,0,26,2,11,0,51,70,1,2,1,68.19999999999999,Low Risk
S03287,27,83,0,0,1,1,0,29,2,1,1,52,75,0,2,1,70.5,Low Risk
S03288,27,83,1,1,1,1,0,23,2,9,1,79,94,1,1,0,86.19999999999999,Low Risk
S03289,27,83,1,1,1,1,0,26,2,11,0,51,70,1,2,1,68.19999999999999,Low Risk
S03290,27,83,1,1,1,1,0,29,2,1,1,52,75,0,2,1,70.5,Low Risk
S03291,27,83,1,0,1,1,0,23,2,9,1,79,94,1,1,0,86.19999999999999,Low Risk
S03292,27,83,1,0,1,1,0,26,2,11,0,51,70,1,2,1,68.19999999999999,Low Risk
S03293,27,83,1,0,1,1,0,29,2,1,1,52,75,0,2,1,70.5,Low Risk
S03294,17,79,0,1,0,1,1,20,3,6,1,91,95,1,2,0,89.0,Low Risk
S03295,17,79,0,1,0,1,1,27,0,5,0,50,93,1,2,0,75.9,Low Risk
S03296,17,79,0,1,0,1,1,19,2,18,1,95,64,1,2,2,77.8,Low Risk
S03297,17,79,2,1,1,1,1,20,3,6,1,91,95,1,2,0,89.0,Low Risk
S03298,17,79,2,1,1,1,1,27,0,5,0,50,93,1,2,0,75.9,Low Risk
S03299,17,79,2,1,1,1,1,19,2,18,1,95,64,1,2,2,77.8,Low Risk
S03300,17,79,2,1,1,1,1,20,3,6,1,91,95,1,2,0,89.0,Low Risk
S03301,17,79,2,1,1,1,1,27,0,5,0,50,93,1,2,0,75.9,Low Risk
S03302,17,79,2,1,1,1,1,19,2,18,1,95,64,1,2,2,77.8,Low Risk
S03303,17,79,1,0,1,1,1,20,3,6,1,91,95,1,2,0,89.0,Low Risk
S03304,17,79,1,0,1,1,1,27,0,5,0,50,93,1,2,0,75.9,Low Risk
S03305,17,79,1,0,1,1,1,19,2,18,1,95,64,1,2,2,77.8,Low Risk
S03306,10,80,1,1,2,1,0,24,1,14,1,75,57,0,2,2,69.3,Low Risk
S03307,19,64,1,0,1,1,1,19,3,11,0,87,69,0,2,2,72.9,Medium Risk
S03308,19,64,1,0,2,1,1,19,3,11,0,87,69,0,2,2,72.9,Medium Risk
S03309,19,64,1,0,1,1,1,19,3,11,0,87,69,0,2,2,72.9,Medium Risk
S03310,19,64,1,1,2,1,1,19,3,11,0,87,69,0,2,2,72.9,Medium Risk
S03311,19,64,1,1,2,1,1,19,3,11,0,87,69,0,2,2,72.9,Medium Risk
S03312,19,64,2,1,1,1,1,19,3,11,0,87,69,0,2,2,72.9,Medium Risk
S03313,10,96,2,0,1,0,0,25,0,16,1,50,95,1,2,0,81.8,Low Risk
S03314,10,96,1,0,1,1,0,25,0,16,1,50,95,1,2,0,81.8,Low Risk
S03315,10,96,2,1,1,1,0,25,0,16,1,50,95,1,2,0,81.8,Low Risk
S03316,16,62,1,1,0,1,1,26,1,19,0,54,55,1,0,2,56.8,Medium Risk
S03317,16,62,1,1,0,1,1,27,3,8,1,75,51,1,0,3,61.5,Medium Risk
S03318,16,62,1,1,0,1,1,21,2,11,0,72,64,1,1,2,65.8,Medium Risk
S03319,16,62,1,1,0,1,1,19,2,2,1,71,82,1,0,1,72.7,Medium Risk
S03320,16,62,1,0,1,1,1,26,1,19,0,54,55,1,0,2,56.8,Medium Risk
S03321,16,62,1,0,1,1,1,27,3,8,1,75,51,1,0,3,61.5,Medium Risk
S03322,16,62,1,0,1,1,1,21,2,11,0,72,64,1,1,2,65.8,Medium Risk
S03323,16,62,1,0,1,1,1,19,2,2,1,71,82,1,0,1,72.7,Medium Risk
S03324,16,62,1,1,0,1,1,26,1,19,0,54,55,1,0,2,56.8,Medium Risk
S03325,16,62,1,1,0,1,1,27,3,8,1,75,51,1,0,3,61.5,Medium Risk
S03326,16,62,1,1,0,1,1,21,2,11,0,72,64,1,1,2,65.8,Medium Risk
S03327,16,62,1,1,0,1,1,19,2,2,1,71,82,1,0,1,72.7,Medium Risk
S03328,17,77,2,1,1,1,1,24,2,0,0,92,41,1,0,3,67.1,Medium Risk
S03329,17,77,2,1,1,1,1,28,0,15,1,87,78,1,2,1,80.39999999999999,Low Risk
S03330,17,77,1,1,0,1,1,24,2,0,0,92,41,1,0,3,67.1,Medium Risk
S03331,17,77,1,1,0,1,1,28,0,15,1,87,78,1,2,1,80.39999999999999,Low Risk
S03332,17,77,1,0,0,1,1,24,2,0,0,92,41,1,0,3,67.1,Medium Risk
S03333,17,77,1,0,0,1,1,28,0,15,1,87,78,1,2,1,80.39999999999999,Low Risk
S03334,17,77,1,1,0,1,1,24,2,0,0,92,41,1,0,3,67.1,Medium Risk
S03335,17,77,1,1,0,1,1,28,0,15,1,87,78,1,2,1,80.39999999999999,Low Risk
S03336,17,77,1,1,1,1,1,24,2,0,0,92,41,1,0,3,67.1,Medium Risk
S03337,17,77,1,1,1,1,1,28,0,15,1,87,78,1,2,1,80.39999999999999,Low Risk
S03338,17,77,1,1,1,1,1,24,2,0,0,92,41,1,0,3,67.1,Medium Risk
S03339,17,77,1,1,1,1,1,28,0,15,1,87,78,1,2,1,80.39999999999999,Low Risk
S03340,17,77,1,1,0,1,1,24,2,0,0,92,41,1,0,3,67.1,Medium Risk
S03341,17,77,1,1,0,1,1,28,0,15,1,87,78,1,2,1,80.39999999999999,Low Risk
S03342,14,65,1,0,0,1,1,28,1,2,0,71,77,0,2,1,71.6,Medium Risk
S03343,14,65,1,0,0,1,1,25,0,19,1,60,41,0,2,3,53.900000000000006,Medium Risk
S03344,14,65,1,0,0,1,1,26,2,0,1,61,96,1,1,0,76.2,Medium Risk
S03345,14,65,1,0,0,1,1,20,0,0,1,62,50,0,2,3,58.099999999999994,Medium Risk
S03346,14,65,1,0,1,1,1,28,1,2,0,71,77,0,2,1,71.6,Medium Risk
S03347,14,65,1,0,1,1,1,25,0,19,1,60,41,0,2,3,53.900000000000006,Medium Risk
S03348,14,65,1,0,1,1,1,26,2,0,1,61,96,1,1,0,76.2,Medium Risk
S03349,14,65,1,0,1,1,1,20,0,0,1,62,50,0,2,3,58.099999999999994,Medium Risk
S03350,14,65,2,1,0,1,1,28,1,2,0,71,77,0,2,1,71.6,Medium Risk
S03351,14,65,2,1,0,1,1,25,0,19,1,60,41,0,2,3,53.900000000000006,Medium Risk
S03352,14,65,2,1,0,1,1,26,2,0,1,61,96,1,1,0,76.2,Medium Risk
S03353,14,65,2,1,0,1,1,20,0,0,1,62,50,0,2,3,58.099999999999994,Medium Risk
S03354,14,65,2,0,0,1,1,28,1,2,0,71,77,0,2,1,71.6,Medium Risk
S03355,14,65,2,0,0,1,1,25,0,19,1,60,41,0,2,3,53.900000000000006,Medium Risk
S03356,14,65,2,0,0,1,1,26,2,0,1,61,96,1,1,0,76.2,Medium Risk
S03357,14,65,2,0,0,1,1,20,0,0,1,62,50,0,2,3,58.099999999999994,Medium Risk
S03358,14,65,2,0,0,1,1,28,1,2,0,71,77,0,2,1,71.6,Medium Risk
S03359,14,65,2,0,0,1,1,25,0,19,1,60,41,0,2,3,53.900000000000006,Medium Risk
S03360,14,65,2,0,0,1,1,26,2,0,1,61,96,1,1,0,76.2,Medium Risk
S03361,14,65,2,0,0,1,1,20,0,0,1,62,50,0,2,3,58.099999999999994,Medium Risk
S03362,14,65,1,1,1,1,1,28,1,2,0,71,77,0,2,1,71.6,Medium Risk
S03363,14,65,1,1,1,1,1,25,0,19,1,60,41,0,2,3,53.900000000000006,Medium Risk
S03364,14,65,1,1,1,1,1,26,2,0,1,61,96,1,1,0,76.2,Medium Risk
S03365,14,65,1,1,1,1,1,20,0,0,1,62,50,0,2,3,58.099999999999994,Medium Risk
S03366,19,80,1,0,1,1,0,20,1,1,1,52,73,1,2,1,68.80000000000001,Low Risk
S03367,19,80,1,1,0,1,0,20,1,1,1,52,73,1,2,1,68.80000000000001,Low Risk
S03368,19,80,1,1,1,1,0,20,1,1,1,52,73,1,2,1,68.80000000000001,Low Risk
S03369,19,80,1,1,2,0,0,20,1,1,1,52,73,1,2,1,68.80000000000001,Low Risk
S03370,19,80,2,1,1,1,0,20,1,1,1,52,73,1,2,1,68.80000000000001,Low Risk
S03371,24,91,1,0,0,1,1,22,1,4,0,61,71,1,2,1,74.0,Low Risk
S03372,24,91,1,0,0,1,1,28,3,8,1,56,44,1,1,3,61.7,Medium Risk
S03373,24,91,1,0,0,1,1,21,3,18,1,100,94,1,2,0,94.89999999999999,Low Risk
S03374,24,91,0,1,2,1,1,22,1,4,0,61,71,1,2,1,74.0,Low Risk
S03375,24,91,0,1,2,1,1,28,3,8,1,56,44,1,1,3,61.7,Medium Risk
S03376,24,91,0,1,2,1,1,21,3,18,1,100,94,1,2,0,94.89999999999999,Low Risk
S03377,24,91,1,0,0,1,1,22,1,4,0,61,71,1,2,1,74.0,Low Risk
S03378,24,91,1,0,0,1,1,28,3,8,1,56,44,1,1,3,61.7,Medium Risk
S03379,24,91,1,0,0,1,1,21,3,18,1,100,94,1,2,0,94.89999999999999,Low Risk
S03380,24,91,0,1,1,1,1,22,1,4,0,61,71,1,2,1,74.0,Low Risk
S03381,24,91,0,1,1,1,1,28,3,8,1,56,44,1,1,3,61.7,Medium Risk
S03382,24,91,0,1,1,1,1,21,3,18,1,100,94,1,2,0,94.89999999999999,Low Risk
S03383,24,91,2,1,2,1,1,22,1,4,0,61,71,1,2,1,74.0,Low Risk
S03384,24,91,2,1,2,1,1,28,3,8,1,56,44,1,1,3,61.7,Medium Risk
S03385,24,91,2,1,2,1,1,21,3,18,1,100,94,1,2,0,94.89999999999999,Low Risk
S03386,24,91,1,1,1,1,1,22,1,4,0,61,71,1,2,1,74.0,Low Risk
S03387,24,91,1,1,1,1,1,28,3,8,1,56,44,1,1,3,61.7,Medium Risk
S03388,24,91,1,1,1,1,1,21,3,18,1,100,94,1,2,0,94.89999999999999,Low Risk
S03389,24,91,1,0,1,1,1,22,1,4,0,61,71,1,2,1,74.0,Low Risk
S03390,24,91,1,0,1,1,1,28,3,8,1,56,44,1,1,3,61.7,Medium Risk
S03391,24,91,1,0,1,1,1,21,3,18,1,100,94,1,2,0,94.89999999999999,Low Risk
S03392,24,91,2,1,0,1,1,22,1,4,0,61,71,1,2,1,74.0,Low Risk
S03393,24,91,2,1,0,1,1,28,3,8,1,56,44,1,1,3,61.7,Medium Risk
S03394,24,91,2,1,0,1,1,21,3,18,1,100,94,1,2,0,94.89999999999999,Low Risk
S03395,24,91,1,1,1,1,1,22,1,4,0,61,71,1,2,1,74.0,Low Risk
S03396,24,91,1,1,1,1,1,28,3,8,1,56,44,1,1,3,61.7,Medium Risk
S03397,24,91,1,1,1,1,1,21,3,18,1,100,94,1,2,0,94.89999999999999,Low Risk
S03398,24,91,2,1,1,1,1,22,1,4,0,61,71,1,2,1,74.0,Low Risk
S03399,24,91,2,1,1,1,1,28,3,8,1,56,44,1,1,3,61.7,Medium Risk
S03400,24,91,2,1,1,1,1,21,3,18,1,100,94,1,2,0,94.89999999999999,Low Risk
S03401,13,70,2,0,1,1,1,27,0,14,1,91,44,1,2,3,65.9,Medium Risk
S03402,13,70,2,0,1,1,1,25,3,8,1,54,87,1,0,0,72.0,Medium Risk
S03403,13,70,1,0,1,1,1,27,0,14,1,91,44,1,2,3,65.9,Medium Risk
S03404,13,70,1,0,1,1,1,25,3,8,1,54,87,1,0,0,72.0,Medium Risk
S03405,13,70,1,1,1,1,1,27,0,14,1,91,44,1,2,3,65.9,Medium Risk
S03406,13,70,1,1,1,1,1,25,3,8,1,54,87,1,0,0,72.0,Medium Risk
S03407,13,70,2,1,2,1,1,27,0,14,1,91,44,1,2,3,65.9,Medium Risk
S03408,13,70,2,1,2,1,1,25,3,8,1,54,87,1,0,0,72.0,Medium Risk
S03409,13,70,1,1,2,1,1,27,0,14,1,91,44,1,2,3,65.9,Medium Risk
S03410,13,70,1,1,2,1,1,25,3,8,1,54,87,1,0,0,72.0,Medium Risk
S03411,13,70,2,1,1,1,1,27,0,14,1,91,44,1,2,3,65.9,Medium Risk
S03412,13,70,2,1,1,1,1,25,3,8,1,54,87,1,0,0,72.0,Medium Risk
S03413,13,70,2,1,1,1,1,27,0,14,1,91,44,1,2,3,65.9,Medium Risk
S03414,13,70,2,1,1,1,1,25,3,8,1,54,87,1,0,0,72.0,Medium Risk
S03415,13,70,1,0,1,1,1,27,0,14,1,91,44,1,2,3,65.9,Medium Risk
S03416,13,70,1,0,1,1,1,25,3,8,1,54,87,1,0,0,72.0,Medium Risk
S03417,11,79,1,1,1,1,1,19,3,3,1,73,57,1,2,2,68.4,Low Risk
S03418,16,94,1,0,0,1,0,18,0,9,1,78,49,1,2,3,71.2,Medium Risk
S03419,16,94,1,0,0,1,0,18,0,9,1,78,49,1,2,3,71.2,Medium Risk
S03420,16,94,1,1,0,1,0,18,0,9,1,78,49,1,2,3,71.2,Medium Risk
S03421,16,94,1,0,1,1,0,18,0,9,1,78,49,1,2,3,71.2,Medium Risk
S03422,16,94,1,0,1,1,0,18,0,9,1,78,49,1,2,3,71.2,Medium Risk
S03423,16,94,2,0,2,1,0,18,0,9,1,78,49,1,2,3,71.2,Medium Risk
S03424,16,94,1,1,1,1,0,18,0,9,1,78,49,1,2,3,71.2,Medium Risk
S03425,16,94,0,1,0,1,0,18,0,9,1,78,49,1,2,3,71.2,Medium Risk
S03426,27,62,2,1,0,1,0,20,3,10,1,89,68,0,1,2,72.5,Medium Risk
S03427,27,62,2,1,0,1,0,20,2,4,0,52,48,1,1,3,53.400000000000006,Medium Risk
S03428,27,62,2,1,0,1,0,27,1,1,1,55,51,1,1,3,55.5,Medium Risk
S03429,20,65,0,0,0,1,1,28,2,6,0,76,85,1,2,0,76.3,Medium Risk
S03430,20,65,0,1,2,1,1,28,2,6,0,76,85,1,2,0,76.3,Medium Risk
S03431,20,65,2,1,1,1,1,28,2,6,0,76,85,1,2,0,76.3,Medium Risk
S03432,20,65,1,0,1,0,1,28,2,6,0,76,85,1,2,0,76.3,Medium Risk
S03433,20,65,2,1,1,1,1,28,2,6,0,76,85,1,2,0,76.3,Medium Risk
S03434,20,65,1,0,1,1,1,28,2,6,0,76,85,1,2,0,76.3,Medium Risk
S03435,32,68,0,0,2,1,1,25,0,16,0,62,74,1,2,1,68.6,Medium Risk
S03436,32,68,0,0,2,1,1,19,0,10,1,71,89,0,1,0,77.30000000000001,Medium Risk
S03437,32,68,1,1,1,1,1,25,0,16,0,62,74,1,2,1,68.6,Medium Risk
S03438,32,68,1,1,1,1,1,19,0,10,1,71,89,0,1,0,77.30000000000001,Medium Risk
S03439,32,68,2,0,1,1,1,25,0,16,0,62,74,1,2,1,68.6,Medium Risk
S03440,32,68,2,0,1,1,1,19,0,10,1,71,89,0,1,0,77.30000000000001,Medium Risk
S03441,31,76,2,1,1,1,1,20,2,19,1,52,87,1,0,0,73.2,Low Risk
S03442,31,76,2,1,1,1,1,24,0,17,1,73,65,1,0,2,70.7,Low Risk
S03443,31,76,2,1,1,1,1,27,2,11,1,72,84,1,2,1,78.0,Low Risk
S03444,31,76,2,1,1,1,1,26,1,2,1,84,41,1,0,3,64.4,Medium Risk
S03445,31,76,2,1,0,1,1,20,2,19,1,52,87,1,0,0,73.2,Low Risk
S03446,31,76,2,1,0,1,1,24,0,17,1,73,65,1,0,2,70.7,Low Risk
S03447,31,76,2,1,0,1,1,27,2,11,1,72,84,1,2,1,78.0,Low Risk
S03448,31,76,2,1,0,1,1,26,1,2,1,84,41,1,0,3,64.4,Medium Risk
S03449,26,74,0,0,0,1,1,28,2,17,0,69,80,1,1,1,74.9,Medium Risk
S03450,26,74,1,0,1,1,1,28,2,17,0,69,80,1,1,1,74.9,Medium Risk
S03451,26,74,1,0,1,1,1,28,2,17,0,69,80,1,1,1,74.9,Medium Risk
S03452,26,74,0,1,1,1,1,28,2,17,0,69,80,1,1,1,74.9,Medium Risk
S03453,24,86,2,0,1,1,0,19,0,15,1,62,97,1,0,0,83.2,Low Risk
S03454,24,86,2,0,1,1,0,29,3,2,1,52,98,1,2,0,80.60000000000001,Low Risk
S03455,24,86,2,0,1,1,0,27,1,4,1,91,40,1,0,3,69.1,Medium Risk
S03456,24,86,2,0,0,1,0,19,0,15,1,62,97,1,0,0,83.2,Low Risk
S03457,24,86,2,0,0,1,0,29,3,2,1,52,98,1,2,0,80.60000000000001,Low Risk
S03458,24,86,2,0,0,1,0,27,1,4,1,91,40,1,0,3,69.1,Medium Risk
S03459,24,86,2,1,0,1,0,19,0,15,1,62,97,1,0,0,83.2,Low Risk
S03460,24,86,2,1,0,1,0,29,3,2,1,52,98,1,2,0,80.60000000000001,Low Risk
S03461,24,86,2,1,0,1,0,27,1,4,1,91,40,1,0,3,69.1,Medium Risk
S03462,24,86,1,0,0,1,0,19,0,15,1,62,97,1,0,0,83.2,Low Risk
S03463,24,86,1,0,0,1,0,29,3,2,1,52,98,1,2,0,80.60000000000001,Low Risk
S03464,24,86,1,0,0,1,0,27,1,4,1,91,40,1,0,3,69.1,Medium Risk
S03465,24,86,1,1,1,0,0,19,0,15,1,62,97,1,0,0,83.2,Low Risk
S03466,24,86,1,1,1,0,0,29,3,2,1,52,98,1,2,0,80.60000000000001,Low Risk
S03467,24,86,1,1,1,0,0,27,1,4,1,91,40,1,0,3,69.1,Medium Risk
S03468,28,88,1,0,1,1,1,20,1,12,0,73,60,0,2,2,72.3,Low Risk
S03469,24,74,1,1,1,1,0,25,2,1,1,53,68,0,1,2,65.3,Medium Risk
S03470,24,74,1,1,1,1,0,28,1,5,0,95,48,1,0,3,69.9,Medium Risk
S03471,24,74,1,1,1,1,0,26,3,6,1,52,68,0,2,2,65.0,Medium Risk
S03472,24,74,1,1,1,1,0,22,1,2,1,85,88,1,1,0,82.9,Medium Risk
S03473,24,74,2,0,2,1,0,25,2,1,1,53,68,0,1,2,65.3,Medium Risk
S03474,24,74,2,0,2,1,0,28,1,5,0,95,48,1,0,3,69.9,Medium Risk
S03475,24,74,2,0,2,1,0,26,3,6,1,52,68,0,2,2,65.0,Medium Risk
S03476,24,74,2,0,2,1,0,22,1,2,1,85,88,1,1,0,82.9,Medium Risk
S03477,24,74,0,1,1,1,0,25,2,1,1,53,68,0,1,2,65.3,Medium Risk
S03478,24,74,0,1,1,1,0,28,1,5,0,95,48,1,0,3,69.9,Medium Risk
S03479,24,74,0,1,1,1,0,26,3,6,1,52,68,0,2,2,65.0,Medium Risk
S03480,24,74,0,1,1,1,0,22,1,2,1,85,88,1,1,0,82.9,Medium Risk
S03481,26,83,0,0,2,0,1,25,1,17,0,78,96,0,1,0,86.7,Low Risk
S03482,26,83,0,0,2,0,1,26,1,4,0,96,91,1,1,0,90.1,Low Risk
S03483,26,83,0,0,2,0,1,27,1,19,0,67,93,1,1,0,82.19999999999999,Low Risk
S03484,26,83,1,0,0,1,1,25,1,17,0,78,96,0,1,0,86.7,Low Risk
S03485,26,83,1,0,0,1,1,26,1,4,0,96,91,1,1,0,90.1,Low Risk
S03486,26,83,1,0,0,1,1,27,1,19,0,67,93,1,1,0,82.19999999999999,Low Risk
S03487,26,83,2,1,1,1,1,25,1,17,0,78,96,0,1,0,86.7,Low Risk
S03488,26,83,2,1,1,1,1,26,1,4,0,96,91,1,1,0,90.1,Low Risk
S03489,26,83,2,1,1,1,1,27,1,19,0,67,93,1,1,0,82.19999999999999,Low Risk
S03490,26,83,0,0,1,1,1,25,1,17,0,78,96,0,1,0,86.7,Low Risk
S03491,26,83,0,0,1,1,1,26,1,4,0,96,91,1,1,0,90.1,Low Risk
S03492,26,83,0,0,1,1,1,27,1,19,0,67,93,1,1,0,82.19999999999999,Low Risk
S03493,9,74,2,0,0,1,0,21,1,12,0,78,68,1,2,2,72.8,Medium Risk
S03494,9,74,2,0,0,1,0,21,1,17,1,77,84,1,1,1,78.9,Medium Risk
S03495,9,74,2,0,0,1,0,22,2,13,1,79,67,1,2,2,72.7,Medium Risk
S03496,9,74,0,0,0,1,0,21,1,12,0,78,68,1,2,2,72.8,Medium Risk
S03497,9,74,0,0,0,1,0,21,1,17,1,77,84,1,1,1,78.9,Medium Risk
S03498,9,74,0,0,0,1,0,22,2,13,1,79,67,1,2,2,72.7,Medium Risk
S03499,13,63,1,1,1,1,1,28,1,19,1,82,67,1,2,2,70.3,Medium Risk
S03500,13,63,1,1,1,1,1,19,1,2,0,93,70,1,1,1,74.8,Medium Risk
S03501,13,63,1,0,1,1,1,28,1,19,1,82,67,1,2,2,70.3,Medium Risk
S03502,13,63,1,0,1,1,1,19,1,2,0,93,70,1,1,1,74.8,Medium Risk
S03503,13,63,1,0,2,1,1,28,1,19,1,82,67,1,2,2,70.3,Medium Risk
S03504,13,63,1,0,2,1,1,19,1,2,0,93,70,1,1,1,74.8,Medium Risk
S03505,13,63,2,1,1,1,1,28,1,19,1,82,67,1,2,2,70.3,Medium Risk
S03506,13,63,2,1,1,1,1,19,1,2,0,93,70,1,1,1,74.8,Medium Risk
S03507,13,63,1,0,0,1,1,28,1,19,1,82,67,1,2,2,70.3,Medium Risk
S03508,13,63,1,0,0,1,1,19,1,2,0,93,70,1,1,1,74.8,Medium Risk
S03509,8,100,1,1,1,1,0,27,2,3,1,93,51,1,0,3,78.3,Low Risk
S03510,8,100,1,1,1,1,0,24,2,9,1,78,68,1,1,2,80.6,Low Risk
S03511,8,100,2,1,1,1,0,27,2,3,1,93,51,1,0,3,78.3,Low Risk
S03512,8,100,2,1,1,1,0,24,2,9,1,78,68,1,1,2,80.6,Low Risk
S03513,18,65,2,1,1,0,1,24,0,16,0,51,97,1,2,0,73.6,Medium Risk
S03514,18,65,2,1,1,0,1,21,2,6,0,67,86,1,2,0,74.0,Medium Risk
S03515,18,65,2,1,1,0,1,28,2,6,0,97,86,1,0,0,83.0,Medium Risk
S03516,18,65,1,1,1,1,1,24,0,16,0,51,97,1,2,0,73.6,Medium Risk
S03517,18,65,1,1,1,1,1,21,2,6,0,67,86,1,2,0,74.0,Medium Risk
S03518,18,65,1,1,1,1,1,28,2,6,0,97,86,1,0,0,83.0,Medium Risk
S03519,18,65,0,0,1,1,1,24,0,16,0,51,97,1,2,0,73.6,Medium Risk
S03520,18,65,0,0,1,1,1,21,2,6,0,67,86,1,2,0,74.0,Medium Risk
S03521,18,65,0,0,1,1,1,28,2,6,0,97,86,1,0,0,83.0,Medium Risk
S03522,18,65,2,1,1,1,1,24,0,16,0,51,97,1,2,0,73.6,Medium Risk
S03523,18,65,2,1,1,1,1,21,2,6,0,67,86,1,2,0,74.0,Medium Risk
S03524,18,65,2,1,1,1,1,28,2,6,0,97,86,1,0,0,83.0,Medium Risk
S03525,18,65,2,0,0,1,1,24,0,16,0,51,97,1,2,0,73.6,Medium Risk
S03526,18,65,2,0,0,1,1,21,2,6,0,67,86,1,2,0,74.0,Medium Risk
S03527,18,65,2,0,0,1,1,28,2,6,0,97,86,1,0,0,83.0,Medium Risk
S03528,18,65,1,1,1,1,1,24,0,16,0,51,97,1,2,0,73.6,Medium Risk
S03529,18,65,1,1,1,1,1,21,2,6,0,67,86,1,2,0,74.0,Medium Risk
S03530,18,65,1,1,1,1,1,28,2,6,0,97,86,1,0,0,83.0,Medium Risk
S03531,18,65,1,1,2,1,1,24,0,16,0,51,97,1,2,0,73.6,Medium Risk
S03532,18,65,1,1,2,1,1,21,2,6,0,67,86,1,2,0,74.0,Medium Risk
S03533,18,65,1,1,2,1,1,28,2,6,0,97,86,1,0,0,83.0,Medium Risk
S03534,29,95,0,0,1,1,0,28,3,6,1,68,53,1,2,3,70.1,Low Risk
S03535,29,95,0,0,1,1,0,21,1,19,1,82,98,0,2,0,92.3,Low Risk
S03536,29,95,1,1,1,1,0,28,3,6,1,68,53,1,2,3,70.1,Low Risk
S03537,29,95,1,1,1,1,0,21,1,19,1,82,98,0,2,0,92.3,Low Risk
S03538,29,95,1,1,0,1,0,28,3,6,1,68,53,1,2,3,70.1,Low Risk
S03539,29,95,1,1,0,1,0,21,1,19,1,82,98,0,2,0,92.3,Low Risk
S03540,29,95,0,1,1,1,0,28,3,6,1,68,53,1,2,3,70.1,Low Risk
S03541,29,95,0,1,1,1,0,21,1,19,1,82,98,0,2,0,92.3,Low Risk
S03542,29,95,1,0,1,0,0,28,3,6,1,68,53,1,2,3,70.1,Low Risk
S03543,29,95,1,0,1,0,0,21,1,19,1,82,98,0,2,0,92.3,Low Risk
S03544,20,72,0,1,0,1,0,23,1,13,0,61,82,0,2,1,72.7,Medium Risk
S03545,20,72,0,1,0,1,0,27,2,17,0,77,66,1,2,2,71.1,Medium Risk
S03546,20,72,1,0,2,0,0,23,1,13,0,61,82,0,2,1,72.7,Medium Risk
S03547,20,72,1,0,2,0,0,27,2,17,0,77,66,1,2,2,71.1,Medium Risk
S03548,20,72,2,0,0,1,0,23,1,13,0,61,82,0,2,1,72.7,Medium Risk
S03549,20,72,2,0,0,1,0,27,2,17,0,77,66,1,2,2,71.1,Medium Risk
S03550,20,72,0,1,1,1,0,23,1,13,0,61,82,0,2,1,72.7,Medium Risk
S03551,20,72,0,1,1,1,0,27,2,17,0,77,66,1,2,2,71.1,Medium Risk
S03552,30,86,0,1,1,1,0,26,3,0,0,53,73,1,1,1,70.9,Low Risk
S03553,30,86,0,1,1,1,0,29,3,7,1,71,45,1,2,3,65.1,Medium Risk
S03554,30,86,0,1,1,1,0,19,2,8,1,54,62,1,1,2,66.8,Low Risk
S03555,30,86,2,1,1,1,0,26,3,0,0,53,73,1,1,1,70.9,Low Risk
S03556,30,86,2,1,1,1,0,29,3,7,1,71,45,1,2,3,65.1,Medium Risk
S03557,30,86,2,1,1,1,0,19,2,8,1,54,62,1,1,2,66.8,Low Risk
S03558,12,73,1,0,1,1,1,24,1,14,0,57,57,1,2,2,61.8,Medium Risk
S03559,12,73,1,0,1,1,1,20,0,8,1,97,84,1,1,1,84.6,Medium Risk
S03560,12,73,1,0,1,0,1,24,1,14,0,57,57,1,2,2,61.8,Medium Risk
S03561,12,73,1,0,1,0,1,20,0,8,1,97,84,1,1,1,84.6,Medium Risk
S03562,10,76,1,1,1,1,1,19,1,20,1,87,68,0,2,2,76.1,Low Risk
S03563,10,76,1,1,1,1,1,19,1,8,0,96,85,1,2,0,85.6,Low Risk
S03564,10,76,1,1,1,1,1,22,2,7,0,77,88,1,1,0,81.1,Low Risk
S03565,10,76,1,1,1,1,1,22,2,13,0,83,100,0,2,0,87.7,Low Risk
S03566,10,76,0,0,1,1,1,19,1,20,1,87,68,0,2,2,76.1,Low Risk
S03567,10,76,0,0,1,1,1,19,1,8,0,96,85,1,2,0,85.6,Low Risk
S03568,10,76,0,0,1,1,1,22,2,7,0,77,88,1,1,0,81.1,Low Risk
S03569,10,76,0,0,1,1,1,22,2,13,0,83,100,0,2,0,87.7,Low Risk
S03570,10,76,0,0,1,1,1,19,1,20,1,87,68,0,2,2,76.1,Low Risk
S03571,10,76,0,0,1,1,1,19,1,8,0,96,85,1,2,0,85.6,Low Risk
S03572,10,76,0,0,1,1,1,22,2,7,0,77,88,1,1,0,81.1,Low Risk
S03573,10,76,0,0,1,1,1,22,2,13,0,83,100,0,2,0,87.7,Low Risk
S03574,20,70,1,0,1,1,0,23,2,10,0,97,58,0,1,2,73.3,Medium Risk
S03575,20,70,1,1,2,1,0,23,2,10,0,97,58,0,1,2,73.3,Medium Risk
S03576,20,70,1,0,1,1,0,23,2,10,0,97,58,0,1,2,73.3,Medium Risk
S03577,20,70,1,1,2,1,0,23,2,10,0,97,58,0,1,2,73.3,Medium Risk
S03578,22,74,0,1,0,1,1,28,1,18,1,79,75,1,1,1,75.9,Medium Risk
S03579,22,74,0,1,0,1,1,21,3,2,1,63,79,1,0,1,72.7,Medium Risk
S03580,22,74,0,1,0,1,1,22,3,6,1,84,67,1,2,2,74.2,Medium Risk
S03581,22,74,2,1,1,0,1,28,1,18,1,79,75,1,1,1,75.9,Medium Risk
S03582,22,74,2,1,1,0,1,21,3,2,1,63,79,1,0,1,72.7,Medium Risk
S03583,22,74,2,1,1,0,1,22,3,6,1,84,67,1,2,2,74.2,Medium Risk
S03584,22,74,2,0,0,1,1,28,1,18,1,79,75,1,1,1,75.9,Medium Risk
S03585,22,74,2,0,0,1,1,21,3,2,1,63,79,1,0,1,72.7,Medium Risk
S03586,22,74,2,0,0,1,1,22,3,6,1,84,67,1,2,2,74.2,Medium Risk
S03587,22,74,2,1,1,1,1,28,1,18,1,79,75,1,1,1,75.9,Medium Risk
S03588,22,74,2,1,1,1,1,21,3,2,1,63,79,1,0,1,72.7,Medium Risk
S03589,22,74,2,1,1,1,1,22,3,6,1,84,67,1,2,2,74.2,Medium Risk
S03590,20,76,0,0,1,1,0,18,0,6,0,95,71,1,2,1,79.7,Low Risk
S03591,20,76,2,1,0,0,0,18,0,6,0,95,71,1,2,1,79.7,Low Risk
S03592,20,76,2,1,1,1,0,18,0,6,0,95,71,1,2,1,79.7,Low Risk
S03593,8,89,2,1,0,1,1,20,2,18,0,77,94,1,2,0,87.4,Low Risk
S03594,8,89,2,1,0,1,1,26,0,8,1,56,75,0,0,1,73.5,Low Risk
S03595,8,89,2,1,0,1,1,22,2,6,1,94,70,1,2,1,82.9,Low Risk
S03596,8,89,2,0,1,1,1,20,2,18,0,77,94,1,2,0,87.4,Low Risk
S03597,8,89,2,0,1,1,1,26,0,8,1,56,75,0,0,1,73.5,Low Risk
S03598,8,89,2,0,1,1,1,22,2,6,1,94,70,1,2,1,82.9,Low Risk
S03599,12,98,1,1,1,1,1,21,3,6,1,56,88,1,1,0,81.4,Low Risk
S03600,12,98,1,1,1,1,1,21,0,18,0,76,94,1,1,0,89.80000000000001,Low Risk
S03601,12,98,1,1,1,1,1,18,2,8,1,87,45,1,0,3,73.5,Medium Risk
S03602,24,62,1,0,2,1,1,18,2,9,1,75,85,1,2,0,75.1,Medium Risk
S03603,24,62,1,0,2,1,1,24,2,10,1,56,75,0,0,1,65.39999999999999,Medium Risk
S03604,24,62,1,1,1,1,1,18,2,9,1,75,85,1,2,0,75.1,Medium Risk
S03605,24,62,1,1,1,1,1,24,2,10,1,56,75,0,0,1,65.39999999999999,Medium Risk
S03606,24,62,1,0,1,1,1,18,2,9,1,75,85,1,2,0,75.1,Medium Risk
S03607,24,62,1,0,1,1,1,24,2,10,1,56,75,0,0,1,65.39999999999999,Medium Risk
S03608,24,62,0,1,1,1,1,18,2,9,1,75,85,1,2,0,75.1,Medium Risk
S03609,24,62,0,1,1,1,1,24,2,10,1,56,75,0,0,1,65.39999999999999,Medium Risk
S03610,24,62,1,1,0,1,1,18,2,9,1,75,85,1,2,0,75.1,Medium Risk
S03611,24,62,1,1,0,1,1,24,2,10,1,56,75,0,0,1,65.39999999999999,Medium Risk
S03612,22,80,1,1,1,1,0,19,3,5,1,97,88,1,0,0,88.3,Low Risk
S03613,22,80,1,1,1,1,0,20,0,3,1,64,62,0,1,2,68.0,Low Risk
S03614,22,80,1,1,1,1,0,18,0,20,1,71,42,0,2,3,62.1,Medium Risk
S03615,22,80,1,1,1,1,0,18,2,5,1,70,56,0,2,2,67.4,Low Risk
S03616,22,80,1,1,1,1,0,23,0,19,0,78,85,1,0,0,81.4,Low Risk
S03617,22,80,1,1,1,1,0,18,0,2,1,72,53,1,1,3,66.8,Low Risk
S03618,22,80,1,1,2,1,0,19,3,5,1,97,88,1,0,0,88.3,Low Risk
S03619,22,80,1,1,2,1,0,20,0,3,1,64,62,0,1,2,68.0,Low Risk
S03620,22,80,1,1,2,1,0,18,0,20,1,71,42,0,2,3,62.1,Medium Risk
S03621,22,80,1,1,2,1,0,18,2,5,1,70,56,0,2,2,67.4,Low Risk
S03622,22,80,1,1,2,1,0,23,0,19,0,78,85,1,0,0,81.4,Low Risk
S03623,22,80,1,1,2,1,0,18,0,2,1,72,53,1,1,3,66.8,Low Risk
S03624,22,80,2,1,1,1,0,19,3,5,1,97,88,1,0,0,88.3,Low Risk
S03625,22,80,2,1,1,1,0,20,0,3,1,64,62,0,1,2,68.0,Low Risk
S03626,22,80,2,1,1,1,0,18,0,20,1,71,42,0,2,3,62.1,Medium Risk
S03627,22,80,2,1,1,1,0,18,2,5,1,70,56,0,2,2,67.4,Low Risk
S03628,22,80,2,1,1,1,0,23,0,19,0,78,85,1,0,0,81.4,Low Risk
S03629,22,80,2,1,1,1,0,18,0,2,1,72,53,1,1,3,66.8,Low Risk
S03630,22,80,0,0,2,1,0,19,3,5,1,97,88,1,0,0,88.3,Low Risk
S03631,22,80,0,0,2,1,0,20,0,3,1,64,62,0,1,2,68.0,Low Risk
S03632,22,80,0,0,2,1,0,18,0,20,1,71,42,0,2,3,62.1,Medium Risk
S03633,22,80,0,0,2,1,0,18,2,5,1,70,56,0,2,2,67.4,Low Risk
S03634,22,80,0,0,2,1,0,23,0,19,0,78,85,1,0,0,81.4,Low Risk
S03635,22,80,0,0,2,1,0,18,0,2,1,72,53,1,1,3,66.8,Low Risk
S03636,22,80,2,1,0,1,0,19,3,5,1,97,88,1,0,0,88.3,Low Risk
S03637,22,80,2,1,0,1,0,20,0,3,1,64,62,0,1,2,68.0,Low Risk
S03638,22,80,2,1,0,1,0,18,0,20,1,71,42,0,2,3,62.1,Medium Risk
S03639,22,80,2,1,0,1,0,18,2,5,1,70,56,0,2,2,67.4,Low Risk
S03640,22,80,2,1,0,1,0,23,0,19,0,78,85,1,0,0,81.4,Low Risk
S03641,22,80,2,1,0,1,0,18,0,2,1,72,53,1,1,3,66.8,Low Risk
S03642,14,83,0,1,1,1,1,20,1,9,1,94,77,1,0,1,83.9,Low Risk
S03643,14,83,0,1,1,1,1,19,2,12,0,99,83,1,2,1,87.80000000000001,Low Risk
S03644,14,83,2,1,0,1,1,20,1,9,1,94,77,1,0,1,83.9,Low Risk
S03645,14,83,2,1,0,1,1,19,2,12,0,99,83,1,2,1,87.80000000000001,Low Risk
S03646,14,83,0,0,0,1,1,20,1,9,1,94,77,1,0,1,83.9,Low Risk
S03647,14,83,0,0,0,1,1,19,2,12,0,99,83,1,2,1,87.80000000000001,Low Risk
S03648,14,62,2,1,0,1,1,24,3,13,1,96,77,1,1,1,78.19999999999999,Medium Risk
S03649,14,62,2,1,0,1,1,21,3,4,1,76,99,0,0,0,81.0,Medium Risk
S03650,14,62,1,0,0,1,1,24,3,13,1,96,77,1,1,1,78.19999999999999,Medium Risk
S03651,14,62,1,0,0,1,1,21,3,4,1,76,99,0,0,0,81.0,Medium Risk
S03652,14,62,1,0,1,1,1,24,3,13,1,96,77,1,1,1,78.19999999999999,Medium Risk
S03653,14,62,1,0,1,1,1,21,3,4,1,76,99,0,0,0,81.0,Medium Risk
S03654,14,62,1,1,2,1,1,24,3,13,1,96,77,1,1,1,78.19999999999999,Medium Risk
S03655,14,62,1,1,2,1,1,21,3,4,1,76,99,0,0,0,81.0,Medium Risk
S03656,14,62,1,0,1,1,1,24,3,13,1,96,77,1,1,1,78.19999999999999,Medium Risk
S03657,14,62,1,0,1,1,1,21,3,4,1,76,99,0,0,0,81.0,Medium Risk
S03658,14,62,1,0,1,1,1,24,3,13,1,96,77,1,1,1,78.19999999999999,Medium Risk
S03659,14,62,1,0,1,1,1,21,3,4,1,76,99,0,0,0,81.0,Medium Risk
S03660,20,83,1,0,1,1,1,27,1,8,0,76,58,1,2,2,70.9,Low Risk
S03661,20,83,1,0,1,1,1,29,3,18,0,65,42,0,0,3,61.199999999999996,Medium Risk
S03662,20,83,0,0,0,0,1,27,1,8,0,76,58,1,2,2,70.9,Low Risk
S03663,20,83,0,0,0,0,1,29,3,18,0,65,42,0,0,3,61.199999999999996,Medium Risk
S03664,20,83,0,0,2,1,1,27,1,8,0,76,58,1,2,2,70.9,Low Risk
S03665,20,83,0,0,2,1,1,29,3,18,0,65,42,0,0,3,61.199999999999996,Medium Risk
S03666,20,83,1,1,0,1,1,27,1,8,0,76,58,1,2,2,70.9,Low Risk
S03667,20,83,1,1,0,1,1,29,3,18,0,65,42,0,0,3,61.199999999999996,Medium Risk
S03668,20,83,1,0,1,1,1,27,1,8,0,76,58,1,2,2,70.9,Low Risk
S03669,20,83,1,0,1,1,1,29,3,18,0,65,42,0,0,3,61.199999999999996,Medium Risk
S03670,20,83,0,1,1,1,1,27,1,8,0,76,58,1,2,2,70.9,Low Risk
S03671,20,83,0,1,1,1,1,29,3,18,0,65,42,0,0,3,61.199999999999996,Medium Risk
S03672,20,83,0,1,1,1,1,27,1,8,0,76,58,1,2,2,70.9,Low Risk
S03673,20,83,0,1,1,1,1,29,3,18,0,65,42,0,0,3,61.199999999999996,Medium Risk
S03674,20,83,2,1,1,1,1,27,1,8,0,76,58,1,2,2,70.9,Low Risk
S03675,20,83,2,1,1,1,1,29,3,18,0,65,42,0,0,3,61.199999999999996,Medium Risk
S03676,20,83,1,1,1,1,1,27,1,8,0,76,58,1,2,2,70.9,Low Risk
S03677,20,83,1,1,1,1,1,29,3,18,0,65,42,0,0,3,61.199999999999996,Medium Risk
S03678,23,95,1,1,1,1,1,26,1,0,1,77,73,1,0,1,80.8,Low Risk
S03679,23,95,1,1,1,1,1,24,1,11,1,98,63,1,2,2,83.1,Low Risk
S03680,23,95,1,1,1,1,1,26,1,0,1,77,73,1,0,1,80.8,Low Risk
S03681,23,95,1,1,1,1,1,24,1,11,1,98,63,1,2,2,83.1,Low Risk
S03682,23,95,1,1,2,1,1,26,1,0,1,77,73,1,0,1,80.8,Low Risk
S03683,23,95,1,1,2,1,1,24,1,11,1,98,63,1,2,2,83.1,Low Risk
S03684,23,95,1,1,1,1,1,26,1,0,1,77,73,1,0,1,80.8,Low Risk
S03685,23,95,1,1,1,1,1,24,1,11,1,98,63,1,2,2,83.1,Low Risk
S03686,17,61,1,1,2,1,1,19,1,18,0,78,73,1,2,1,70.9,Medium Risk
S03687,17,61,1,1,2,1,1,18,2,9,1,61,88,1,0,0,71.8,Medium Risk
S03688,17,61,0,1,1,1,1,19,1,18,0,78,73,1,2,1,70.9,Medium Risk
S03689,17,61,0,1,1,1,1,18,2,9,1,61,88,1,0,0,71.8,Medium Risk
S03690,17,61,1,1,2,1,1,19,1,18,0,78,73,1,2,1,70.9,Medium Risk
S03691,17,61,1,1,2,1,1,18,2,9,1,61,88,1,0,0,71.8,Medium Risk
S03692,17,61,2,0,0,1,1,19,1,18,0,78,73,1,2,1,70.9,Medium Risk
S03693,17,61,2,0,0,1,1,18,2,9,1,61,88,1,0,0,71.8,Medium Risk
S03694,17,61,1,1,2,1,1,19,1,18,0,78,73,1,2,1,70.9,Medium Risk
S03695,17,61,1,1,2,1,1,18,2,9,1,61,88,1,0,0,71.8,Medium Risk
S03696,17,61,1,1,2,1,1,19,1,18,0,78,73,1,2,1,70.9,Medium Risk
S03697,17,61,1,1,2,1,1,18,2,9,1,61,88,1,0,0,71.8,Medium Risk
S03698,15,89,1,1,1,1,0,19,1,15,0,80,86,1,2,0,85.1,Low Risk
S03699,15,89,1,1,1,1,0,21,0,19,0,88,77,1,1,1,83.9,Low Risk
S03700,15,89,1,1,1,1,0,29,1,11,1,96,71,1,0,1,83.9,Low Risk
S03701,19,97,0,1,1,1,1,23,1,17,1,65,96,0,2,0,87.0,Low Risk
S03702,19,97,0,0,1,1,1,23,1,17,1,65,96,0,2,0,87.0,Low Risk
S03703,19,97,2,0,1,1,1,23,1,17,1,65,96,0,2,0,87.0,Low Risk
S03704,19,97,0,0,1,1,1,23,1,17,1,65,96,0,2,0,87.0,Low Risk
S03705,19,97,0,1,1,1,1,23,1,17,1,65,96,0,2,0,87.0,Low Risk
S03706,19,97,1,0,1,1,1,23,1,17,1,65,96,0,2,0,87.0,Low Risk
S03707,19,97,2,0,0,1,1,23,1,17,1,65,96,0,2,0,87.0,Low Risk
S03708,19,97,1,0,0,1,1,23,1,17,1,65,96,0,2,0,87.0,Low Risk
S03709,19,97,1,1,2,1,1,23,1,17,1,65,96,0,2,0,87.0,Low Risk
S03710,14,86,0,1,1,0,1,27,1,2,1,96,92,1,1,0,91.39999999999999,Low Risk
S03711,14,86,0,1,1,1,1,27,1,2,1,96,92,1,1,0,91.39999999999999,Low Risk
S03712,14,86,0,1,0,1,1,27,1,2,1,96,92,1,1,0,91.39999999999999,Low Risk
S03713,14,86,2,1,1,1,1,27,1,2,1,96,92,1,1,0,91.39999999999999,Low Risk
S03714,13,62,2,0,1,1,0,23,3,13,0,85,88,1,1,0,79.3,Medium Risk
S03715,13,62,2,0,1,1,0,21,2,2,0,61,64,0,1,2,62.5,Medium Risk
S03716,13,62,2,0,1,1,0,18,2,6,1,65,75,1,2,1,68.1,Medium Risk
S03717,13,62,2,0,1,1,0,25,3,7,1,81,49,1,0,3,62.5,Medium Risk
S03718,13,62,1,1,1,0,0,23,3,13,0,85,88,1,1,0,79.3,Medium Risk
S03719,13,62,1,1,1,0,0,21,2,2,0,61,64,0,1,2,62.5,Medium Risk
S03720,13,62,1,1,1,0,0,18,2,6,1,65,75,1,2,1,68.1,Medium Risk
S03721,13,62,1,1,1,0,0,25,3,7,1,81,49,1,0,3,62.5,Medium Risk
S03722,13,62,1,1,0,1,0,23,3,13,0,85,88,1,1,0,79.3,Medium Risk
S03723,13,62,1,1,0,1,0,21,2,2,0,61,64,0,1,2,62.5,Medium Risk
S03724,13,62,1,1,0,1,0,18,2,6,1,65,75,1,2,1,68.1,Medium Risk
S03725,13,62,1,1,0,1,0,25,3,7,1,81,49,1,0,3,62.5,Medium Risk
S03726,20,79,0,1,0,0,0,26,1,18,1,67,51,1,1,3,64.2,Low Risk
S03727,20,79,1,1,2,1,0,26,1,18,1,67,51,1,1,3,64.2,Low Risk
S03728,20,79,1,0,1,1,0,26,1,18,1,67,51,1,1,3,64.2,Low Risk
S03729,20,79,1,0,0,1,0,26,1,18,1,67,51,1,1,3,64.2,Low Risk
S03730,20,79,0,1,0,1,0,26,1,18,1,67,51,1,1,3,64.2,Low Risk
S03731,20,79,1,1,1,1,0,26,1,18,1,67,51,1,1,3,64.2,Low Risk
S03732,21,88,1,1,2,1,1,18,3,5,1,78,97,0,2,0,88.6,Low Risk
S03733,21,88,1,1,2,1,1,27,0,6,1,51,57,1,1,2,64.5,Low Risk
S03734,21,88,1,1,0,0,1,18,3,5,1,78,97,0,2,0,88.6,Low Risk
S03735,21,88,1,1,0,0,1,27,0,6,1,51,57,1,1,2,64.5,Low Risk
S03736,21,88,0,1,1,1,1,18,3,5,1,78,97,0,2,0,88.6,Low Risk
S03737,21,88,0,1,1,1,1,27,0,6,1,51,57,1,1,2,64.5,Low Risk
S03738,21,88,0,0,1,1,1,18,3,5,1,78,97,0,2,0,88.6,Low Risk
S03739,21,88,0,0,1,1,1,27,0,6,1,51,57,1,1,2,64.5,Low Risk
S03740,21,88,1,0,1,1,1,18,3,5,1,78,97,0,2,0,88.6,Low Risk
S03741,21,88,1,0,1,1,1,27,0,6,1,51,57,1,1,2,64.5,Low Risk
S03742,21,88,0,0,1,1,1,18,3,5,1,78,97,0,2,0,88.6,Low Risk
S03743,21,88,0,0,1,1,1,27,0,6,1,51,57,1,1,2,64.5,Low Risk
S03744,21,88,1,0,0,1,1,18,3,5,1,78,97,0,2,0,88.6,Low Risk
S03745,21,88,1,0,0,1,1,27,0,6,1,51,57,1,1,2,64.5,Low Risk
S03746,19,79,2,0,0,1,0,23,0,6,0,76,61,1,1,2,70.9,Low Risk
S03747,19,79,2,0,0,1,0,23,2,10,1,61,97,0,2,0,80.80000000000001,Low Risk
S03748,19,79,2,0,0,1,0,18,0,1,0,60,67,0,2,2,68.5,Low Risk
S03749,19,79,2,1,1,1,0,23,0,6,0,76,61,1,1,2,70.9,Low Risk
S03750,19,79,2,1,1,1,0,23,2,10,1,61,97,0,2,0,80.80000000000001,Low Risk
S03751,19,79,2,1,1,1,0,18,0,1,0,60,67,0,2,2,68.5,Low Risk
S03752,19,79,1,1,2,1,0,23,0,6,0,76,61,1,1,2,70.9,Low Risk
S03753,19,79,1,1,2,1,0,23,2,10,1,61,97,0,2,0,80.80000000000001,Low Risk
S03754,19,79,1,1,2,1,0,18,0,1,0,60,67,0,2,2,68.5,Low Risk
S03755,19,79,1,1,1,1,0,23,0,6,0,76,61,1,1,2,70.9,Low Risk
S03756,19,79,1,1,1,1,0,23,2,10,1,61,97,0,2,0,80.80000000000001,Low Risk
S03757,19,79,1,1,1,1,0,18,0,1,0,60,67,0,2,2,68.5,Low Risk
S03758,19,79,1,1,0,1,0,23,0,6,0,76,61,1,1,2,70.9,Low Risk
S03759,19,79,1,1,0,1,0,23,2,10,1,61,97,0,2,0,80.80000000000001,Low Risk
S03760,19,79,1,1,0,1,0,18,0,1,0,60,67,0,2,2,68.5,Low Risk
S03761,24,69,2,0,0,1,1,28,2,9,1,61,72,0,2,1,67.8,Medium Risk
S03762,24,69,0,1,1,1,1,28,2,9,1,61,72,0,2,1,67.8,Medium Risk
S03763,24,69,2,1,1,1,1,28,2,9,1,61,72,0,2,1,67.8,Medium Risk
S03764,24,69,2,1,0,1,1,28,2,9,1,61,72,0,2,1,67.8,Medium Risk
S03765,24,69,0,1,1,1,1,28,2,9,1,61,72,0,2,1,67.8,Medium Risk
S03766,25,63,1,0,1,1,0,19,0,2,0,96,91,1,2,0,84.1,Medium Risk
S03767,25,63,0,1,1,1,0,19,0,2,0,96,91,1,2,0,84.1,Medium Risk
S03768,25,63,1,0,1,1,0,19,0,2,0,96,91,1,2,0,84.1,Medium Risk
S03769,17,83,1,0,1,1,0,20,2,4,0,87,67,1,1,2,77.8,Low Risk
S03770,17,83,1,0,0,1,0,20,2,4,0,87,67,1,1,2,77.8,Low Risk
S03771,17,83,1,0,1,1,0,20,2,4,0,87,67,1,1,2,77.8,Low Risk
S03772,17,85,0,0,2,1,0,19,1,15,0,64,81,1,0,1,77.1,Low Risk
S03773,17,85,0,0,2,1,0,29,0,16,1,53,97,1,2,0,80.2,Low Risk
S03774,17,85,0,1,0,1,0,19,1,15,0,64,81,1,0,1,77.1,Low Risk
S03775,17,85,0,1,0,1,0,29,0,16,1,53,97,1,2,0,80.2,Low Risk
S03776,17,85,1,1,1,1,0,19,1,15,0,64,81,1,0,1,77.1,Low Risk
S03777,17,85,1,1,1,1,0,29,0,16,1,53,97,1,2,0,80.2,Low Risk
S03778,17,85,2,1,1,1,0,19,1,15,0,64,81,1,0,1,77.1,Low Risk
S03779,17,85,2,1,1,1,0,29,0,16,1,53,97,1,2,0,80.2,Low Risk
S03780,17,85,1,1,1,1,0,19,1,15,0,64,81,1,0,1,77.1,Low Risk
S03781,17,85,1,1,1,1,0,29,0,16,1,53,97,1,2,0,80.2,Low Risk
S03782,17,85,2,1,1,1,0,19,1,15,0,64,81,1,0,1,77.1,Low Risk
S03783,17,85,2,1,1,1,0,29,0,16,1,53,97,1,2,0,80.2,Low Risk
S03784,18,80,0,1,1,1,0,24,1,3,1,86,54,1,2,3,71.4,Low Risk
S03785,18,80,0,1,1,1,0,24,1,14,0,74,61,1,2,2,70.6,Low Risk
S03786,18,80,0,1,1,1,0,29,2,17,0,90,71,1,0,1,79.4,Low Risk
S03787,18,80,0,1,1,1,0,24,0,16,0,74,83,1,0,1,79.4,Low Risk
S03788,18,80,2,1,1,1,0,24,1,3,1,86,54,1,2,3,71.4,Low Risk
S03789,18,80,2,1,1,1,0,24,1,14,0,74,61,1,2,2,70.6,Low Risk
S03790,18,80,2,1,1,1,0,29,2,17,0,90,71,1,0,1,79.4,Low Risk
S03791,18,80,2,1,1,1,0,24,0,16,0,74,83,1,0,1,79.4,Low Risk
S03792,18,80,0,1,1,1,0,24,1,3,1,86,54,1,2,3,71.4,Low Risk
S03793,18,80,0,1,1,1,0,24,1,14,0,74,61,1,2,2,70.6,Low Risk
S03794,18,80,0,1,1,1,0,29,2,17,0,90,71,1,0,1,79.4,Low Risk
S03795,18,80,0,1,1,1,0,24,0,16,0,74,83,1,0,1,79.4,Low Risk
S03796,6,93,1,0,2,1,0,26,3,4,1,83,81,0,1,1,85.19999999999999,Low Risk
S03797,11,94,0,1,2,0,0,18,3,13,1,86,41,1,2,3,70.4,Medium Risk
S03798,11,94,0,1,2,0,0,22,2,15,0,91,40,1,1,3,71.5,Medium Risk
S03799,11,94,0,1,2,0,0,22,1,14,1,75,50,1,2,3,70.7,Low Risk
S03800,11,94,0,1,2,0,0,21,0,18,1,83,100,1,2,0,93.10000000000001,Low Risk
S03801,11,94,2,1,2,1,0,18,3,13,1,86,41,1,2,3,70.4,Medium Risk
S03802,11,94,2,1,2,1,0,22,2,15,0,91,40,1,1,3,71.5,Medium Risk
S03803,11,94,2,1,2,1,0,22,1,14,1,75,50,1,2,3,70.7,Low Risk
S03804,11,94,2,1,2,1,0,21,0,18,1,83,100,1,2,0,93.10000000000001,Low Risk
S03805,11,94,1,0,1,1,0,18,3,13,1,86,41,1,2,3,70.4,Medium Risk
S03806,11,94,1,0,1,1,0,22,2,15,0,91,40,1,1,3,71.5,Medium Risk
S03807,11,94,1,0,1,1,0,22,1,14,1,75,50,1,2,3,70.7,Low Risk
S03808,11,94,1,0,1,1,0,21,0,18,1,83,100,1,2,0,93.10000000000001,Low Risk
S03809,28,85,2,1,1,1,1,27,2,19,1,75,87,1,2,0,82.80000000000001,Low Risk
S03810,28,85,2,1,1,1,1,22,1,0,1,54,43,0,0,3,58.9,Medium Risk
S03811,28,85,1,1,0,1,1,27,2,19,1,75,87,1,2,0,82.80000000000001,Low Risk
S03812,28,85,1,1,0,1,1,22,1,0,1,54,43,0,0,3,58.9,Medium Risk
S03813,28,85,1,1,0,1,1,27,2,19,1,75,87,1,2,0,82.80000000000001,Low Risk
S03814,28,85,1,1,0,1,1,22,1,0,1,54,43,0,0,3,58.9,Medium Risk
S03815,28,85,0,0,0,1,1,27,2,19,1,75,87,1,2,0,82.80000000000001,Low Risk
S03816,28,85,0,0,0,1,1,22,1,0,1,54,43,0,0,3,58.9,Medium Risk
S03817,30,61,2,1,1,1,0,23,2,14,1,89,83,1,2,1,78.2,Medium Risk
S03818,30,61,2,1,0,1,0,23,2,14,1,89,83,1,2,1,78.2,Medium Risk
S03819,19,88,0,0,1,1,0,27,3,10,0,77,45,0,1,3,67.5,Medium Risk
S03820,19,88,0,0,1,1,0,27,0,15,0,74,68,1,2,2,75.80000000000001,Low Risk
S03821,19,88,2,0,1,1,0,27,3,10,0,77,45,0,1,3,67.5,Medium Risk
S03822,19,88,2,0,1,1,0,27,0,15,0,74,68,1,2,2,75.80000000000001,Low Risk
S03823,38,86,2,1,0,1,1,21,2,11,1,99,53,1,0,3,76.7,Low Risk
S03824,27,74,2,0,1,1,0,28,2,14,1,83,45,1,0,3,65.1,Medium Risk
S03825,27,74,2,0,1,1,0,28,1,14,1,66,57,1,1,2,64.8,Medium Risk
S03826,27,74,2,0,1,1,0,20,3,6,1,76,62,1,1,2,69.8,Medium Risk
S03827,27,74,2,0,1,1,0,19,0,8,1,66,69,1,2,2,69.60000000000001,Medium Risk
S03828,27,74,2,1,0,1,0,28,2,14,1,83,45,1,0,3,65.1,Medium Risk
S03829,27,74,2,1,0,1,0,28,1,14,1,66,57,1,1,2,64.8,Medium Risk
S03830,27,74,2,1,0,1,0,20,3,6,1,76,62,1,1,2,69.8,Medium Risk
S03831,27,74,2,1,0,1,0,19,0,8,1,66,69,1,2,2,69.60000000000001,Medium Risk
S03832,27,74,2,0,1,1,0,28,2,14,1,83,45,1,0,3,65.1,Medium Risk
S03833,27,74,2,0,1,1,0,28,1,14,1,66,57,1,1,2,64.8,Medium Risk
S03834,27,74,2,0,1,1,0,20,3,6,1,76,62,1,1,2,69.8,Medium Risk
S03835,27,74,2,0,1,1,0,19,0,8,1,66,69,1,2,2,69.60000000000001,Medium Risk
S03836,14,65,1,1,1,1,0,26,0,18,1,72,75,1,2,1,71.1,Medium Risk
S03837,14,65,1,1,1,1,0,20,0,15,1,93,96,0,1,0,85.80000000000001,Medium Risk
S03838,14,65,2,1,0,1,0,26,0,18,1,72,75,1,2,1,71.1,Medium Risk
S03839,14,65,2,1,0,1,0,20,0,15,1,93,96,0,1,0,85.80000000000001,Medium Risk
S03840,21,60,2,1,0,1,0,19,2,13,0,79,76,0,1,1,72.1,Medium Risk
S03841,21,60,2,1,0,1,0,27,3,19,1,50,40,1,1,3,49.0,Medium Risk
S03842,21,60,2,1,0,1,0,19,0,4,0,63,74,1,2,1,66.5,Medium Risk
S03843,21,60,2,1,0,1,0,18,2,8,1,56,63,1,1,2,60.0,Medium Risk
S03844,21,60,0,0,1,1,0,19,2,13,0,79,76,0,1,1,72.1,Medium Risk
S03845,21,60,0,0,1,1,0,27,3,19,1,50,40,1,1,3,49.0,Medium Risk
S03846,21,60,0,0,1,1,0,19,0,4,0,63,74,1,2,1,66.5,Medium Risk
S03847,21,60,0,0,1,1,0,18,2,8,1,56,63,1,1,2,60.0,Medium Risk
S03848,15,97,1,1,1,1,1,28,3,14,0,82,98,0,0,0,92.89999999999999,Low Risk
S03849,15,97,1,1,1,1,1,24,1,20,0,53,97,1,1,0,83.8,Low Risk
S03850,15,97,1,1,1,1,1,19,0,8,1,69,41,1,2,3,66.2,Medium Risk
S03851,15,97,2,0,2,1,1,28,3,14,0,82,98,0,0,0,92.89999999999999,Low Risk
S03852,15,97,2,0,2,1,1,24,1,20,0,53,97,1,1,0,83.8,Low Risk
S03853,15,97,2,0,2,1,1,19,0,8,1,69,41,1,2,3,66.2,Medium Risk
S03854,11,65,2,0,1,1,0,28,0,4,0,91,78,0,0,1,78.0,Medium Risk
S03855,11,65,2,0,1,1,0,21,0,1,1,70,97,1,2,0,79.30000000000001,Medium Risk
S03856,11,65,0,1,1,1,0,28,0,4,0,91,78,0,0,1,78.0,Medium Risk
S03857,11,65,0,1,1,1,0,21,0,1,1,70,97,1,2,0,79.30000000000001,Medium Risk
S03858,14,73,1,1,1,1,0,18,2,4,1,90,75,1,0,1,78.9,Medium Risk
S03859,14,73,1,1,1,1,0,22,1,7,0,81,40,1,2,3,62.199999999999996,Medium Risk
S03860,14,73,1,1,1,1,0,22,3,1,1,95,69,1,1,2,78.0,Medium Risk
S03861,14,73,1,1,1,1,0,28,3,3,0,98,68,0,1,2,78.5,Medium Risk
S03862,14,73,1,1,1,1,0,28,3,2,1,60,75,1,0,1,69.9,Medium Risk
S03863,14,73,1,1,1,1,0,18,2,10,0,98,93,0,2,0,88.5,Medium Risk
S03864,14,73,1,1,1,1,0,28,1,1,0,53,68,0,2,2,65.0,Medium Risk
S03865,14,73,0,1,0,1,0,18,2,4,1,90,75,1,0,1,78.9,Medium Risk
S03866,14,73,0,1,0,1,0,22,1,7,0,81,40,1,2,3,62.199999999999996,Medium Risk
S03867,14,73,0,1,0,1,0,22,3,1,1,95,69,1,1,2,78.0,Medium Risk
S03868,14,73,0,1,0,1,0,28,3,3,0,98,68,0,1,2,78.5,Medium Risk
S03869,14,73,0,1,0,1,0,28,3,2,1,60,75,1,0,1,69.9,Medium Risk
S03870,14,73,0,1,0,1,0,18,2,10,0,98,93,0,2,0,88.5,Medium Risk
S03871,14,73,0,1,0,1,0,28,1,1,0,53,68,0,2,2,65.0,Medium Risk
S03872,14,73,2,1,1,1,0,18,2,4,1,90,75,1,0,1,78.9,Medium Risk
S03873,14,73,2,1,1,1,0,22,1,7,0,81,40,1,2,3,62.199999999999996,Medium Risk
S03874,14,73,2,1,1,1,0,22,3,1,1,95,69,1,1,2,78.0,Medium Risk
S03875,14,73,2,1,1,1,0,28,3,3,0,98,68,0,1,2,78.5,Medium Risk
S03876,14,73,2,1,1,1,0,28,3,2,1,60,75,1,0,1,69.9,Medium Risk
S03877,14,73,2,1,1,1,0,18,2,10,0,98,93,0,2,0,88.5,Medium Risk
S03878,14,73,2,1,1,1,0,28,1,1,0,53,68,0,2,2,65.0,Medium Risk
S03879,14,73,1,0,2,1,0,18,2,4,1,90,75,1,0,1,78.9,Medium Risk
S03880,14,73,1,0,2,1,0,22,1,7,0,81,40,1,2,3,62.199999999999996,Medium Risk
S03881,14,73,1,0,2,1,0,22,3,1,1,95,69,1,1,2,78.0,Medium Risk
S03882,14,73,1,0,2,1,0,28,3,3,0,98,68,0,1,2,78.5,Medium Risk
S03883,14,73,1,0,2,1,0,28,3,2,1,60,75,1,0,1,69.9,Medium Risk
S03884,14,73,1,0,2,1,0,18,2,10,0,98,93,0,2,0,88.5,Medium Risk
S03885,14,73,1,0,2,1,0,28,1,1,0,53,68,0,2,2,65.0,Medium Risk
S03886,14,73,1,1,2,1,0,18,2,4,1,90,75,1,0,1,78.9,Medium Risk
S03887,14,73,1,1,2,1,0,22,1,7,0,81,40,1,2,3,62.199999999999996,Medium Risk
S03888,14,73,1,1,2,1,0,22,3,1,1,95,69,1,1,2,78.0,Medium Risk
S03889,14,73,1,1,2,1,0,28,3,3,0,98,68,0,1,2,78.5,Medium Risk
S03890,14,73,1,1,2,1,0,28,3,2,1,60,75,1,0,1,69.9,Medium Risk
S03891,14,73,1,1,2,1,0,18,2,10,0,98,93,0,2,0,88.5,Medium Risk
S03892,14,73,1,1,2,1,0,28,1,1,0,53,68,0,2,2,65.0,Medium Risk
S03893,30,75,2,0,2,1,0,22,1,15,1,96,40,0,1,3,67.3,Medium Risk
S03894,30,75,2,0,2,1,0,22,1,17,0,60,63,1,0,2,65.7,Low Risk
S03895,30,75,2,0,2,1,0,19,0,3,0,77,92,1,0,0,82.4,Low Risk
S03896,30,75,2,0,2,1,0,23,1,16,1,55,69,1,0,2,66.6,Low Risk
S03897,30,75,2,0,2,1,0,22,0,12,1,57,64,1,1,2,65.2,Low Risk
S03898,20,61,0,1,1,1,0,27,1,13,0,68,56,1,2,2,61.099999999999994,Medium Risk
S03899,20,61,0,1,1,1,0,29,2,1,1,91,70,0,0,1,73.6,Medium Risk
S03900,20,61,0,1,1,1,0,25,1,18,1,72,82,1,2,1,72.7,Medium Risk
S03901,20,61,0,1,1,1,0,28,2,9,0,69,91,1,2,0,75.39999999999999,Medium Risk
S03902,20,61,0,1,0,1,0,27,1,13,0,68,56,1,2,2,61.099999999999994,Medium Risk
S03903,20,61,0,1,0,1,0,29,2,1,1,91,70,0,0,1,73.6,Medium Risk
S03904,20,61,0,1,0,1,0,25,1,18,1,72,82,1,2,1,72.7,Medium Risk
S03905,20,61,0,1,0,1,0,28,2,9,0,69,91,1,2,0,75.39999999999999,Medium Risk
S03906,20,61,2,1,1,1,0,27,1,13,0,68,56,1,2,2,61.099999999999994,Medium Risk
S03907,20,61,2,1,1,1,0,29,2,1,1,91,70,0,0,1,73.6,Medium Risk
S03908,20,61,2,1,1,1,0,25,1,18,1,72,82,1,2,1,72.7,Medium Risk
S03909,20,61,2,1,1,1,0,28,2,9,0,69,91,1,2,0,75.39999999999999,Medium Risk
S03910,20,61,2,0,1,1,0,27,1,13,0,68,56,1,2,2,61.099999999999994,Medium Risk
S03911,20,61,2,0,1,1,0,29,2,1,1,91,70,0,0,1,73.6,Medium Risk
S03912,20,61,2,0,1,1,0,25,1,18,1,72,82,1,2,1,72.7,Medium Risk
S03913,20,61,2,0,1,1,0,28,2,9,0,69,91,1,2,0,75.39999999999999,Medium Risk
S03914,20,61,2,0,1,1,0,27,1,13,0,68,56,1,2,2,61.099999999999994,Medium Risk
S03915,20,61,2,0,1,1,0,29,2,1,1,91,70,0,0,1,73.6,Medium Risk
S03916,20,61,2,0,1,1,0,25,1,18,1,72,82,1,2,1,72.7,Medium Risk
S03917,20,61,2,0,1,1,0,28,2,9,0,69,91,1,2,0,75.39999999999999,Medium Risk
S03918,15,73,0,1,1,1,1,29,0,1,1,59,78,0,2,1,70.80000000000001,Medium Risk
S03919,15,73,2,0,0,1,1,29,0,1,1,59,78,0,2,1,70.80000000000001,Medium Risk
S03920,15,73,2,1,1,1,1,29,0,1,1,59,78,0,2,1,70.80000000000001,Medium Risk
S03921,15,73,2,0,1,1,1,29,0,1,1,59,78,0,2,1,70.80000000000001,Medium Risk
S03922,15,73,2,0,0,0,1,29,0,1,1,59,78,0,2,1,70.80000000000001,Medium Risk
S03923,29,92,1,1,2,1,1,28,0,19,0,99,83,0,1,1,90.5,Low Risk
S03924,29,92,1,1,2,1,1,20,1,2,1,55,49,1,1,3,63.7,Medium Risk
S03925,29,92,0,1,1,1,1,28,0,19,0,99,83,0,1,1,90.5,Low Risk
S03926,29,92,0,1,1,1,1,20,1,2,1,55,49,1,1,3,63.7,Medium Risk
S03927,29,92,2,0,0,1,1,28,0,19,0,99,83,0,1,1,90.5,Low Risk
S03928,29,92,2,0,0,1,1,20,1,2,1,55,49,1,1,3,63.7,Medium Risk
S03929,23,88,1,1,1,1,1,18,2,5,1,86,45,0,1,3,70.19999999999999,Medium Risk
S03930,23,88,1,1,1,1,1,23,3,19,0,84,93,0,2,0,88.80000000000001,Low Risk
S03931,23,88,1,1,1,1,1,25,1,11,0,91,91,1,0,0,90.1,Low Risk
S03932,23,88,1,1,1,1,1,29,0,16,1,81,96,0,1,0,89.1,Low Risk
S03933,23,88,1,0,1,1,1,18,2,5,1,86,45,0,1,3,70.19999999999999,Medium Risk
S03934,23,88,1,0,1,1,1,23,3,19,0,84,93,0,2,0,88.80000000000001,Low Risk
S03935,23,88,1,0,1,1,1,25,1,11,0,91,91,1,0,0,90.1,Low Risk
S03936,23,88,1,0,1,1,1,29,0,16,1,81,96,0,1,0,89.1,Low Risk
S03937,23,88,2,0,0,0,1,18,2,5,1,86,45,0,1,3,70.19999999999999,Medium Risk
S03938,23,88,2,0,0,0,1,23,3,19,0,84,93,0,2,0,88.80000000000001,Low Risk
S03939,23,88,2,0,0,0,1,25,1,11,0,91,91,1,0,0,90.1,Low Risk
S03940,23,88,2,0,0,0,1,29,0,16,1,81,96,0,1,0,89.1,Low Risk
S03941,23,88,0,1,1,1,1,18,2,5,1,86,45,0,1,3,70.19999999999999,Medium Risk
S03942,23,88,0,1,1,1,1,23,3,19,0,84,93,0,2,0,88.80000000000001,Low Risk
S03943,23,88,0,1,1,1,1,25,1,11,0,91,91,1,0,0,90.1,Low Risk
S03944,23,88,0,1,1,1,1,29,0,16,1,81,96,0,1,0,89.1,Low Risk
S03945,23,88,0,1,1,1,1,18,2,5,1,86,45,0,1,3,70.19999999999999,Medium Risk
S03946,23,88,0,1,1,1,1,23,3,19,0,84,93,0,2,0,88.80000000000001,Low Risk
S03947,23,88,0,1,1,1,1,25,1,11,0,91,91,1,0,0,90.1,Low Risk
S03948,23,88,0,1,1,1,1,29,0,16,1,81,96,0,1,0,89.1,Low Risk
S03949,23,88,1,1,0,1,1,18,2,5,1,86,45,0,1,3,70.19999999999999,Medium Risk
S03950,23,88,1,1,0,1,1,23,3,19,0,84,93,0,2,0,88.80000000000001,Low Risk
S03951,23,88,1,1,0,1,1,25,1,11,0,91,91,1,0,0,90.1,Low Risk
S03952,23,88,1,1,0,1,1,29,0,16,1,81,96,0,1,0,89.1,Low Risk
S03953,23,88,1,0,1,1,1,18,2,5,1,86,45,0,1,3,70.19999999999999,Medium Risk
S03954,23,88,1,0,1,1,1,23,3,19,0,84,93,0,2,0,88.80000000000001,Low Risk
S03955,23,88,1,0,1,1,1,25,1,11,0,91,91,1,0,0,90.1,Low Risk
S03956,23,88,1,0,1,1,1,29,0,16,1,81,96,0,1,0,89.1,Low Risk
S03957,14,89,2,1,1,1,1,25,3,8,1,88,51,0,2,3,73.5,Low Risk
S03958,14,89,2,1,1,1,1,19,0,15,1,74,65,1,1,2,74.9,Low Risk
S03959,14,89,2,0,0,1,1,25,3,8,1,88,51,0,2,3,73.5,Low Risk
S03960,14,89,2,0,0,1,1,19,0,15,1,74,65,1,1,2,74.9,Low Risk
S03961,14,89,2,1,0,1,1,25,3,8,1,88,51,0,2,3,73.5,Low Risk
S03962,14,89,2,1,0,1,1,19,0,15,1,74,65,1,1,2,74.9,Low Risk
S03963,14,89,1,1,2,1,1,25,3,8,1,88,51,0,2,3,73.5,Low Risk
S03964,14,89,1,1,2,1,1,19,0,15,1,74,65,1,1,2,74.9,Low Risk
S03965,15,72,2,0,1,1,0,21,1,16,0,97,95,1,2,0,88.69999999999999,Medium Risk
S03966,15,72,2,0,1,1,0,28,1,14,1,73,57,0,1,2,66.3,Medium Risk
S03967,15,72,2,0,1,1,0,20,3,1,1,99,73,0,1,1,80.5,Medium Risk
S03968,15,72,2,0,1,1,0,23,0,0,1,70,86,0,2,0,77.0,Medium Risk
S03969,15,72,1,1,2,1,0,21,1,16,0,97,95,1,2,0,88.69999999999999,Medium Risk
S03970,15,72,1,1,2,1,0,28,1,14,1,73,57,0,1,2,66.3,Medium Risk
S03971,15,72,1,1,2,1,0,20,3,1,1,99,73,0,1,1,80.5,Medium Risk
S03972,15,72,1,1,2,1,0,23,0,0,1,70,86,0,2,0,77.0,Medium Risk
S03973,15,72,0,1,1,1,0,21,1,16,0,97,95,1,2,0,88.69999999999999,Medium Risk
S03974,15,72,0,1,1,1,0,28,1,14,1,73,57,0,1,2,66.3,Medium Risk
S03975,15,72,0,1,1,1,0,20,3,1,1,99,73,0,1,1,80.5,Medium Risk
S03976,15,72,0,1,1,1,0,23,0,0,1,70,86,0,2,0,77.0,Medium Risk
S03977,12,64,0,1,2,1,1,22,2,2,0,64,84,1,1,1,72.0,Medium Risk
S03978,12,64,0,1,2,1,1,23,3,6,0,54,88,1,2,0,70.60000000000001,Medium Risk
S03979,12,64,0,1,2,1,1,23,1,1,0,86,51,1,2,3,65.4,Medium Risk
S03980,12,64,0,0,1,1,1,22,2,2,0,64,84,1,1,1,72.0,Medium Risk
S03981,12,64,0,0,1,1,1,23,3,6,0,54,88,1,2,0,70.60000000000001,Medium Risk
S03982,12,64,0,0,1,1,1,23,1,1,0,86,51,1,2,3,65.4,Medium Risk
S03983,12,64,1,0,0,0,1,22,2,2,0,64,84,1,1,1,72.0,Medium Risk
S03984,12,64,1,0,0,0,1,23,3,6,0,54,88,1,2,0,70.60000000000001,Medium Risk
S03985,12,64,1,0,0,0,1,23,1,1,0,86,51,1,2,3,65.4,Medium Risk
S03986,12,64,2,1,1,0,1,22,2,2,0,64,84,1,1,1,72.0,Medium Risk
S03987,12,64,2,1,1,0,1,23,3,6,0,54,88,1,2,0,70.60000000000001,Medium Risk
S03988,12,64,2,1,1,0,1,23,1,1,0,86,51,1,2,3,65.4,Medium Risk
S03989,31,93,0,1,1,1,1,19,1,8,0,62,66,1,1,2,72.9,Low Risk
S03990,31,93,0,1,1,1,1,18,0,7,1,89,94,0,1,0,92.19999999999999,Low Risk
S03991,31,93,0,1,1,1,1,23,2,15,1,62,66,0,2,2,72.9,Low Risk
S03992,31,93,0,0,0,1,1,19,1,8,0,62,66,1,1,2,72.9,Low Risk
S03993,31,93,0,0,0,1,1,18,0,7,1,89,94,0,1,0,92.19999999999999,Low Risk
S03994,31,93,0,0,0,1,1,23,2,15,1,62,66,0,2,2,72.9,Low Risk
S03995,31,93,1,0,1,1,1,19,1,8,0,62,66,1,1,2,72.9,Low Risk
S03996,31,93,1,0,1,1,1,18,0,7,1,89,94,0,1,0,92.19999999999999,Low Risk
S03997,31,93,1,0,1,1,1,23,2,15,1,62,66,0,2,2,72.9,Low Risk
S03998,12,99,1,0,0,1,0,22,2,4,0,92,72,1,0,1,86.1,Low Risk
S03999,12,99,1,0,0,1,0,23,0,8,1,56,85,1,0,0,80.5,Low Risk
S04000,12,99,2,0,1,1,0,22,2,4,0,92,72,1,0,1,86.1,Low Risk
S04001,12,99,2,0,1,1,0,23,0,8,1,56,85,1,0,0,80.5,Low Risk
S04002,12,99,1,1,0,1,0,22,2,4,0,92,72,1,0,1,86.1,Low Risk
S04003,12,99,1,1,0,1,0,23,0,8,1,56,85,1,0,0,80.5,Low Risk
S04004,23,80,1,1,0,1,0,20,3,12,0,54,47,0,2,3,59.0,Medium Risk
S04005,23,80,1,1,0,1,0,21,1,4,1,97,79,1,2,1,84.7,Low Risk
S04006,23,80,1,1,0,1,0,19,1,4,0,83,68,0,2,2,76.1,Low Risk
S04007,23,80,1,1,0,1,0,29,2,17,1,73,81,0,0,1,78.3,Low Risk
S04008,23,80,0,1,1,1,0,20,3,12,0,54,47,0,2,3,59.0,Medium Risk
S04009,23,80,0,1,1,1,0,21,1,4,1,97,79,1,2,1,84.7,Low Risk
S04010,23,80,0,1,1,1,0,19,1,4,0,83,68,0,2,2,76.1,Low Risk
S04011,23,80,0,1,1,1,0,29,2,17,1,73,81,0,0,1,78.3,Low Risk
S04012,23,80,0,1,2,1,0,20,3,12,0,54,47,0,2,3,59.0,Medium Risk
S04013,23,80,0,1,2,1,0,21,1,4,1,97,79,1,2,1,84.7,Low Risk
S04014,23,80,0,1,2,1,0,19,1,4,0,83,68,0,2,2,76.1,Low Risk
S04015,23,80,0,1,2,1,0,29,2,17,1,73,81,0,0,1,78.3,Low Risk
S04016,23,80,1,0,0,1,0,20,3,12,0,54,47,0,2,3,59.0,Medium Risk
S04017,23,80,1,0,0,1,0,21,1,4,1,97,79,1,2,1,84.7,Low Risk
S04018,23,80,1,0,0,1,0,19,1,4,0,83,68,0,2,2,76.1,Low Risk
S04019,23,80,1,0,0,1,0,29,2,17,1,73,81,0,0,1,78.3,Low Risk
S04020,16,60,1,1,0,1,0,21,1,0,1,58,77,1,2,1,66.2,Medium Risk
S04021,16,60,1,1,0,1,0,19,2,11,1,72,57,0,0,2,62.4,Medium Risk
S04022,16,60,1,1,0,1,0,25,3,13,1,99,46,0,1,3,66.1,Medium Risk
S04023,16,60,2,0,0,1,0,21,1,0,1,58,77,1,2,1,66.2,Medium Risk
S04024,16,60,2,0,0,1,0,19,2,11,1,72,57,0,0,2,62.4,Medium Risk
S04025,16,60,2,0,0,1,0,25,3,13,1,99,46,0,1,3,66.1,Medium Risk
S04026,20,63,0,1,0,1,0,27,0,12,1,99,60,1,2,2,72.6,Medium Risk
S04027,20,63,0,1,0,1,0,21,0,19,0,98,50,0,0,3,68.3,Medium Risk
S04028,20,63,0,1,0,1,0,26,3,5,1,83,68,1,2,2,71.0,Medium Risk
S04029,20,63,0,1,1,1,0,27,0,12,1,99,60,1,2,2,72.6,Medium Risk
S04030,20,63,0,1,1,1,0,21,0,19,0,98,50,0,0,3,68.3,Medium Risk
S04031,20,63,0,1,1,1,0,26,3,5,1,83,68,1,2,2,71.0,Medium Risk
S04032,20,63,1,1,1,0,0,27,0,12,1,99,60,1,2,2,72.6,Medium Risk
S04033,20,63,1,1,1,0,0,21,0,19,0,98,50,0,0,3,68.3,Medium Risk
S04034,20,63,1,1,1,0,0,26,3,5,1,83,68,1,2,2,71.0,Medium Risk
S04035,20,63,0,0,0,1,0,27,0,12,1,99,60,1,2,2,72.6,Medium Risk
S04036,20,63,0,0,0,1,0,21,0,19,0,98,50,0,0,3,68.3,Medium Risk
S04037,20,63,0,0,0,1,0,26,3,5,1,83,68,1,2,2,71.0,Medium Risk
S04038,20,63,1,1,0,1,0,27,0,12,1,99,60,1,2,2,72.6,Medium Risk
S04039,20,63,1,1,0,1,0,21,0,19,0,98,50,0,0,3,68.3,Medium Risk
S04040,20,63,1,1,0,1,0,26,3,5,1,83,68,1,2,2,71.0,Medium Risk
S04041,15,98,2,1,0,1,0,25,2,17,0,87,64,1,1,2,81.1,Low Risk
S04042,15,98,2,1,0,1,0,18,2,9,0,58,67,1,2,2,73.6,Low Risk
S04043,15,98,0,0,0,0,0,25,2,17,0,87,64,1,1,2,81.1,Low Risk
S04044,15,98,0,0,0,0,0,18,2,9,0,58,67,1,2,2,73.6,Low Risk
S04045,15,98,2,0,1,1,0,25,2,17,0,87,64,1,1,2,81.1,Low Risk
S04046,15,98,2,0,1,1,0,18,2,9,0,58,67,1,2,2,73.6,Low Risk
S04047,15,98,1,1,1,1,0,25,2,17,0,87,64,1,1,2,81.1,Low Risk
S04048,15,98,1,1,1,1,0,18,2,9,0,58,67,1,2,2,73.6,Low Risk
S04049,15,98,1,1,2,1,0,25,2,17,0,87,64,1,1,2,81.1,Low Risk
S04050,15,98,1,1,2,1,0,18,2,9,0,58,67,1,2,2,73.6,Low Risk
S04051,15,98,2,1,1,1,0,25,2,17,0,87,64,1,1,2,81.1,Low Risk
S04052,15,98,2,1,1,1,0,18,2,9,0,58,67,1,2,2,73.6,Low Risk
S04053,22,75,1,0,0,1,1,23,2,14,0,99,60,1,2,2,76.2,Low Risk
S04054,22,75,1,0,0,1,1,18,0,0,1,93,84,0,0,1,84.0,Low Risk
S04055,22,75,2,1,0,1,1,23,2,14,0,99,60,1,2,2,76.2,Low Risk
S04056,22,75,2,1,0,1,1,18,0,0,1,93,84,0,0,1,84.0,Low Risk
S04057,22,75,0,1,0,1,1,23,2,14,0,99,60,1,2,2,76.2,Low Risk
S04058,22,75,0,1,0,1,1,18,0,0,1,93,84,0,0,1,84.0,Low Risk
S04059,22,75,1,0,0,1,1,23,2,14,0,99,60,1,2,2,76.2,Low Risk
S04060,22,75,1,0,0,1,1,18,0,0,1,93,84,0,0,1,84.0,Low Risk
S04061,22,75,2,1,0,1,1,23,2,14,0,99,60,1,2,2,76.2,Low Risk
S04062,22,75,2,1,0,1,1,18,0,0,1,93,84,0,0,1,84.0,Low Risk
S04063,22,75,1,1,0,1,1,23,2,14,0,99,60,1,2,2,76.2,Low Risk
S04064,22,75,1,1,0,1,1,18,0,0,1,93,84,0,0,1,84.0,Low Risk
S04065,22,75,1,1,2,1,1,23,2,14,0,99,60,1,2,2,76.2,Low Risk
S04066,22,75,1,1,2,1,1,18,0,0,1,93,84,0,0,1,84.0,Low Risk
S04067,22,75,2,0,0,1,1,23,2,14,0,99,60,1,2,2,76.2,Low Risk
S04068,22,75,2,0,0,1,1,18,0,0,1,93,84,0,0,1,84.0,Low Risk
S04069,15,90,0,1,0,1,1,22,3,7,1,55,43,0,2,3,60.7,Medium Risk
S04070,15,90,0,1,0,1,1,28,0,20,1,81,96,1,2,0,89.7,Low Risk
S04071,15,90,1,0,1,1,1,22,3,7,1,55,43,0,2,3,60.7,Medium Risk
S04072,15,90,1,0,1,1,1,28,0,20,1,81,96,1,2,0,89.7,Low Risk
S04073,17,84,0,1,2,1,0,24,1,18,1,85,94,0,2,0,88.3,Low Risk
S04074,17,84,0,1,2,1,0,27,3,10,1,84,68,0,2,2,77.60000000000001,Low Risk
S04075,17,84,0,1,2,1,0,18,0,20,0,88,65,1,0,2,77.6,Low Risk
S04076,17,84,0,1,2,1,0,22,2,18,1,54,90,1,2,0,77.4,Low Risk
S04077,17,84,0,1,2,1,0,22,3,11,0,77,49,1,1,3,67.9,Medium Risk
S04078,17,84,1,1,0,1,0,24,1,18,1,85,94,0,2,0,88.3,Low Risk
S04079,17,84,1,1,0,1,0,27,3,10,1,84,68,0,2,2,77.60000000000001,Low Risk
S04080,17,84,1,1,0,1,0,18,0,20,0,88,65,1,0,2,77.6,Low Risk
S04081,17,84,1,1,0,1,0,22,2,18,1,54,90,1,2,0,77.4,Low Risk
S04082,17,84,1,1,0,1,0,22,3,11,0,77,49,1,1,3,67.9,Medium Risk
S04083,17,84,2,0,1,1,0,24,1,18,1,85,94,0,2,0,88.3,Low Risk
S04084,17,84,2,0,1,1,0,27,3,10,1,84,68,0,2,2,77.60000000000001,Low Risk
S04085,17,84,2,0,1,1,0,18,0,20,0,88,65,1,0,2,77.6,Low Risk
S04086,17,84,2,0,1,1,0,22,2,18,1,54,90,1,2,0,77.4,Low Risk
S04087,17,84,2,0,1,1,0,22,3,11,0,77,49,1,1,3,67.9,Medium Risk
S04088,17,84,2,1,1,1,0,24,1,18,1,85,94,0,2,0,88.3,Low Risk
S04089,17,84,2,1,1,1,0,27,3,10,1,84,68,0,2,2,77.60000000000001,Low Risk
S04090,17,84,2,1,1,1,0,18,0,20,0,88,65,1,0,2,77.6,Low Risk
S04091,17,84,2,1,1,1,0,22,2,18,1,54,90,1,2,0,77.4,Low Risk
S04092,17,84,2,1,1,1,0,22,3,11,0,77,49,1,1,3,67.9,Medium Risk
S04093,25,85,2,0,2,1,0,18,2,16,1,69,70,1,2,1,74.2,Low Risk
S04094,25,85,2,0,2,1,0,21,0,3,0,96,50,1,2,3,74.3,Low Risk
S04095,25,85,2,0,2,1,0,24,0,4,1,78,76,1,1,1,79.3,Low Risk
S04096,25,85,1,0,0,1,0,18,2,16,1,69,70,1,2,1,74.2,Low Risk
S04097,25,85,1,0,0,1,0,21,0,3,0,96,50,1,2,3,74.3,Low Risk
S04098,25,85,1,0,0,1,0,24,0,4,1,78,76,1,1,1,79.3,Low Risk
S04099,25,85,1,0,0,1,0,18,2,16,1,69,70,1,2,1,74.2,Low Risk
S04100,25,85,1,0,0,1,0,21,0,3,0,96,50,1,2,3,74.3,Low Risk
S04101,25,85,1,0,0,1,0,24,0,4,1,78,76,1,1,1,79.3,Low Risk
S04102,25,85,1,1,1,1,0,18,2,16,1,69,70,1,2,1,74.2,Low Risk
S04103,25,85,1,1,1,1,0,21,0,3,0,96,50,1,2,3,74.3,Low Risk
S04104,25,85,1,1,1,1,0,24,0,4,1,78,76,1,1,1,79.3,Low Risk
S04105,25,85,2,0,1,1,0,18,2,16,1,69,70,1,2,1,74.2,Low Risk
S04106,25,85,2,0,1,1,0,21,0,3,0,96,50,1,2,3,74.3,Low Risk
S04107,25,85,2,0,1,1,0,24,0,4,1,78,76,1,1,1,79.3,Low Risk
S04108,25,85,2,0,1,1,0,18,2,16,1,69,70,1,2,1,74.2,Low Risk
S04109,25,85,2,0,1,1,0,21,0,3,0,96,50,1,2,3,74.3,Low Risk
S04110,25,85,2,0,1,1,0,24,0,4,1,78,76,1,1,1,79.3,Low Risk
S04111,23,86,1,1,0,1,0,20,0,3,1,81,85,1,2,0,84.1,Low Risk
S04112,23,86,2,1,0,1,0,20,0,3,1,81,85,1,2,0,84.1,Low Risk
S04113,23,86,2,1,1,1,0,20,0,3,1,81,85,1,2,0,84.1,Low Risk
S04114,23,86,1,0,0,1,0,20,0,3,1,81,85,1,2,0,84.1,Low Risk
S04115,23,86,1,1,2,1,0,20,0,3,1,81,85,1,2,0,84.1,Low Risk
S04116,23,86,2,0,0,1,0,20,0,3,1,81,85,1,2,0,84.1,Low Risk
S04117,14,85,1,0,0,1,1,19,1,4,1,58,56,1,0,2,65.3,Low Risk
S04118,14,85,1,0,0,1,1,23,0,4,0,88,65,1,2,2,77.9,Low Risk
S04119,14,85,1,0,0,1,1,19,3,6,0,73,87,1,2,0,82.2,Low Risk
S04120,14,85,1,1,0,1,1,19,1,4,1,58,56,1,0,2,65.3,Low Risk
S04121,14,85,1,1,0,1,1,23,0,4,0,88,65,1,2,2,77.9,Low Risk
S04122,14,85,1,1,0,1,1,19,3,6,0,73,87,1,2,0,82.2,Low Risk
S04123,14,85,2,1,1,1,1,19,1,4,1,58,56,1,0,2,65.3,Low Risk
S04124,14,85,2,1,1,1,1,23,0,4,0,88,65,1,2,2,77.9,Low Risk
S04125,14,85,2,1,1,1,1,19,3,6,0,73,87,1,2,0,82.2,Low Risk
S04126,14,85,0,1,1,1,1,19,1,4,1,58,56,1,0,2,65.3,Low Risk
S04127,14,85,0,1,1,1,1,23,0,4,0,88,65,1,2,2,77.9,Low Risk
S04128,14,85,0,1,1,1,1,19,3,6,0,73,87,1,2,0,82.2,Low Risk
S04129,14,85,1,0,1,1,1,19,1,4,1,58,56,1,0,2,65.3,Low Risk
S04130,14,85,1,0,1,1,1,23,0,4,0,88,65,1,2,2,77.9,Low Risk
S04131,14,85,1,0,1,1,1,19,3,6,0,73,87,1,2,0,82.2,Low Risk
S04132,21,82,1,0,1,1,1,25,0,8,1,78,46,1,2,3,66.39999999999999,Medium Risk
S04133,21,82,1,0,1,1,1,19,1,8,1,80,91,1,0,0,85.0,Low Risk
S04134,21,82,0,1,2,1,1,25,0,8,1,78,46,1,2,3,66.39999999999999,Medium Risk
S04135,21,82,0,1,2,1,1,19,1,8,1,80,91,1,0,0,85.0,Low Risk
S04136,21,82,2,1,0,1,1,25,0,8,1,78,46,1,2,3,66.39999999999999,Medium Risk
S04137,21,82,2,1,0,1,1,19,1,8,1,80,91,1,0,0,85.0,Low Risk
S04138,21,82,2,0,1,1,1,25,0,8,1,78,46,1,2,3,66.39999999999999,Medium Risk
S04139,21,82,2,0,1,1,1,19,1,8,1,80,91,1,0,0,85.0,Low Risk
S04140,21,82,2,0,2,1,1,25,0,8,1,78,46,1,2,3,66.39999999999999,Medium Risk
S04141,21,82,2,0,2,1,1,19,1,8,1,80,91,1,0,0,85.0,Low Risk
S04142,25,99,1,1,2,1,1,19,3,11,0,99,97,1,2,0,98.2,Low Risk
S04143,25,99,1,1,2,1,1,18,1,4,0,80,48,0,1,3,72.9,Medium Risk
S04144,25,99,1,0,1,0,1,19,3,11,0,99,97,1,2,0,98.2,Low Risk
S04145,25,99,1,0,1,0,1,18,1,4,0,80,48,0,1,3,72.9,Medium Risk
S04146,25,99,1,0,1,1,1,19,3,11,0,99,97,1,2,0,98.2,Low Risk
S04147,25,99,1,0,1,1,1,18,1,4,0,80,48,0,1,3,72.9,Medium Risk
S04148,25,99,1,0,1,1,1,19,3,11,0,99,97,1,2,0,98.2,Low Risk
S04149,25,99,1,0,1,1,1,18,1,4,0,80,48,0,1,3,72.9,Medium Risk
S04150,25,99,2,0,1,1,1,19,3,11,0,99,97,1,2,0,98.2,Low Risk
S04151,25,99,2,0,1,1,1,18,1,4,0,80,48,0,1,3,72.9,Medium Risk
S04152,25,99,2,0,2,1,1,19,3,11,0,99,97,1,2,0,98.2,Low Risk
S04153,25,99,2,0,2,1,1,18,1,4,0,80,48,0,1,3,72.9,Medium Risk
S04154,25,99,1,1,1,1,1,19,3,11,0,99,97,1,2,0,98.2,Low Risk
S04155,25,99,1,1,1,1,1,18,1,4,0,80,48,0,1,3,72.9,Medium Risk
S04156,10,89,0,1,0,1,1,20,2,17,1,70,58,0,0,2,70.9,Low Risk
S04157,10,89,0,1,0,1,1,27,3,20,0,82,57,1,0,2,74.1,Low Risk
S04158,10,89,0,1,0,1,1,21,3,13,1,62,94,1,0,0,82.9,Low Risk
S04159,10,89,1,1,1,1,1,20,2,17,1,70,58,0,0,2,70.9,Low Risk
S04160,10,89,1,1,1,1,1,27,3,20,0,82,57,1,0,2,74.1,Low Risk
S04161,10,89,1,1,1,1,1,21,3,13,1,62,94,1,0,0,82.9,Low Risk
S04162,16,95,0,1,0,1,0,23,1,1,0,91,59,1,2,2,79.4,Low Risk
S04163,16,95,0,1,0,1,0,29,2,18,0,66,89,0,1,0,83.9,Low Risk
S04164,16,95,0,0,0,1,0,23,1,1,0,91,59,1,2,2,79.4,Low Risk
S04165,16,95,0,0,0,1,0,29,2,18,0,66,89,0,1,0,83.9,Low Risk
S04166,16,95,1,1,2,1,0,23,1,1,0,91,59,1,2,2,79.4,Low Risk
S04167,16,95,1,1,2,1,0,29,2,18,0,66,89,0,1,0,83.9,Low Risk
S04168,16,95,0,0,0,0,0,23,1,1,0,91,59,1,2,2,79.4,Low Risk
S04169,16,95,0,0,0,0,0,29,2,18,0,66,89,0,1,0,83.9,Low Risk
S04170,16,95,0,0,1,1,0,23,1,1,0,91,59,1,2,2,79.4,Low Risk
S04171,16,95,0,0,1,1,0,29,2,18,0,66,89,0,1,0,83.9,Low Risk
S04172,23,69,2,1,1,1,1,18,3,7,1,69,80,1,2,1,73.4,Medium Risk
S04173,23,69,1,1,1,1,1,18,3,7,1,69,80,1,2,1,73.4,Medium Risk
S04174,23,69,0,1,2,1,1,18,3,7,1,69,80,1,2,1,73.4,Medium Risk
S04175,23,69,0,1,0,0,1,18,3,7,1,69,80,1,2,1,73.4,Medium Risk
S04176,23,69,2,1,1,1,1,18,3,7,1,69,80,1,2,1,73.4,Medium Risk
S04177,15,63,0,0,0,1,0,28,2,12,1,93,78,1,1,1,78.0,Medium Risk
S04178,9,79,0,0,2,1,1,23,1,0,0,69,53,1,1,3,65.60000000000001,Low Risk
S04179,9,79,0,0,2,1,1,19,1,10,1,91,58,1,1,2,74.2,Low Risk
S04180,9,79,0,0,2,1,1,24,1,10,0,81,66,1,1,2,74.4,Low Risk
S04181,10,81,1,1,1,0,0,23,1,4,0,64,82,0,2,1,76.3,Low Risk
S04182,10,81,1,1,1,0,0,21,1,20,1,90,94,1,2,0,88.89999999999999,Low Risk
S04183,10,81,1,1,1,0,0,27,3,1,1,52,50,1,0,3,59.900000000000006,Low Risk
S04184,10,81,1,1,1,0,0,29,1,20,0,93,61,0,1,2,76.6,Low Risk
S04185,10,81,2,1,1,1,0,23,1,4,0,64,82,0,2,1,76.3,Low Risk
S04186,10,81,2,1,1,1,0,21,1,20,1,90,94,1,2,0,88.89999999999999,Low Risk
S04187,10,81,2,1,1,1,0,27,3,1,1,52,50,1,0,3,59.900000000000006,Low Risk
S04188,10,81,2,1,1,1,0,29,1,20,0,93,61,0,1,2,76.6,Low Risk
S04189,20,93,2,1,1,1,1,19,1,0,0,65,54,0,2,3,69.0,Low Risk
S04190,20,93,2,1,1,1,1,23,1,5,1,55,99,1,0,0,84.0,Low Risk
S04191,20,93,2,1,1,1,1,23,2,14,1,65,56,0,2,2,69.80000000000001,Low Risk
S04192,20,93,2,1,1,1,1,23,3,8,1,51,47,1,1,3,62.0,Medium Risk
S04193,20,93,1,1,0,1,1,19,1,0,0,65,54,0,2,3,69.0,Low Risk
S04194,20,93,1,1,0,1,1,23,1,5,1,55,99,1,0,0,84.0,Low Risk
S04195,20,93,1,1,0,1,1,23,2,14,1,65,56,0,2,2,69.80000000000001,Low Risk
S04196,20,93,1,1,0,1,1,23,3,8,1,51,47,1,1,3,62.0,Medium Risk
S04197,20,93,0,1,1,1,1,19,1,0,0,65,54,0,2,3,69.0,Low Risk
S04198,20,93,0,1,1,1,1,23,1,5,1,55,99,1,0,0,84.0,Low Risk
S04199,20,93,0,1,1,1,1,23,2,14,1,65,56,0,2,2,69.80000000000001,Low Risk
S04200,20,93,0,1,1,1,1,23,3,8,1,51,47,1,1,3,62.0,Medium Risk
S04201,20,93,1,1,1,1,1,19,1,0,0,65,54,0,2,3,69.0,Low Risk
S04202,20,93,1,1,1,1,1,23,1,5,1,55,99,1,0,0,84.0,Low Risk
S04203,20,93,1,1,1,1,1,23,2,14,1,65,56,0,2,2,69.80000000000001,Low Risk
S04204,20,93,1,1,1,1,1,23,3,8,1,51,47,1,1,3,62.0,Medium Risk
S04205,20,93,1,1,0,1,1,19,1,0,0,65,54,0,2,3,69.0,Low Risk
S04206,20,93,1,1,0,1,1,23,1,5,1,55,99,1,0,0,84.0,Low Risk
S04207,20,93,1,1,0,1,1,23,2,14,1,65,56,0,2,2,69.80000000000001,Low Risk
S04208,20,93,1,1,0,1,1,23,3,8,1,51,47,1,1,3,62.0,Medium Risk
S04209,20,93,1,1,1,1,1,19,1,0,0,65,54,0,2,3,69.0,Low Risk
S04210,20,93,1,1,1,1,1,23,1,5,1,55,99,1,0,0,84.0,Low Risk
S04211,20,93,1,1,1,1,1,23,2,14,1,65,56,0,2,2,69.80000000000001,Low Risk
S04212,20,93,1,1,1,1,1,23,3,8,1,51,47,1,1,3,62.0,Medium Risk
S04213,20,93,2,0,1,1,1,19,1,0,0,65,54,0,2,3,69.0,Low Risk
S04214,20,93,2,0,1,1,1,23,1,5,1,55,99,1,0,0,84.0,Low Risk
S04215,20,93,2,0,1,1,1,23,2,14,1,65,56,0,2,2,69.80000000000001,Low Risk
S04216,20,93,2,0,1,1,1,23,3,8,1,51,47,1,1,3,62.0,Medium Risk
S04217,20,93,1,0,2,1,1,19,1,0,0,65,54,0,2,3,69.0,Low Risk
S04218,20,93,1,0,2,1,1,23,1,5,1,55,99,1,0,0,84.0,Low Risk
S04219,20,93,1,0,2,1,1,23,2,14,1,65,56,0,2,2,69.80000000000001,Low Risk
S04220,20,93,1,0,2,1,1,23,3,8,1,51,47,1,1,3,62.0,Medium Risk
S04221,20,93,0,0,1,1,1,19,1,0,0,65,54,0,2,3,69.0,Low Risk
S04222,20,93,0,0,1,1,1,23,1,5,1,55,99,1,0,0,84.0,Low Risk
S04223,20,93,0,0,1,1,1,23,2,14,1,65,56,0,2,2,69.80000000000001,Low Risk
S04224,20,93,0,0,1,1,1,23,3,8,1,51,47,1,1,3,62.0,Medium Risk
S04225,22,78,1,1,0,1,1,19,3,13,1,95,60,0,2,2,75.9,Low Risk
S04226,22,78,1,1,0,1,1,27,3,9,1,58,73,1,1,1,70.0,Low Risk
S04227,22,78,1,1,0,1,1,22,3,10,0,87,65,0,0,2,75.5,Low Risk
S04228,22,78,2,1,1,1,1,19,3,13,1,95,60,0,2,2,75.9,Low Risk
S04229,22,78,2,1,1,1,1,27,3,9,1,58,73,1,1,1,70.0,Low Risk
S04230,22,78,2,1,1,1,1,22,3,10,0,87,65,0,0,2,75.5,Low Risk
S04231,22,78,1,0,1,1,1,19,3,13,1,95,60,0,2,2,75.9,Low Risk
S04232,22,78,1,0,1,1,1,27,3,9,1,58,73,1,1,1,70.0,Low Risk
S04233,22,78,1,0,1,1,1,22,3,10,0,87,65,0,0,2,75.5,Low Risk
S04234,22,78,1,1,1,1,1,19,3,13,1,95,60,0,2,2,75.9,Low Risk
S04235,22,78,1,1,1,1,1,27,3,9,1,58,73,1,1,1,70.0,Low Risk
S04236,22,78,1,1,1,1,1,22,3,10,0,87,65,0,0,2,75.5,Low Risk
S04237,22,78,2,0,0,1,1,19,3,13,1,95,60,0,2,2,75.9,Low Risk
S04238,22,78,2,0,0,1,1,27,3,9,1,58,73,1,1,1,70.0,Low Risk
S04239,22,78,2,0,0,1,1,22,3,10,0,87,65,0,0,2,75.5,Low Risk
S04240,22,78,2,1,0,1,1,19,3,13,1,95,60,0,2,2,75.9,Low Risk
S04241,22,78,2,1,0,1,1,27,3,9,1,58,73,1,1,1,70.0,Low Risk
S04242,22,78,2,1,0,1,1,22,3,10,0,87,65,0,0,2,75.5,Low Risk
S04243,22,78,1,1,1,1,1,19,3,13,1,95,60,0,2,2,75.9,Low Risk
S04244,22,78,1,1,1,1,1,27,3,9,1,58,73,1,1,1,70.0,Low Risk
S04245,22,78,1,1,1,1,1,22,3,10,0,87,65,0,0,2,75.5,Low Risk
S04246,22,78,0,0,2,1,1,19,3,13,1,95,60,0,2,2,75.9,Low Risk
S04247,22,78,0,0,2,1,1,27,3,9,1,58,73,1,1,1,70.0,Low Risk
S04248,22,78,0,0,2,1,1,22,3,10,0,87,65,0,0,2,75.5,Low Risk
S04249,24,81,0,0,1,1,0,25,0,20,0,64,43,1,2,3,60.7,Medium Risk
S04250,24,81,0,0,1,1,0,20,2,13,1,97,83,0,1,1,86.6,Low Risk
S04251,10,62,0,0,2,1,1,27,1,13,0,97,51,1,1,3,68.1,Medium Risk
S04252,10,62,0,0,2,1,1,20,1,0,1,60,68,1,2,2,63.8,Medium Risk
S04253,10,62,0,0,2,1,1,20,2,15,1,95,83,0,1,1,80.3,Medium Risk
S04254,10,62,0,0,2,1,1,24,1,10,0,98,65,0,1,2,74.0,Medium Risk
S04255,10,62,0,0,2,1,1,23,2,14,0,79,59,1,2,2,65.89999999999999,Medium Risk
S04256,10,62,1,0,2,1,1,27,1,13,0,97,51,1,1,3,68.1,Medium Risk
S04257,10,62,1,0,2,1,1,20,1,0,1,60,68,1,2,2,63.8,Medium Risk
S04258,10,62,1,0,2,1,1,20,2,15,1,95,83,0,1,1,80.3,Medium Risk
S04259,10,62,1,0,2,1,1,24,1,10,0,98,65,0,1,2,74.0,Medium Risk
S04260,10,62,1,0,2,1,1,23,2,14,0,79,59,1,2,2,65.89999999999999,Medium Risk
S04261,10,62,2,0,1,1,1,27,1,13,0,97,51,1,1,3,68.1,Medium Risk
S04262,10,62,2,0,1,1,1,20,1,0,1,60,68,1,2,2,63.8,Medium Risk
S04263,10,62,2,0,1,1,1,20,2,15,1,95,83,0,1,1,80.3,Medium Risk
S04264,10,62,2,0,1,1,1,24,1,10,0,98,65,0,1,2,74.0,Medium Risk
S04265,10,62,2,0,1,1,1,23,2,14,0,79,59,1,2,2,65.89999999999999,Medium Risk
S04266,20,85,1,0,2,1,1,25,1,20,1,52,53,1,1,3,62.300000000000004,Low Risk
S04267,20,85,1,0,2,1,1,28,2,1,0,98,67,1,2,2,81.7,Low Risk
S04268,20,85,1,0,2,1,1,28,3,5,1,50,75,1,2,1,70.5,Low Risk
S04269,20,85,1,0,2,1,1,20,2,7,0,97,81,1,1,1,87.0,Low Risk
S04270,20,85,1,0,2,1,1,22,3,5,1,54,41,1,1,3,58.1,Medium Risk
S04271,20,85,1,1,0,1,1,25,1,20,1,52,53,1,1,3,62.300000000000004,Low Risk
S04272,20,85,1,1,0,1,1,28,2,1,0,98,67,1,2,2,81.7,Low Risk
S04273,20,85,1,1,0,1,1,28,3,5,1,50,75,1,2,1,70.5,Low Risk
S04274,20,85,1,1,0,1,1,20,2,7,0,97,81,1,1,1,87.0,Low Risk
S04275,20,85,1,1,0,1,1,22,3,5,1,54,41,1,1,3,58.1,Medium Risk
S04276,20,85,1,1,0,1,1,25,1,20,1,52,53,1,1,3,62.300000000000004,Low Risk
S04277,20,85,1,1,0,1,1,28,2,1,0,98,67,1,2,2,81.7,Low Risk
S04278,20,85,1,1,0,1,1,28,3,5,1,50,75,1,2,1,70.5,Low Risk
S04279,20,85,1,1,0,1,1,20,2,7,0,97,81,1,1,1,87.0,Low Risk
S04280,20,85,1,1,0,1,1,22,3,5,1,54,41,1,1,3,58.1,Medium Risk
S04281,20,85,0,0,0,1,1,25,1,20,1,52,53,1,1,3,62.300000000000004,Low Risk
S04282,20,85,0,0,0,1,1,28,2,1,0,98,67,1,2,2,81.7,Low Risk
S04283,20,85,0,0,0,1,1,28,3,5,1,50,75,1,2,1,70.5,Low Risk
S04284,20,85,0,0,0,1,1,20,2,7,0,97,81,1,1,1,87.0,Low Risk
S04285,20,85,0,0,0,1,1,22,3,5,1,54,41,1,1,3,58.1,Medium Risk
S04286,20,85,0,1,1,1,1,25,1,20,1,52,53,1,1,3,62.300000000000004,Low Risk
S04287,20,85,0,1,1,1,1,28,2,1,0,98,67,1,2,2,81.7,Low Risk
S04288,20,85,0,1,1,1,1,28,3,5,1,50,75,1,2,1,70.5,Low Risk
S04289,20,85,0,1,1,1,1,20,2,7,0,97,81,1,1,1,87.0,Low Risk
S04290,20,85,0,1,1,1,1,22,3,5,1,54,41,1,1,3,58.1,Medium Risk
S04291,20,85,1,0,0,1,1,25,1,20,1,52,53,1,1,3,62.300000000000004,Low Risk
S04292,20,85,1,0,0,1,1,28,2,1,0,98,67,1,2,2,81.7,Low Risk
S04293,20,85,1,0,0,1,1,28,3,5,1,50,75,1,2,1,70.5,Low Risk
S04294,20,85,1,0,0,1,1,20,2,7,0,97,81,1,1,1,87.0,Low Risk
S04295,20,85,1,0,0,1,1,22,3,5,1,54,41,1,1,3,58.1,Medium Risk
S04296,13,93,0,1,2,1,1,23,3,1,0,99,53,1,2,3,78.80000000000001,Low Risk
S04297,13,93,0,1,2,1,1,23,3,9,1,94,75,1,0,1,86.1,Low Risk
S04298,13,93,0,1,2,1,1,23,3,4,1,58,96,1,2,0,83.7,Low Risk
S04299,13,93,0,1,2,1,1,29,1,15,1,89,41,0,1,3,71.0,Medium Risk
S04300,13,93,2,1,1,1,1,23,3,1,0,99,53,1,2,3,78.80000000000001,Low Risk
S04301,13,93,2,1,1,1,1,23,3,9,1,94,75,1,0,1,86.1,Low Risk
S04302,13,93,2,1,1,1,1,23,3,4,1,58,96,1,2,0,83.7,Low Risk
S04303,13,93,2,1,1,1,1,29,1,15,1,89,41,0,1,3,71.0,Medium Risk
S04304,13,93,2,0,0,1,1,23,3,1,0,99,53,1,2,3,78.80000000000001,Low Risk
S04305,13,93,2,0,0,1,1,23,3,9,1,94,75,1,0,1,86.1,Low Risk
S04306,13,93,2,0,0,1,1,23,3,4,1,58,96,1,2,0,83.7,Low Risk
S04307,13,93,2,0,0,1,1,29,1,15,1,89,41,0,1,3,71.0,Medium Risk
S04308,20,84,2,1,2,1,0,21,2,15,1,83,66,1,1,2,76.5,Low Risk
S04309,20,84,2,1,1,1,0,21,2,15,1,83,66,1,1,2,76.5,Low Risk
S04310,20,84,0,0,1,1,0,21,2,15,1,83,66,1,1,2,76.5,Low Risk
S04311,20,84,0,0,0,1,0,21,2,15,1,83,66,1,1,2,76.5,Low Risk
S04312,15,84,2,0,0,1,1,26,1,15,0,59,95,1,2,0,80.9,Low Risk
S04313,15,84,2,0,0,1,1,19,0,4,1,82,79,0,2,1,81.4,Low Risk
S04314,15,84,2,0,0,1,1,26,2,10,0,74,65,0,1,2,73.4,Low Risk
S04315,15,84,2,0,0,1,1,22,1,12,1,54,69,1,1,2,69.0,Low Risk
S04316,15,84,1,0,1,1,1,26,1,15,0,59,95,1,2,0,80.9,Low Risk
S04317,15,84,1,0,1,1,1,19,0,4,1,82,79,0,2,1,81.4,Low Risk
S04318,15,84,1,0,1,1,1,26,2,10,0,74,65,0,1,2,73.4,Low Risk
S04319,15,84,1,0,1,1,1,22,1,12,1,54,69,1,1,2,69.0,Low Risk
S04320,15,84,0,1,1,1,1,26,1,15,0,59,95,1,2,0,80.9,Low Risk
S04321,15,84,0,1,1,1,1,19,0,4,1,82,79,0,2,1,81.4,Low Risk
S04322,15,84,0,1,1,1,1,26,2,10,0,74,65,0,1,2,73.4,Low Risk
S04323,15,84,0,1,1,1,1,22,1,12,1,54,69,1,1,2,69.0,Low Risk
S04324,18,67,0,1,0,1,1,25,3,17,1,78,56,1,2,2,65.89999999999999,Medium Risk
S04325,18,67,0,1,0,1,1,19,0,12,0,76,100,1,2,0,82.89999999999999,Medium Risk
S04326,18,67,2,1,1,1,1,25,3,17,1,78,56,1,2,2,65.89999999999999,Medium Risk
S04327,18,67,2,1,1,1,1,19,0,12,0,76,100,1,2,0,82.89999999999999,Medium Risk
S04328,18,67,2,1,1,1,1,25,3,17,1,78,56,1,2,2,65.89999999999999,Medium Risk
S04329,18,67,2,1,1,1,1,19,0,12,0,76,100,1,2,0,82.89999999999999,Medium Risk
S04330,18,67,0,0,0,1,1,25,3,17,1,78,56,1,2,2,65.89999999999999,Medium Risk
S04331,18,67,0,0,0,1,1,19,0,12,0,76,100,1,2,0,82.89999999999999,Medium Risk
S04332,18,67,1,0,2,1,1,25,3,17,1,78,56,1,2,2,65.89999999999999,Medium Risk
S04333,18,67,1,0,2,1,1,19,0,12,0,76,100,1,2,0,82.89999999999999,Medium Risk
S04334,18,67,1,1,2,1,1,25,3,17,1,78,56,1,2,2,65.89999999999999,Medium Risk
S04335,18,67,1,1,2,1,1,19,0,12,0,76,100,1,2,0,82.89999999999999,Medium Risk
S04336,17,99,2,0,1,1,1,27,1,16,1,81,43,1,1,3,71.2,Medium Risk
S04337,17,99,2,0,1,1,1,27,2,16,1,99,74,1,2,1,89.0,Low Risk
S04338,17,99,1,0,0,0,1,27,1,16,1,81,43,1,1,3,71.2,Medium Risk
S04339,17,99,1,0,0,0,1,27,2,16,1,99,74,1,2,1,89.0,Low Risk
S04340,17,99,1,0,0,1,1,27,1,16,1,81,43,1,1,3,71.2,Medium Risk
S04341,17,99,1,0,0,1,1,27,2,16,1,99,74,1,2,1,89.0,Low Risk
S04342,17,99,1,1,1,1,1,27,1,16,1,81,43,1,1,3,71.2,Medium Risk
S04343,17,99,1,1,1,1,1,27,2,16,1,99,74,1,2,1,89.0,Low Risk
S04344,17,99,1,0,0,1,1,27,1,16,1,81,43,1,1,3,71.2,Medium Risk
S04345,17,99,1,0,0,1,1,27,2,16,1,99,74,1,2,1,89.0,Low Risk
S04346,13,69,0,0,1,1,1,25,2,15,0,66,77,0,2,1,71.3,Medium Risk
S04347,13,69,0,0,1,1,1,19,3,15,1,91,75,1,0,1,78.0,Medium Risk
S04348,13,69,0,0,1,1,1,25,1,17,0,62,55,1,2,2,61.3,Medium Risk
S04349,13,69,2,0,0,1,1,25,2,15,0,66,77,0,2,1,71.3,Medium Risk
S04350,13,69,2,0,0,1,1,19,3,15,1,91,75,1,0,1,78.0,Medium Risk
S04351,13,69,2,0,0,1,1,25,1,17,0,62,55,1,2,2,61.3,Medium Risk
S04352,13,69,0,0,1,1,1,25,2,15,0,66,77,0,2,1,71.3,Medium Risk
S04353,13,69,0,0,1,1,1,19,3,15,1,91,75,1,0,1,78.0,Medium Risk
S04354,13,69,0,0,1,1,1,25,1,17,0,62,55,1,2,2,61.3,Medium Risk
S04355,13,69,0,0,1,1,1,25,2,15,0,66,77,0,2,1,71.3,Medium Risk
S04356,13,69,0,0,1,1,1,19,3,15,1,91,75,1,0,1,78.0,Medium Risk
S04357,13,69,0,0,1,1,1,25,1,17,0,62,55,1,2,2,61.3,Medium Risk
S04358,23,67,1,1,1,1,0,27,2,5,0,70,93,1,0,0,78.3,Medium Risk
S04359,23,67,1,0,2,1,0,27,2,5,0,70,93,1,0,0,78.3,Medium Risk
S04360,23,67,2,1,1,1,0,27,2,5,0,70,93,1,0,0,78.3,Medium Risk
S04361,23,67,2,1,0,1,0,27,2,5,0,70,93,1,0,0,78.3,Medium Risk
S04362,23,67,0,0,1,1,0,27,2,5,0,70,93,1,0,0,78.3,Medium Risk
S04363,29,87,2,1,2,1,1,23,0,9,1,69,59,1,0,2,70.39999999999999,Low Risk
S04364,5,84,1,1,2,1,1,20,2,17,1,74,65,1,2,2,73.4,Low Risk
S04365,5,84,1,1,0,0,1,20,2,17,1,74,65,1,2,2,73.4,Low Risk
S04366,19,96,0,1,0,0,0,21,2,20,1,72,54,0,0,3,72.0,Low Risk
S04367,19,96,0,1,0,0,0,20,0,12,1,62,65,1,1,2,73.39999999999999,Low Risk
S04368,19,96,0,1,0,0,0,24,0,1,0,66,72,0,2,1,77.4,Low Risk
S04369,19,96,0,1,0,0,0,29,2,4,1,98,73,1,1,1,87.4,Low Risk
S04370,19,96,1,0,2,1,0,21,2,20,1,72,54,0,0,3,72.0,Low Risk
S04371,19,96,1,0,2,1,0,20,0,12,1,62,65,1,1,2,73.39999999999999,Low Risk
S04372,19,96,1,0,2,1,0,24,0,1,0,66,72,0,2,1,77.4,Low Risk
S04373,19,96,1,0,2,1,0,29,2,4,1,98,73,1,1,1,87.4,Low Risk
S04374,19,96,1,1,2,1,0,21,2,20,1,72,54,0,0,3,72.0,Low Risk
S04375,19,96,1,1,2,1,0,20,0,12,1,62,65,1,1,2,73.39999999999999,Low Risk
S04376,19,96,1,1,2,1,0,24,0,1,0,66,72,0,2,1,77.4,Low Risk
S04377,19,96,1,1,2,1,0,29,2,4,1,98,73,1,1,1,87.4,Low Risk
S04378,19,76,2,1,0,1,1,27,0,20,1,83,54,1,2,3,69.3,Low Risk
S04379,19,76,2,1,0,1,1,21,2,11,0,72,90,1,1,0,80.39999999999999,Low Risk
S04380,19,76,0,0,1,1,1,27,0,20,1,83,54,1,2,3,69.3,Low Risk
S04381,19,76,0,0,1,1,1,21,2,11,0,72,90,1,1,0,80.39999999999999,Low Risk
S04382,19,76,1,1,1,1,1,27,0,20,1,83,54,1,2,3,69.3,Low Risk
S04383,19,76,1,1,1,1,1,21,2,11,0,72,90,1,1,0,80.39999999999999,Low Risk
S04384,19,76,0,1,1,1,1,27,0,20,1,83,54,1,2,3,69.3,Low Risk
S04385,19,76,0,1,1,1,1,21,2,11,0,72,90,1,1,0,80.39999999999999,Low Risk
S04386,27,95,1,0,2,1,0,19,2,1,1,63,91,1,0,0,83.8,Low Risk
S04387,27,95,2,0,2,1,0,19,2,1,1,63,91,1,0,0,83.8,Low Risk
S04388,27,95,1,1,2,1,0,19,2,1,1,63,91,1,0,0,83.8,Low Risk
S04389,27,95,2,1,2,1,0,19,2,1,1,63,91,1,0,0,83.8,Low Risk
S04390,22,97,2,1,1,1,1,29,1,11,1,73,89,1,1,0,86.6,Low Risk
S04391,22,97,2,1,1,1,1,20,0,13,1,79,77,0,2,1,83.6,Low Risk
S04392,22,97,2,1,1,1,1,26,2,16,1,66,65,1,2,2,74.89999999999999,Low Risk
S04393,22,97,1,1,2,1,1,29,1,11,1,73,89,1,1,0,86.6,Low Risk
S04394,22,97,1,1,2,1,1,20,0,13,1,79,77,0,2,1,83.6,Low Risk
S04395,22,97,1,1,2,1,1,26,2,16,1,66,65,1,2,2,74.89999999999999,Low Risk
S04396,22,97,1,0,2,1,1,29,1,11,1,73,89,1,1,0,86.6,Low Risk
S04397,22,97,1,0,2,1,1,20,0,13,1,79,77,0,2,1,83.6,Low Risk
S04398,22,97,1,0,2,1,1,26,2,16,1,66,65,1,2,2,74.89999999999999,Low Risk
S04399,22,97,2,1,1,1,1,29,1,11,1,73,89,1,1,0,86.6,Low Risk
S04400,22,97,2,1,1,1,1,20,0,13,1,79,77,0,2,1,83.6,Low Risk
S04401,22,97,2,1,1,1,1,26,2,16,1,66,65,1,2,2,74.89999999999999,Low Risk
S04402,22,97,1,0,1,1,1,29,1,11,1,73,89,1,1,0,86.6,Low Risk
S04403,22,97,1,0,1,1,1,20,0,13,1,79,77,0,2,1,83.6,Low Risk
S04404,22,97,1,0,1,1,1,26,2,16,1,66,65,1,2,2,74.89999999999999,Low Risk
S04405,22,97,1,1,1,0,1,29,1,11,1,73,89,1,1,0,86.6,Low Risk
S04406,22,97,1,1,1,0,1,20,0,13,1,79,77,0,2,1,83.6,Low Risk
S04407,22,97,1,1,1,0,1,26,2,16,1,66,65,1,2,2,74.89999999999999,Low Risk
S04408,22,97,1,1,1,1,1,29,1,11,1,73,89,1,1,0,86.6,Low Risk
S04409,22,97,1,1,1,1,1,20,0,13,1,79,77,0,2,1,83.6,Low Risk
S04410,22,97,1,1,1,1,1,26,2,16,1,66,65,1,2,2,74.89999999999999,Low Risk
S04411,22,72,1,1,1,1,1,27,0,20,0,50,87,0,1,0,71.4,Medium Risk
S04412,22,72,1,0,0,1,1,27,0,20,0,50,87,0,1,0,71.4,Medium Risk
S04413,22,72,0,1,2,1,1,27,0,20,0,50,87,0,1,0,71.4,Medium Risk
S04414,22,72,0,1,2,1,1,27,0,20,0,50,87,0,1,0,71.4,Medium Risk
S04415,22,72,2,0,0,0,1,27,0,20,0,50,87,0,1,0,71.4,Medium Risk
S04416,22,72,0,1,2,1,1,27,0,20,0,50,87,0,1,0,71.4,Medium Risk
S04417,18,95,1,1,0,1,1,28,2,14,1,55,57,1,0,2,67.8,Low Risk
S04418,18,95,1,1,0,1,1,29,2,19,1,53,99,0,2,0,84.0,Low Risk
S04419,18,95,1,1,0,1,1,18,1,12,0,85,51,0,2,3,74.4,Low Risk
S04420,18,95,1,1,2,1,1,28,2,14,1,55,57,1,0,2,67.8,Low Risk
S04421,18,95,1,1,2,1,1,29,2,19,1,53,99,0,2,0,84.0,Low Risk
S04422,18,95,1,1,2,1,1,18,1,12,0,85,51,0,2,3,74.4,Low Risk
S04423,18,95,2,0,1,1,1,28,2,14,1,55,57,1,0,2,67.8,Low Risk
S04424,18,95,2,0,1,1,1,29,2,19,1,53,99,0,2,0,84.0,Low Risk
S04425,18,95,2,0,1,1,1,18,1,12,0,85,51,0,2,3,74.4,Low Risk
S04426,18,95,2,0,1,1,1,28,2,14,1,55,57,1,0,2,67.8,Low Risk
S04427,18,95,2,0,1,1,1,29,2,19,1,53,99,0,2,0,84.0,Low Risk
S04428,18,95,2,0,1,1,1,18,1,12,0,85,51,0,2,3,74.4,Low Risk
S04429,18,95,2,1,2,1,1,28,2,14,1,55,57,1,0,2,67.8,Low Risk
S04430,18,95,2,1,2,1,1,29,2,19,1,53,99,0,2,0,84.0,Low Risk
S04431,18,95,2,1,2,1,1,18,1,12,0,85,51,0,2,3,74.4,Low Risk
S04432,17,91,1,0,2,1,1,23,3,19,0,94,81,1,2,1,87.89999999999999,Low Risk
S04433,17,91,1,0,2,1,1,28,2,9,0,54,75,1,2,1,73.5,Low Risk
S04434,17,91,1,1,1,1,1,23,3,19,0,94,81,1,2,1,87.89999999999999,Low Risk
S04435,17,91,1,1,1,1,1,28,2,9,0,54,75,1,2,1,73.5,Low Risk
S04436,17,91,0,1,0,1,1,23,3,19,0,94,81,1,2,1,87.89999999999999,Low Risk
S04437,17,91,0,1,0,1,1,28,2,9,0,54,75,1,2,1,73.5,Low Risk
S04438,17,91,0,1,1,1,1,23,3,19,0,94,81,1,2,1,87.89999999999999,Low Risk
S04439,17,91,0,1,1,1,1,28,2,9,0,54,75,1,2,1,73.5,Low Risk
S04440,22,71,2,1,2,1,0,22,1,1,1,59,61,1,2,2,63.400000000000006,Medium Risk
S04441,22,71,2,1,2,1,0,22,1,8,1,73,97,1,2,0,82.0,Medium Risk
S04442,22,71,2,1,2,1,0,28,1,2,0,51,57,1,2,2,59.400000000000006,Medium Risk
S04443,22,71,1,0,1,0,0,22,1,1,1,59,61,1,2,2,63.400000000000006,Medium Risk
S04444,22,71,1,0,1,0,0,22,1,8,1,73,97,1,2,0,82.0,Medium Risk
S04445,22,71,1,0,1,0,0,28,1,2,0,51,57,1,2,2,59.400000000000006,Medium Risk
S04446,22,71,1,1,0,1,0,22,1,1,1,59,61,1,2,2,63.400000000000006,Medium Risk
S04447,22,71,1,1,0,1,0,22,1,8,1,73,97,1,2,0,82.0,Medium Risk
S04448,22,71,1,1,0,1,0,28,1,2,0,51,57,1,2,2,59.400000000000006,Medium Risk
S04449,22,71,0,1,0,1,0,22,1,1,1,59,61,1,2,2,63.400000000000006,Medium Risk
S04450,22,71,0,1,0,1,0,22,1,8,1,73,97,1,2,0,82.0,Medium Risk
S04451,22,71,0,1,0,1,0,28,1,2,0,51,57,1,2,2,59.400000000000006,Medium Risk
S04452,25,60,2,0,1,1,0,22,0,6,1,55,90,1,0,0,70.5,Medium Risk
S04453,25,60,2,1,1,1,0,22,0,6,1,55,90,1,0,0,70.5,Medium Risk
S04454,27,74,1,0,2,0,1,23,2,16,0,58,98,1,1,0,78.8,Medium Risk
S04455,27,74,1,0,2,0,1,28,2,20,0,84,61,1,0,2,71.8,Medium Risk
S04456,27,74,1,0,2,0,1,21,0,10,1,54,44,1,0,3,56.0,Medium Risk
S04457,27,74,0,1,2,0,1,23,2,16,0,58,98,1,1,0,78.8,Medium Risk
S04458,27,74,0,1,2,0,1,28,2,20,0,84,61,1,0,2,71.8,Medium Risk
S04459,27,74,0,1,2,0,1,21,0,10,1,54,44,1,0,3,56.0,Medium Risk
S04460,27,74,1,1,1,1,1,23,2,16,0,58,98,1,1,0,78.8,Medium Risk
S04461,27,74,1,1,1,1,1,28,2,20,0,84,61,1,0,2,71.8,Medium Risk
S04462,27,74,1,1,1,1,1,21,0,10,1,54,44,1,0,3,56.0,Medium Risk
S04463,27,74,2,0,2,1,1,23,2,16,0,58,98,1,1,0,78.8,Medium Risk
S04464,27,74,2,0,2,1,1,28,2,20,0,84,61,1,0,2,71.8,Medium Risk
S04465,27,74,2,0,2,1,1,21,0,10,1,54,44,1,0,3,56.0,Medium Risk
S04466,18,73,0,1,1,1,0,28,0,6,1,63,78,1,0,1,72.0,Medium Risk
S04467,18,73,0,1,1,1,0,29,1,4,1,92,78,1,0,1,80.69999999999999,Medium Risk
S04468,18,73,0,1,1,1,0,24,3,19,1,77,91,1,0,0,81.4,Medium Risk
S04469,18,73,2,1,2,1,0,28,0,6,1,63,78,1,0,1,72.0,Medium Risk
S04470,18,73,2,1,2,1,0,29,1,4,1,92,78,1,0,1,80.69999999999999,Medium Risk
S04471,18,73,2,1,2,1,0,24,3,19,1,77,91,1,0,0,81.4,Medium Risk
S04472,18,73,1,0,1,1,0,28,0,6,1,63,78,1,0,1,72.0,Medium Risk
S04473,18,73,1,0,1,1,0,29,1,4,1,92,78,1,0,1,80.69999999999999,Medium Risk
S04474,18,73,1,0,1,1,0,24,3,19,1,77,91,1,0,0,81.4,Medium Risk
S04475,18,73,1,1,1,1,0,28,0,6,1,63,78,1,0,1,72.0,Medium Risk
S04476,18,73,1,1,1,1,0,29,1,4,1,92,78,1,0,1,80.69999999999999,Medium Risk
S04477,18,73,1,1,1,1,0,24,3,19,1,77,91,1,0,0,81.4,Medium Risk
S04478,8,86,2,0,2,1,1,23,0,19,1,68,69,1,2,2,73.8,Low Risk
S04479,8,86,2,0,2,1,1,28,1,15,1,90,90,0,2,0,88.8,Low Risk
S04480,8,86,2,0,2,1,1,25,0,9,1,85,91,1,1,0,87.7,Low Risk
S04481,8,86,0,1,0,1,1,23,0,19,1,68,69,1,2,2,73.8,Low Risk
S04482,8,86,0,1,0,1,1,28,1,15,1,90,90,0,2,0,88.8,Low Risk
S04483,8,86,0,1,0,1,1,25,0,9,1,85,91,1,1,0,87.7,Low Risk
S04484,14,94,1,0,1,1,1,19,2,18,0,95,65,1,0,2,82.7,Low Risk
S04485,14,94,1,0,1,1,1,19,2,18,0,95,65,1,0,2,82.7,Low Risk
S04486,14,94,1,0,2,1,1,19,2,18,0,95,65,1,0,2,82.7,Low Risk
S04487,14,94,1,1,2,1,1,19,2,18,0,95,65,1,0,2,82.7,Low Risk
S04488,14,94,1,1,1,0,1,19,2,18,0,95,65,1,0,2,82.7,Low Risk
S04489,9,84,0,0,2,1,1,28,3,18,1,95,95,0,1,0,91.7,Low Risk
S04490,9,84,0,0,2,1,1,25,2,9,1,66,82,1,0,1,77.80000000000001,Low Risk
S04491,9,84,2,1,2,1,1,28,3,18,1,95,95,0,1,0,91.7,Low Risk
S04492,9,84,2,1,2,1,1,25,2,9,1,66,82,1,0,1,77.80000000000001,Low Risk
S04493,9,84,1,0,1,1,1,28,3,18,1,95,95,0,1,0,91.7,Low Risk
S04494,9,84,1,0,1,1,1,25,2,9,1,66,82,1,0,1,77.80000000000001,Low Risk
S04495,25,82,2,1,1,1,1,24,2,18,1,95,48,1,2,3,72.3,Medium Risk
S04496,25,82,2,1,1,1,1,25,3,7,0,61,94,1,1,0,80.5,Low Risk
S04497,25,82,2,1,1,1,1,27,0,11,1,92,44,0,2,3,69.8,Medium Risk
S04498,25,82,2,1,1,1,1,18,0,12,1,69,55,1,2,2,67.3,Low Risk
S04499,25,82,0,0,1,1,1,24,2,18,1,95,48,1,2,3,72.3,Medium Risk
S04500,25,82,0,0,1,1,1,25,3,7,0,61,94,1,1,0,80.5,Low Risk
S04501,25,82,0,0,1,1,1,27,0,11,1,92,44,0,2,3,69.8,Medium Risk
S04502,25,82,0,0,1,1,1,18,0,12,1,69,55,1,2,2,67.3,Low Risk
S04503,25,82,1,1,1,0,1,24,2,18,1,95,48,1,2,3,72.3,Medium Risk
S04504,25,82,1,1,1,0,1,25,3,7,0,61,94,1,1,0,80.5,Low Risk
S04505,25,82,1,1,1,0,1,27,0,11,1,92,44,0,2,3,69.8,Medium Risk
S04506,25,82,1,1,1,0,1,18,0,12,1,69,55,1,2,2,67.3,Low Risk
S04507,25,82,1,1,0,1,1,24,2,18,1,95,48,1,2,3,72.3,Medium Risk
S04508,25,82,1,1,0,1,1,25,3,7,0,61,94,1,1,0,80.5,Low Risk
S04509,25,82,1,1,0,1,1,27,0,11,1,92,44,0,2,3,69.8,Medium Risk
S04510,25,82,1,1,0,1,1,18,0,12,1,69,55,1,2,2,67.3,Low Risk
S04511,25,82,1,1,1,1,1,24,2,18,1,95,48,1,2,3,72.3,Medium Risk
S04512,25,82,1,1,1,1,1,25,3,7,0,61,94,1,1,0,80.5,Low Risk
S04513,25,82,1,1,1,1,1,27,0,11,1,92,44,0,2,3,69.8,Medium Risk
S04514,25,82,1,1,1,1,1,18,0,12,1,69,55,1,2,2,67.3,Low Risk
S04515,25,82,2,0,0,1,1,24,2,18,1,95,48,1,2,3,72.3,Medium Risk
S04516,25,82,2,0,0,1,1,25,3,7,0,61,94,1,1,0,80.5,Low Risk
S04517,25,82,2,0,0,1,1,27,0,11,1,92,44,0,2,3,69.8,Medium Risk
S04518,25,82,2,0,0,1,1,18,0,12,1,69,55,1,2,2,67.3,Low Risk
S04519,25,82,2,0,1,1,1,24,2,18,1,95,48,1,2,3,72.3,Medium Risk
S04520,25,82,2,0,1,1,1,25,3,7,0,61,94,1,1,0,80.5,Low Risk
S04521,25,82,2,0,1,1,1,27,0,11,1,92,44,0,2,3,69.8,Medium Risk
S04522,25,82,2,0,1,1,1,18,0,12,1,69,55,1,2,2,67.3,Low Risk
S04523,7,86,0,0,1,1,0,26,1,8,1,76,40,0,1,3,64.6,Medium Risk
S04524,25,89,1,1,2,1,1,24,1,8,1,95,82,1,2,1,88.0,Low Risk
S04525,25,89,0,1,2,1,1,24,1,8,1,95,82,1,2,1,88.0,Low Risk
S04526,25,89,2,0,1,1,1,24,1,8,1,95,82,1,2,1,88.0,Low Risk
S04527,18,84,2,0,1,1,0,20,3,19,1,79,98,0,0,0,88.10000000000001,Low Risk
S04528,18,84,2,0,1,1,0,23,0,10,1,60,82,1,2,1,76.0,Low Risk
S04529,18,84,2,0,1,1,0,23,2,10,1,71,46,1,2,3,64.9,Medium Risk
S04530,18,84,2,0,1,1,0,23,3,18,0,98,47,0,2,3,73.4,Medium Risk
S04531,18,84,1,1,1,1,0,20,3,19,1,79,98,0,0,0,88.10000000000001,Low Risk
S04532,18,84,1,1,1,1,0,23,0,10,1,60,82,1,2,1,76.0,Low Risk
S04533,18,84,1,1,1,1,0,23,2,10,1,71,46,1,2,3,64.9,Medium Risk
S04534,18,84,1,1,1,1,0,23,3,18,0,98,47,0,2,3,73.4,Medium Risk
S04535,18,84,2,1,0,1,0,20,3,19,1,79,98,0,0,0,88.10000000000001,Low Risk
S04536,18,84,2,1,0,1,0,23,0,10,1,60,82,1,2,1,76.0,Low Risk
S04537,18,84,2,1,0,1,0,23,2,10,1,71,46,1,2,3,64.9,Medium Risk
S04538,18,84,2,1,0,1,0,23,3,18,0,98,47,0,2,3,73.4,Medium Risk
S04539,18,84,0,0,1,1,0,20,3,19,1,79,98,0,0,0,88.10000000000001,Low Risk
S04540,18,84,0,0,1,1,0,23,0,10,1,60,82,1,2,1,76.0,Low Risk
S04541,18,84,0,0,1,1,0,23,2,10,1,71,46,1,2,3,64.9,Medium Risk
S04542,18,84,0,0,1,1,0,23,3,18,0,98,47,0,2,3,73.4,Medium Risk
S04543,18,84,0,1,0,1,0,20,3,19,1,79,98,0,0,0,88.10000000000001,Low Risk
S04544,18,84,0,1,0,1,0,23,0,10,1,60,82,1,2,1,76.0,Low Risk
S04545,18,84,0,1,0,1,0,23,2,10,1,71,46,1,2,3,64.9,Medium Risk
S04546,18,84,0,1,0,1,0,23,3,18,0,98,47,0,2,3,73.4,Medium Risk
S04547,24,71,0,0,1,1,0,25,3,5,1,85,81,1,1,1,79.2,Medium Risk
S04548,24,71,2,1,1,1,0,25,3,5,1,85,81,1,1,1,79.2,Medium Risk
S04549,24,71,2,1,1,1,0,25,3,5,1,85,81,1,1,1,79.2,Medium Risk
S04550,24,71,2,1,0,1,0,25,3,5,1,85,81,1,1,1,79.2,Medium Risk
S04551,24,71,1,0,1,0,0,25,3,5,1,85,81,1,1,1,79.2,Medium Risk
S04552,34,63,2,1,0,1,0,28,0,18,1,78,67,1,2,2,69.1,Medium Risk
S04553,34,63,2,1,0,1,0,23,0,20,1,65,95,1,2,0,76.4,Medium Risk
S04554,17,73,1,0,2,1,1,25,3,13,1,88,54,1,2,3,69.9,Medium Risk
S04555,17,73,1,0,2,1,1,28,1,14,0,94,51,1,2,3,70.5,Medium Risk
S04556,17,73,1,1,1,1,1,25,3,13,1,88,54,1,2,3,69.9,Medium Risk
S04557,17,73,1,1,1,1,1,28,1,14,0,94,51,1,2,3,70.5,Medium Risk
S04558,17,73,2,1,1,1,1,25,3,13,1,88,54,1,2,3,69.9,Medium Risk
S04559,17,73,2,1,1,1,1,28,1,14,0,94,51,1,2,3,70.5,Medium Risk
S04560,17,73,1,1,2,1,1,25,3,13,1,88,54,1,2,3,69.9,Medium Risk
S04561,17,73,1,1,2,1,1,28,1,14,0,94,51,1,2,3,70.5,Medium Risk
S04562,17,73,2,1,0,1,1,25,3,13,1,88,54,1,2,3,69.9,Medium Risk
S04563,17,73,2,1,0,1,1,28,1,14,0,94,51,1,2,3,70.5,Medium Risk
S04564,17,73,0,0,1,1,1,25,3,13,1,88,54,1,2,3,69.9,Medium Risk
S04565,17,73,0,0,1,1,1,28,1,14,0,94,51,1,2,3,70.5,Medium Risk
S04566,15,89,1,1,0,1,1,29,2,4,0,54,64,1,2,2,68.5,Low Risk
S04567,15,89,0,0,0,1,1,29,2,4,0,54,64,1,2,2,68.5,Low Risk
S04568,15,89,2,1,0,1,1,29,2,4,0,54,64,1,2,2,68.5,Low Risk
S04569,15,89,0,1,0,1,1,29,2,4,0,54,64,1,2,2,68.5,Low Risk
S04570,15,89,0,0,2,1,1,29,2,4,0,54,64,1,2,2,68.5,Low Risk
S04571,15,89,1,1,2,1,1,29,2,4,0,54,64,1,2,2,68.5,Low Risk
S04572,15,89,1,1,2,1,1,29,2,4,0,54,64,1,2,2,68.5,Low Risk
S04573,15,89,1,0,0,1,1,29,2,4,0,54,64,1,2,2,68.5,Low Risk
S04574,15,89,0,0,1,1,1,29,2,4,0,54,64,1,2,2,68.5,Low Risk
S04575,25,86,1,1,0,1,1,25,0,13,1,60,71,1,2,1,72.2,Low Risk
S04576,25,86,1,1,0,1,1,18,3,9,1,51,51,1,2,3,61.5,Low Risk
S04577,25,86,1,1,0,1,1,25,0,13,1,60,71,1,2,1,72.2,Low Risk
S04578,25,86,1,1,0,1,1,18,3,9,1,51,51,1,2,3,61.5,Low Risk
S04579,25,86,1,0,1,1,1,25,0,13,1,60,71,1,2,1,72.2,Low Risk
S04580,25,86,1,0,1,1,1,18,3,9,1,51,51,1,2,3,61.5,Low Risk
S04581,23,85,0,1,0,1,1,27,2,8,1,67,81,0,2,1,78.0,Low Risk
S04582,23,85,0,1,0,1,1,24,0,20,1,90,74,1,1,1,82.1,Low Risk
S04583,23,85,0,1,0,1,1,21,0,10,1,85,97,1,1,0,89.80000000000001,Low Risk
S04584,23,85,0,1,0,1,1,21,3,18,0,88,55,1,2,2,73.9,Low Risk
S04585,23,85,2,0,0,0,1,27,2,8,1,67,81,0,2,1,78.0,Low Risk
S04586,23,85,2,0,0,0,1,24,0,20,1,90,74,1,1,1,82.1,Low Risk
S04587,23,85,2,0,0,0,1,21,0,10,1,85,97,1,1,0,89.80000000000001,Low Risk
S04588,23,85,2,0,0,0,1,21,3,18,0,88,55,1,2,2,73.9,Low Risk
S04589,23,85,1,1,0,1,1,27,2,8,1,67,81,0,2,1,78.0,Low Risk
S04590,23,85,1,1,0,1,1,24,0,20,1,90,74,1,1,1,82.1,Low Risk
S04591,23,85,1,1,0,1,1,21,0,10,1,85,97,1,1,0,89.80000000000001,Low Risk
S04592,23,85,1,1,0,1,1,21,3,18,0,88,55,1,2,2,73.9,Low Risk
S04593,23,85,2,0,1,1,1,27,2,8,1,67,81,0,2,1,78.0,Low Risk
S04594,23,85,2,0,1,1,1,24,0,20,1,90,74,1,1,1,82.1,Low Risk
S04595,23,85,2,0,1,1,1,21,0,10,1,85,97,1,1,0,89.80000000000001,Low Risk
S04596,23,85,2,0,1,1,1,21,3,18,0,88,55,1,2,2,73.9,Low Risk
S04597,26,60,1,1,2,1,0,28,2,19,0,50,96,1,2,0,71.4,Medium Risk
S04598,26,60,1,1,2,1,0,22,2,1,0,94,84,1,2,1,79.8,Medium Risk
S04599,26,60,1,1,2,1,0,26,2,4,1,92,62,1,1,2,70.4,Medium Risk
S04600,17,88,1,1,1,1,0,29,1,9,1,57,73,1,1,1,72.69999999999999,Low Risk
S04601,17,88,1,1,1,1,0,21,3,19,0,65,74,1,2,1,75.5,Low Risk
S04602,17,88,1,1,1,1,0,24,3,4,0,55,44,1,1,3,60.5,Medium Risk
S04603,17,88,1,0,1,1,0,29,1,9,1,57,73,1,1,1,72.69999999999999,Low Risk
S04604,17,88,1,0,1,1,0,21,3,19,0,65,74,1,2,1,75.5,Low Risk
S04605,17,88,1,0,1,1,0,24,3,4,0,55,44,1,1,3,60.5,Medium Risk
S04606,17,88,2,1,1,1,0,29,1,9,1,57,73,1,1,1,72.69999999999999,Low Risk
S04607,17,88,2,1,1,1,0,21,3,19,0,65,74,1,2,1,75.5,Low Risk
S04608,17,88,2,1,1,1,0,24,3,4,0,55,44,1,1,3,60.5,Medium Risk
S04609,14,98,2,1,1,0,1,29,0,6,0,78,43,0,2,3,70.0,Medium Risk
S04610,14,98,2,1,1,0,1,18,3,2,0,83,91,1,2,0,90.69999999999999,Low Risk
S04611,14,98,2,1,1,0,1,24,0,4,0,96,69,0,2,2,85.8,Low Risk
S04612,14,98,2,0,1,1,1,29,0,6,0,78,43,0,2,3,70.0,Medium Risk
S04613,14,98,2,0,1,1,1,18,3,2,0,83,91,1,2,0,90.69999999999999,Low Risk
S04614,14,98,2,0,1,1,1,24,0,4,0,96,69,0,2,2,85.8,Low Risk
S04615,14,98,2,1,1,1,1,29,0,6,0,78,43,0,2,3,70.0,Medium Risk
S04616,14,98,2,1,1,1,1,18,3,2,0,83,91,1,2,0,90.69999999999999,Low Risk
S04617,14,98,2,1,1,1,1,24,0,4,0,96,69,0,2,2,85.8,Low Risk
S04618,14,98,1,1,2,1,1,29,0,6,0,78,43,0,2,3,70.0,Medium Risk
S04619,14,98,1,1,2,1,1,18,3,2,0,83,91,1,2,0,90.69999999999999,Low Risk
S04620,14,98,1,1,2,1,1,24,0,4,0,96,69,0,2,2,85.8,Low Risk
S04621,14,98,1,1,0,1,1,29,0,6,0,78,43,0,2,3,70.0,Medium Risk
S04622,14,98,1,1,0,1,1,18,3,2,0,83,91,1,2,0,90.69999999999999,Low Risk
S04623,14,98,1,1,0,1,1,24,0,4,0,96,69,0,2,2,85.8,Low Risk
S04624,14,98,1,0,1,0,1,29,0,6,0,78,43,0,2,3,70.0,Medium Risk
S04625,14,98,1,0,1,0,1,18,3,2,0,83,91,1,2,0,90.69999999999999,Low Risk
S04626,14,98,1,0,1,0,1,24,0,4,0,96,69,0,2,2,85.8,Low Risk
S04627,14,98,1,1,0,1,1,29,0,6,0,78,43,0,2,3,70.0,Medium Risk
S04628,14,98,1,1,0,1,1,18,3,2,0,83,91,1,2,0,90.69999999999999,Low Risk
S04629,14,98,1,1,0,1,1,24,0,4,0,96,69,0,2,2,85.8,Low Risk
S04630,14,98,2,1,2,1,1,29,0,6,0,78,43,0,2,3,70.0,Medium Risk
S04631,14,98,2,1,2,1,1,18,3,2,0,83,91,1,2,0,90.69999999999999,Low Risk
S04632,14,98,2,1,2,1,1,24,0,4,0,96,69,0,2,2,85.8,Low Risk
S04633,17,93,0,0,1,1,1,26,0,15,1,79,45,1,0,3,69.6,Medium Risk
S04634,17,93,0,0,1,1,1,19,3,13,1,74,83,1,2,1,83.30000000000001,Low Risk
S04635,17,93,1,1,2,1,1,26,0,15,1,79,45,1,0,3,69.6,Medium Risk
S04636,17,93,1,1,2,1,1,19,3,13,1,74,83,1,2,1,83.30000000000001,Low Risk
S04637,17,93,1,1,0,1,1,26,0,15,1,79,45,1,0,3,69.6,Medium Risk
S04638,17,93,1,1,0,1,1,19,3,13,1,74,83,1,2,1,83.30000000000001,Low Risk
S04639,17,93,1,0,0,1,1,26,0,15,1,79,45,1,0,3,69.6,Medium Risk
S04640,17,93,1,0,0,1,1,19,3,13,1,74,83,1,2,1,83.30000000000001,Low Risk
S04641,17,93,1,0,0,1,1,26,0,15,1,79,45,1,0,3,69.6,Medium Risk
S04642,17,93,1,0,0,1,1,19,3,13,1,74,83,1,2,1,83.30000000000001,Low Risk
S04643,17,93,0,1,0,1,1,26,0,15,1,79,45,1,0,3,69.6,Medium Risk
S04644,17,93,0,1,0,1,1,19,3,13,1,74,83,1,2,1,83.30000000000001,Low Risk
S04645,14,68,1,1,1,1,0,28,2,8,1,51,81,0,2,1,68.1,Medium Risk
S04646,14,68,1,1,1,1,0,24,1,5,0,81,98,0,2,0,83.9,Medium Risk
S04647,14,68,1,1,1,1,0,23,1,9,0,62,84,1,0,1,72.6,Medium Risk
S04648,14,68,1,1,2,1,0,28,2,8,1,51,81,0,2,1,68.1,Medium Risk
S04649,14,68,1,1,2,1,0,24,1,5,0,81,98,0,2,0,83.9,Medium Risk
S04650,14,68,1,1,2,1,0,23,1,9,0,62,84,1,0,1,72.6,Medium Risk
S04651,14,68,2,1,0,1,0,28,2,8,1,51,81,0,2,1,68.1,Medium Risk
S04652,14,68,2,1,0,1,0,24,1,5,0,81,98,0,2,0,83.9,Medium Risk
S04653,14,68,2,1,0,1,0,23,1,9,0,62,84,1,0,1,72.6,Medium Risk
S04654,14,68,1,1,2,1,0,28,2,8,1,51,81,0,2,1,68.1,Medium Risk
S04655,14,68,1,1,2,1,0,24,1,5,0,81,98,0,2,0,83.9,Medium Risk
S04656,14,68,1,1,2,1,0,23,1,9,0,62,84,1,0,1,72.6,Medium Risk
S04657,25,74,2,1,1,1,1,19,2,17,0,71,70,0,2,1,71.5,Medium Risk
S04658,25,74,2,1,1,1,1,26,0,1,1,65,44,1,2,3,59.3,Medium Risk
S04659,25,74,2,1,1,1,1,20,1,9,1,53,76,1,2,1,68.5,Medium Risk
S04660,25,74,2,1,1,1,1,21,3,17,1,75,49,1,1,3,64.3,Medium Risk
S04661,25,74,2,1,1,1,1,24,3,9,1,51,43,1,2,3,54.7,Medium Risk
S04662,25,74,2,1,1,1,1,23,1,5,1,57,72,1,2,1,68.1,Medium Risk
S04663,25,74,1,1,0,1,1,19,2,17,0,71,70,0,2,1,71.5,Medium Risk
S04664,25,74,1,1,0,1,1,26,0,1,1,65,44,1,2,3,59.3,Medium Risk
S04665,25,74,1,1,0,1,1,20,1,9,1,53,76,1,2,1,68.5,Medium Risk
S04666,25,74,1,1,0,1,1,21,3,17,1,75,49,1,1,3,64.3,Medium Risk
S04667,25,74,1,1,0,1,1,24,3,9,1,51,43,1,2,3,54.7,Medium Risk
S04668,25,74,1,1,0,1,1,23,1,5,1,57,72,1,2,1,68.1,Medium Risk
S04669,25,74,1,1,2,1,1,19,2,17,0,71,70,0,2,1,71.5,Medium Risk
S04670,25,74,1,1,2,1,1,26,0,1,1,65,44,1,2,3,59.3,Medium Risk
S04671,25,74,1,1,2,1,1,20,1,9,1,53,76,1,2,1,68.5,Medium Risk
S04672,25,74,1,1,2,1,1,21,3,17,1,75,49,1,1,3,64.3,Medium Risk
S04673,25,74,1,1,2,1,1,24,3,9,1,51,43,1,2,3,54.7,Medium Risk
S04674,25,74,1,1,2,1,1,23,1,5,1,57,72,1,2,1,68.1,Medium Risk
S04675,25,74,2,0,2,1,1,19,2,17,0,71,70,0,2,1,71.5,Medium Risk
S04676,25,74,2,0,2,1,1,26,0,1,1,65,44,1,2,3,59.3,Medium Risk
S04677,25,74,2,0,2,1,1,20,1,9,1,53,76,1,2,1,68.5,Medium Risk
S04678,25,74,2,0,2,1,1,21,3,17,1,75,49,1,1,3,64.3,Medium Risk
S04679,25,74,2,0,2,1,1,24,3,9,1,51,43,1,2,3,54.7,Medium Risk
S04680,25,74,2,0,2,1,1,23,1,5,1,57,72,1,2,1,68.1,Medium Risk
S04681,28,79,1,1,1,1,1,21,1,2,1,82,73,1,1,1,77.5,Low Risk
S04682,28,79,1,1,1,1,1,28,2,11,0,67,42,1,1,3,60.599999999999994,Medium Risk
S04683,28,79,1,1,1,1,1,18,0,13,1,94,52,1,2,3,72.7,Low Risk
S04684,28,79,1,1,1,1,1,18,1,12,0,83,69,1,1,2,76.2,Low Risk
S04685,28,79,2,1,0,1,1,21,1,2,1,82,73,1,1,1,77.5,Low Risk
S04686,28,79,2,1,0,1,1,28,2,11,0,67,42,1,1,3,60.599999999999994,Medium Risk
S04687,28,79,2,1,0,1,1,18,0,13,1,94,52,1,2,3,72.7,Low Risk
S04688,28,79,2,1,0,1,1,18,1,12,0,83,69,1,1,2,76.2,Low Risk
S04689,31,81,1,0,0,1,0,22,3,12,1,64,52,0,2,3,64.3,Low Risk
S04690,31,81,1,0,0,1,0,19,3,16,1,58,96,1,0,0,80.10000000000001,Low Risk
S04691,31,81,1,0,0,1,0,22,2,19,1,89,90,1,1,0,87.0,Low Risk
S04692,31,81,1,0,0,1,0,20,1,18,0,63,69,1,2,2,70.8,Low Risk
S04693,13,99,1,1,1,1,1,19,3,4,0,99,47,1,0,3,78.2,Medium Risk
S04694,13,99,1,1,1,1,1,26,1,1,1,71,85,0,1,0,85.0,Low Risk
S04695,13,99,1,1,1,1,1,29,0,7,1,52,77,1,1,1,76.1,Low Risk
S04696,13,99,1,1,1,1,1,20,2,6,0,83,58,0,1,2,77.8,Low Risk
S04697,13,99,1,1,1,1,1,20,1,15,0,76,96,1,0,0,90.9,Low Risk
S04698,13,99,1,1,1,1,1,20,1,10,1,92,58,1,2,2,80.5,Low Risk
S04699,13,99,1,1,1,1,1,20,1,6,1,73,71,1,1,1,80.0,Low Risk
S04700,13,99,2,0,1,1,1,19,3,4,0,99,47,1,0,3,78.2,Medium Risk
S04701,13,99,2,0,1,1,1,26,1,1,1,71,85,0,1,0,85.0,Low Risk
S04702,13,99,2,0,1,1,1,29,0,7,1,52,77,1,1,1,76.1,Low Risk
S04703,13,99,2,0,1,1,1,20,2,6,0,83,58,0,1,2,77.8,Low Risk
S04704,13,99,2,0,1,1,1,20,1,15,0,76,96,1,0,0,90.9,Low Risk
S04705,13,99,2,0,1,1,1,20,1,10,1,92,58,1,2,2,80.5,Low Risk
S04706,13,99,2,0,1,1,1,20,1,6,1,73,71,1,1,1,80.0,Low Risk
S04707,13,99,1,1,1,1,1,19,3,4,0,99,47,1,0,3,78.2,Medium Risk
S04708,13,99,1,1,1,1,1,26,1,1,1,71,85,0,1,0,85.0,Low Risk
S04709,13,99,1,1,1,1,1,29,0,7,1,52,77,1,1,1,76.1,Low Risk
S04710,13,99,1,1,1,1,1,20,2,6,0,83,58,0,1,2,77.8,Low Risk
S04711,13,99,1,1,1,1,1,20,1,15,0,76,96,1,0,0,90.9,Low Risk
S04712,13,99,1,1,1,1,1,20,1,10,1,92,58,1,2,2,80.5,Low Risk
S04713,13,99,1,1,1,1,1,20,1,6,1,73,71,1,1,1,80.0,Low Risk
S04714,13,99,2,1,1,0,1,19,3,4,0,99,47,1,0,3,78.2,Medium Risk
S04715,13,99,2,1,1,0,1,26,1,1,1,71,85,0,1,0,85.0,Low Risk
S04716,13,99,2,1,1,0,1,29,0,7,1,52,77,1,1,1,76.1,Low Risk
S04717,13,99,2,1,1,0,1,20,2,6,0,83,58,0,1,2,77.8,Low Risk
S04718,13,99,2,1,1,0,1,20,1,15,0,76,96,1,0,0,90.9,Low Risk
S04719,13,99,2,1,1,0,1,20,1,10,1,92,58,1,2,2,80.5,Low Risk
S04720,13,99,2,1,1,0,1,20,1,6,1,73,71,1,1,1,80.0,Low Risk
S04721,13,99,1,0,2,1,1,19,3,4,0,99,47,1,0,3,78.2,Medium Risk
S04722,13,99,1,0,2,1,1,26,1,1,1,71,85,0,1,0,85.0,Low Risk
S04723,13,99,1,0,2,1,1,29,0,7,1,52,77,1,1,1,76.1,Low Risk
S04724,13,99,1,0,2,1,1,20,2,6,0,83,58,0,1,2,77.8,Low Risk
S04725,13,99,1,0,2,1,1,20,1,15,0,76,96,1,0,0,90.9,Low Risk
S04726,13,99,1,0,2,1,1,20,1,10,1,92,58,1,2,2,80.5,Low Risk
S04727,13,99,1,0,2,1,1,20,1,6,1,73,71,1,1,1,80.0,Low Risk
S04728,29,97,1,0,1,1,0,20,0,9,1,65,77,1,1,1,79.39999999999999,Low Risk
S04729,29,97,1,0,1,1,0,23,0,2,0,62,66,0,2,2,74.1,Low Risk
S04730,29,97,1,0,1,1,0,18,3,20,1,86,75,1,2,1,84.89999999999999,Low Risk
S04731,29,97,1,0,1,1,0,20,0,9,1,65,77,1,1,1,79.39999999999999,Low Risk
S04732,29,97,1,0,1,1,0,23,0,2,0,62,66,0,2,2,74.1,Low Risk
S04733,29,97,1,0,1,1,0,18,3,20,1,86,75,1,2,1,84.89999999999999,Low Risk
S04734,29,97,1,1,1,1,0,20,0,9,1,65,77,1,1,1,79.39999999999999,Low Risk
S04735,29,97,1,1,1,1,0,23,0,2,0,62,66,0,2,2,74.1,Low Risk
S04736,29,97,1,1,1,1,0,18,3,20,1,86,75,1,2,1,84.89999999999999,Low Risk
S04737,29,97,2,1,1,1,0,20,0,9,1,65,77,1,1,1,79.39999999999999,Low Risk
S04738,29,97,2,1,1,1,0,23,0,2,0,62,66,0,2,2,74.1,Low Risk
S04739,29,97,2,1,1,1,0,18,3,20,1,86,75,1,2,1,84.89999999999999,Low Risk
S04740,24,97,0,0,0,1,0,22,3,20,1,95,83,1,0,1,90.8,Low Risk
S04741,24,97,0,0,0,1,0,20,1,15,0,70,79,1,1,1,81.7,Low Risk
S04742,24,97,0,0,0,1,0,20,2,15,0,52,42,0,2,3,61.5,Medium Risk
S04743,24,97,0,0,0,1,0,28,1,0,0,56,48,1,2,3,65.1,Medium Risk
S04744,24,97,0,0,0,1,0,29,2,14,1,68,90,1,1,0,85.5,Low Risk
S04745,24,97,0,0,0,1,0,24,1,18,0,98,85,1,0,0,92.5,Low Risk
S04746,24,97,0,0,0,1,0,25,0,1,0,62,67,1,1,2,74.5,Low Risk
S04747,24,97,1,0,2,1,0,22,3,20,1,95,83,1,0,1,90.8,Low Risk
S04748,24,97,1,0,2,1,0,20,1,15,0,70,79,1,1,1,81.7,Low Risk
S04749,24,97,1,0,2,1,0,20,2,15,0,52,42,0,2,3,61.5,Medium Risk
S04750,24,97,1,0,2,1,0,28,1,0,0,56,48,1,2,3,65.1,Medium Risk
S04751,24,97,1,0,2,1,0,29,2,14,1,68,90,1,1,0,85.5,Low Risk
S04752,24,97,1,0,2,1,0,24,1,18,0,98,85,1,0,0,92.5,Low Risk
S04753,24,97,1,0,2,1,0,25,0,1,0,62,67,1,1,2,74.5,Low Risk
S04754,24,97,1,1,1,1,0,22,3,20,1,95,83,1,0,1,90.8,Low Risk
S04755,24,97,1,1,1,1,0,20,1,15,0,70,79,1,1,1,81.7,Low Risk
S04756,24,97,1,1,1,1,0,20,2,15,0,52,42,0,2,3,61.5,Medium Risk
S04757,24,97,1,1,1,1,0,28,1,0,0,56,48,1,2,3,65.1,Medium Risk
S04758,24,97,1,1,1,1,0,29,2,14,1,68,90,1,1,0,85.5,Low Risk
S04759,24,97,1,1,1,1,0,24,1,18,0,98,85,1,0,0,92.5,Low Risk
S04760,24,97,1,1,1,1,0,25,0,1,0,62,67,1,1,2,74.5,Low Risk
S04761,20,81,0,1,0,1,0,19,3,14,1,64,63,1,2,2,68.7,Low Risk
S04762,20,81,0,1,0,1,0,28,3,11,0,80,88,1,1,0,83.5,Low Risk
S04763,20,81,1,1,0,0,0,19,3,14,1,64,63,1,2,2,68.7,Low Risk
S04764,20,81,1,1,0,0,0,28,3,11,0,80,88,1,1,0,83.5,Low Risk
S04765,20,81,0,0,1,1,0,19,3,14,1,64,63,1,2,2,68.7,Low Risk
S04766,20,81,0,0,1,1,0,28,3,11,0,80,88,1,1,0,83.5,Low Risk
S04767,20,81,1,0,0,1,0,19,3,14,1,64,63,1,2,2,68.7,Low Risk
S04768,20,81,1,0,0,1,0,28,3,11,0,80,88,1,1,0,83.5,Low Risk
S04769,22,89,2,1,1,1,1,20,0,14,0,58,51,1,1,3,64.5,Low Risk
S04770,22,89,2,1,1,1,1,27,3,0,0,73,58,0,2,2,71.8,Low Risk
S04771,22,89,2,1,1,1,1,18,2,8,0,51,68,1,0,2,69.2,Low Risk
S04772,22,89,2,1,1,1,1,23,1,15,1,72,88,1,2,0,83.5,Low Risk
S04773,22,89,1,0,1,1,1,20,0,14,0,58,51,1,1,3,64.5,Low Risk
S04774,22,89,1,0,1,1,1,27,3,0,0,73,58,0,2,2,71.8,Low Risk
S04775,22,89,1,0,1,1,1,18,2,8,0,51,68,1,0,2,69.2,Low Risk
S04776,22,89,1,0,1,1,1,23,1,15,1,72,88,1,2,0,83.5,Low Risk
S04777,22,89,2,1,1,1,1,20,0,14,0,58,51,1,1,3,64.5,Low Risk
S04778,22,89,2,1,1,1,1,27,3,0,0,73,58,0,2,2,71.8,Low Risk
S04779,22,89,2,1,1,1,1,18,2,8,0,51,68,1,0,2,69.2,Low Risk
S04780,22,89,2,1,1,1,1,23,1,15,1,72,88,1,2,0,83.5,Low Risk
S04781,22,89,1,1,1,1,1,20,0,14,0,58,51,1,1,3,64.5,Low Risk
S04782,22,89,1,1,1,1,1,27,3,0,0,73,58,0,2,2,71.8,Low Risk
S04783,22,89,1,1,1,1,1,18,2,8,0,51,68,1,0,2,69.2,Low Risk
S04784,22,89,1,1,1,1,1,23,1,15,1,72,88,1,2,0,83.5,Low Risk
S04785,22,89,2,0,2,1,1,20,0,14,0,58,51,1,1,3,64.5,Low Risk
S04786,22,89,2,0,2,1,1,27,3,0,0,73,58,0,2,2,71.8,Low Risk
S04787,22,89,2,0,2,1,1,18,2,8,0,51,68,1,0,2,69.2,Low Risk
S04788,22,89,2,0,2,1,1,23,1,15,1,72,88,1,2,0,83.5,Low Risk
S04789,22,89,2,0,1,1,1,20,0,14,0,58,51,1,1,3,64.5,Low Risk
S04790,22,89,2,0,1,1,1,27,3,0,0,73,58,0,2,2,71.8,Low Risk
S04791,22,89,2,0,1,1,1,18,2,8,0,51,68,1,0,2,69.2,Low Risk
S04792,22,89,2,0,1,1,1,23,1,15,1,72,88,1,2,0,83.5,Low Risk
S04793,13,77,1,1,1,1,1,26,0,2,1,98,99,1,2,0,92.1,Low Risk
S04794,13,77,1,1,1,1,1,26,0,16,0,66,82,0,2,1,75.7,Low Risk
S04795,13,77,1,0,1,1,1,26,0,2,1,98,99,1,2,0,92.1,Low Risk
S04796,13,77,1,0,1,1,1,26,0,16,0,66,82,0,2,1,75.7,Low Risk
S04797,13,77,2,1,0,1,1,26,0,2,1,98,99,1,2,0,92.1,Low Risk
S04798,13,77,2,1,0,1,1,26,0,16,0,66,82,0,2,1,75.7,Low Risk
S04799,13,77,1,1,0,0,1,26,0,2,1,98,99,1,2,0,92.1,Low Risk
S04800,13,77,1,1,0,0,1,26,0,16,0,66,82,0,2,1,75.7,Low Risk
S04801,13,77,2,0,1,1,1,26,0,2,1,98,99,1,2,0,92.1,Low Risk
S04802,13,77,2,0,1,1,1,26,0,16,0,66,82,0,2,1,75.7,Low Risk
S04803,13,77,2,1,1,1,1,26,0,2,1,98,99,1,2,0,92.1,Low Risk
S04804,13,77,2,1,1,1,1,26,0,16,0,66,82,0,2,1,75.7,Low Risk
S04805,13,77,2,0,1,1,1,26,0,2,1,98,99,1,2,0,92.1,Low Risk
S04806,13,77,2,0,1,1,1,26,0,16,0,66,82,0,2,1,75.7,Low Risk
S04807,13,77,1,1,0,1,1,26,0,2,1,98,99,1,2,0,92.1,Low Risk
S04808,13,77,1,1,0,1,1,26,0,16,0,66,82,0,2,1,75.7,Low Risk
S04809,35,85,2,1,2,1,0,18,3,1,0,60,76,1,2,1,73.9,Low Risk
S04810,35,85,2,1,2,1,0,20,2,8,0,59,77,0,0,1,74.0,Low Risk
S04811,35,85,2,1,2,1,0,28,0,4,0,66,61,1,2,2,69.7,Low Risk
S04812,35,85,2,1,2,1,0,18,0,4,1,73,54,0,2,3,69.0,Low Risk
S04813,35,85,2,1,2,1,0,21,1,2,1,96,97,1,2,0,93.1,Low Risk
S04814,35,85,2,1,2,1,0,26,1,5,1,73,65,1,1,2,73.4,Low Risk
S04815,35,85,2,1,2,1,0,18,0,19,1,82,73,1,1,1,79.3,Low Risk
S04816,21,74,0,1,0,1,1,23,3,1,1,89,59,1,2,2,72.5,Medium Risk
S04817,21,74,0,1,0,1,1,20,3,11,1,69,90,1,1,0,78.9,Medium Risk
S04818,21,74,0,1,0,1,1,19,2,12,1,91,68,1,2,2,76.7,Medium Risk
S04819,21,74,1,0,1,1,1,23,3,1,1,89,59,1,2,2,72.5,Medium Risk
S04820,21,74,1,0,1,1,1,20,3,11,1,69,90,1,1,0,78.9,Medium Risk
S04821,21,74,1,0,1,1,1,19,2,12,1,91,68,1,2,2,76.7,Medium Risk
S04822,21,74,2,0,0,1,1,23,3,1,1,89,59,1,2,2,72.5,Medium Risk
S04823,21,74,2,0,0,1,1,20,3,11,1,69,90,1,1,0,78.9,Medium Risk
S04824,21,74,2,0,0,1,1,19,2,12,1,91,68,1,2,2,76.7,Medium Risk
S04825,21,74,2,1,0,0,1,23,3,1,1,89,59,1,2,2,72.5,Medium Risk
S04826,21,74,2,1,0,0,1,20,3,11,1,69,90,1,1,0,78.9,Medium Risk
S04827,21,74,2,1,0,0,1,19,2,12,1,91,68,1,2,2,76.7,Medium Risk
S04828,21,74,1,1,1,1,1,23,3,1,1,89,59,1,2,2,72.5,Medium Risk
S04829,21,74,1,1,1,1,1,20,3,11,1,69,90,1,1,0,78.9,Medium Risk
S04830,21,74,1,1,1,1,1,19,2,12,1,91,68,1,2,2,76.7,Medium Risk
S04831,21,74,1,1,1,1,1,23,3,1,1,89,59,1,2,2,72.5,Medium Risk
S04832,21,74,1,1,1,1,1,20,3,11,1,69,90,1,1,0,78.9,Medium Risk
S04833,21,74,1,1,1,1,1,19,2,12,1,91,68,1,2,2,76.7,Medium Risk
S04834,21,74,1,0,2,1,1,23,3,1,1,89,59,1,2,2,72.5,Medium Risk
S04835,21,74,1,0,2,1,1,20,3,11,1,69,90,1,1,0,78.9,Medium Risk
S04836,21,74,1,0,2,1,1,19,2,12,1,91,68,1,2,2,76.7,Medium Risk
S04837,21,74,0,1,1,1,1,23,3,1,1,89,59,1,2,2,72.5,Medium Risk
S04838,21,74,0,1,1,1,1,20,3,11,1,69,90,1,1,0,78.9,Medium Risk
S04839,21,74,0,1,1,1,1,19,2,12,1,91,68,1,2,2,76.7,Medium Risk
S04840,21,74,2,1,1,1,1,23,3,1,1,89,59,1,2,2,72.5,Medium Risk
S04841,21,74,2,1,1,1,1,20,3,11,1,69,90,1,1,0,78.9,Medium Risk
S04842,21,74,2,1,1,1,1,19,2,12,1,91,68,1,2,2,76.7,Medium Risk
S04843,21,74,2,1,2,0,1,23,3,1,1,89,59,1,2,2,72.5,Medium Risk
S04844,21,74,2,1,2,0,1,20,3,11,1,69,90,1,1,0,78.9,Medium Risk
S04845,21,74,2,1,2,0,1,19,2,12,1,91,68,1,2,2,76.7,Medium Risk
S04846,21,74,0,1,1,1,1,23,3,1,1,89,59,1,2,2,72.5,Medium Risk
S04847,21,74,0,1,1,1,1,20,3,11,1,69,90,1,1,0,78.9,Medium Risk
S04848,21,74,0,1,1,1,1,19,2,12,1,91,68,1,2,2,76.7,Medium Risk
S04849,24,83,2,0,0,1,0,26,2,7,0,98,80,1,0,1,86.3,Low Risk
S04850,24,83,1,1,2,1,0,26,2,7,0,98,80,1,0,1,86.3,Low Risk
S04851,23,80,0,1,1,1,1,27,0,11,1,68,55,0,2,2,66.4,Low Risk
S04852,23,80,0,1,1,1,1,28,2,14,1,53,64,1,0,2,65.5,Low Risk
S04853,23,80,0,1,1,1,1,29,1,5,1,77,79,1,1,1,78.7,Low Risk
S04854,23,80,1,0,0,1,1,27,0,11,1,68,55,0,2,2,66.4,Low Risk
S04855,23,80,1,0,0,1,1,28,2,14,1,53,64,1,0,2,65.5,Low Risk
S04856,23,80,1,0,0,1,1,29,1,5,1,77,79,1,1,1,78.7,Low Risk
S04857,23,80,2,1,1,1,1,27,0,11,1,68,55,0,2,2,66.4,Low Risk
S04858,23,80,2,1,1,1,1,28,2,14,1,53,64,1,0,2,65.5,Low Risk
S04859,23,80,2,1,1,1,1,29,1,5,1,77,79,1,1,1,78.7,Low Risk
S04860,23,80,0,1,1,1,1,27,0,11,1,68,55,0,2,2,66.4,Low Risk
S04861,23,80,0,1,1,1,1,28,2,14,1,53,64,1,0,2,65.5,Low Risk
S04862,23,80,0,1,1,1,1,29,1,5,1,77,79,1,1,1,78.7,Low Risk
S04863,23,80,2,0,0,1,1,27,0,11,1,68,55,0,2,2,66.4,Low Risk
S04864,23,80,2,0,0,1,1,28,2,14,1,53,64,1,0,2,65.5,Low Risk
S04865,23,80,2,0,0,1,1,29,1,5,1,77,79,1,1,1,78.7,Low Risk
S04866,23,80,2,1,1,1,1,27,0,11,1,68,55,0,2,2,66.4,Low Risk
S04867,23,80,2,1,1,1,1,28,2,14,1,53,64,1,0,2,65.5,Low Risk
S04868,23,80,2,1,1,1,1,29,1,5,1,77,79,1,1,1,78.7,Low Risk
S04869,23,80,1,0,0,1,1,27,0,11,1,68,55,0,2,2,66.4,Low Risk
S04870,23,80,1,0,0,1,1,28,2,14,1,53,64,1,0,2,65.5,Low Risk
S04871,23,80,1,0,0,1,1,29,1,5,1,77,79,1,1,1,78.7,Low Risk
S04872,23,80,1,0,1,1,1,27,0,11,1,68,55,0,2,2,66.4,Low Risk
S04873,23,80,1,0,1,1,1,28,2,14,1,53,64,1,0,2,65.5,Low Risk
S04874,23,80,1,0,1,1,1,29,1,5,1,77,79,1,1,1,78.7,Low Risk
S04875,15,71,2,0,0,1,0,19,0,12,1,87,43,1,1,3,64.6,Medium Risk
S04876,15,71,1,0,2,0,0,19,0,12,1,87,43,1,1,3,64.6,Medium Risk
S04877,15,71,2,1,0,1,0,19,0,12,1,87,43,1,1,3,64.6,Medium Risk
S04878,15,71,2,0,1,1,0,19,0,12,1,87,43,1,1,3,64.6,Medium Risk
S04879,15,71,1,0,2,0,0,19,0,12,1,87,43,1,1,3,64.6,Medium Risk
S04880,15,71,0,0,0,0,0,19,0,12,1,87,43,1,1,3,64.6,Medium Risk
S04881,23,75,2,1,0,1,0,21,2,13,1,72,94,0,0,0,81.7,Low Risk
S04882,23,75,2,1,0,1,0,25,0,14,1,89,82,1,2,1,82.0,Low Risk
S04883,23,75,1,1,0,1,0,21,2,13,1,72,94,0,0,0,81.7,Low Risk
S04884,23,75,1,1,0,1,0,25,0,14,1,89,82,1,2,1,82.0,Low Risk
S04885,23,75,1,1,2,1,0,21,2,13,1,72,94,0,0,0,81.7,Low Risk
S04886,23,75,1,1,2,1,0,25,0,14,1,89,82,1,2,1,82.0,Low Risk
S04887,23,75,1,0,0,1,0,21,2,13,1,72,94,0,0,0,81.7,Low Risk
S04888,23,75,1,0,0,1,0,25,0,14,1,89,82,1,2,1,82.0,Low Risk
S04889,23,75,0,1,2,1,0,21,2,13,1,72,94,0,0,0,81.7,Low Risk
S04890,23,75,0,1,2,1,0,25,0,14,1,89,82,1,2,1,82.0,Low Risk
S04891,23,75,2,1,1,0,0,21,2,13,1,72,94,0,0,0,81.7,Low Risk
S04892,23,75,2,1,1,0,0,25,0,14,1,89,82,1,2,1,82.0,Low Risk
S04893,23,75,2,1,1,1,0,21,2,13,1,72,94,0,0,0,81.7,Low Risk
S04894,23,75,2,1,1,1,0,25,0,14,1,89,82,1,2,1,82.0,Low Risk
S04895,31,63,2,0,0,1,1,27,1,8,1,91,91,1,2,0,82.6,Medium Risk
S04896,31,63,2,1,0,1,1,27,1,8,1,91,91,1,2,0,82.6,Medium Risk
S04897,28,62,2,0,1,1,1,24,0,2,0,50,51,1,2,3,54.0,Medium Risk
S04898,28,62,2,0,1,1,1,25,2,12,0,51,63,1,2,2,59.099999999999994,Medium Risk
S04899,28,62,1,1,1,1,1,24,0,2,0,50,51,1,2,3,54.0,Medium Risk
S04900,28,62,1,1,1,1,1,25,2,12,0,51,63,1,2,2,59.099999999999994,Medium Risk
S04901,28,62,1,0,2,1,1,24,0,2,0,50,51,1,2,3,54.0,Medium Risk
S04902,28,62,1,0,2,1,1,25,2,12,0,51,63,1,2,2,59.099999999999994,Medium Risk
S04903,30,70,1,0,1,1,0,18,3,12,1,59,89,0,0,0,74.3,Medium Risk
S04904,30,70,1,0,1,1,0,26,1,14,1,87,64,1,2,2,72.7,Medium Risk
S04905,30,70,1,0,1,1,0,18,1,18,0,54,89,1,2,0,72.8,Medium Risk
S04906,30,70,1,0,1,1,0,27,1,6,1,62,80,1,1,1,71.6,Medium Risk
S04907,30,70,1,0,1,1,0,21,3,10,1,50,70,1,1,1,64.0,Medium Risk
S04908,30,70,2,1,1,1,0,18,3,12,1,59,89,0,0,0,74.3,Medium Risk
S04909,30,70,2,1,1,1,0,26,1,14,1,87,64,1,2,2,72.7,Medium Risk
S04910,30,70,2,1,1,1,0,18,1,18,0,54,89,1,2,0,72.8,Medium Risk
S04911,30,70,2,1,1,1,0,27,1,6,1,62,80,1,1,1,71.6,Medium Risk
S04912,30,70,2,1,1,1,0,21,3,10,1,50,70,1,1,1,64.0,Medium Risk
S04913,30,70,1,0,1,1,0,18,3,12,1,59,89,0,0,0,74.3,Medium Risk
S04914,30,70,1,0,1,1,0,26,1,14,1,87,64,1,2,2,72.7,Medium Risk
S04915,30,70,1,0,1,1,0,18,1,18,0,54,89,1,2,0,72.8,Medium Risk
S04916,30,70,1,0,1,1,0,27,1,6,1,62,80,1,1,1,71.6,Medium Risk
S04917,30,70,1,0,1,1,0,21,3,10,1,50,70,1,1,1,64.0,Medium Risk
S04918,17,63,1,0,1,1,0,28,1,7,1,95,43,0,0,3,64.6,Medium Risk
S04919,17,63,1,0,1,1,0,23,3,20,1,72,42,0,2,3,57.3,Medium Risk
S04920,17,63,1,0,1,1,0,18,0,20,0,76,54,1,1,3,63.300000000000004,Medium Risk
S04921,17,63,1,0,1,1,0,23,2,19,0,73,79,1,0,1,72.4,Medium Risk
S04922,17,63,1,1,1,1,0,28,1,7,1,95,43,0,0,3,64.6,Medium Risk
S04923,17,63,1,1,1,1,0,23,3,20,1,72,42,0,2,3,57.3,Medium Risk
S04924,17,63,1,1,1,1,0,18,0,20,0,76,54,1,1,3,63.300000000000004,Medium Risk
S04925,17,63,1,1,1,1,0,23,2,19,0,73,79,1,0,1,72.4,Medium Risk
S04926,14,64,2,1,0,1,0,20,0,13,1,93,62,1,2,2,71.9,Medium Risk
S04927,14,64,2,1,0,1,0,23,0,18,1,51,96,1,2,0,72.9,Medium Risk
S04928,19,93,2,0,1,1,1,27,0,10,1,52,91,0,2,0,79.9,Low Risk
S04929,19,93,2,0,1,1,1,27,0,10,1,52,91,0,2,0,79.9,Low Risk
S04930,19,93,1,0,2,0,1,27,0,10,1,52,91,0,2,0,79.9,Low Risk
S04931,19,93,2,1,1,1,1,27,0,10,1,52,91,0,2,0,79.9,Low Risk
S04932,20,62,1,1,2,1,1,24,1,6,0,56,79,1,0,1,67.0,Medium Risk
S04933,20,62,1,1,2,1,1,20,1,17,0,81,64,1,1,2,68.5,Medium Risk
S04934,20,62,1,1,2,1,1,27,2,19,1,61,83,1,0,1,70.1,Medium Risk
S04935,20,62,0,0,2,1,1,24,1,6,0,56,79,1,0,1,67.0,Medium Risk
S04936,20,62,0,0,2,1,1,20,1,17,0,81,64,1,1,2,68.5,Medium Risk
S04937,20,62,0,0,2,1,1,27,2,19,1,61,83,1,0,1,70.1,Medium Risk
S04938,20,62,1,1,0,1,1,24,1,6,0,56,79,1,0,1,67.0,Medium Risk
S04939,20,62,1,1,0,1,1,20,1,17,0,81,64,1,1,2,68.5,Medium Risk
S04940,20,62,1,1,0,1,1,27,2,19,1,61,83,1,0,1,70.1,Medium Risk
S04941,20,62,1,1,2,1,1,24,1,6,0,56,79,1,0,1,67.0,Medium Risk
S04942,20,62,1,1,2,1,1,20,1,17,0,81,64,1,1,2,68.5,Medium Risk
S04943,20,62,1,1,2,1,1,27,2,19,1,61,83,1,0,1,70.1,Medium Risk
S04944,20,62,1,1,0,1,1,24,1,6,0,56,79,1,0,1,67.0,Medium Risk
S04945,20,62,1,1,0,1,1,20,1,17,0,81,64,1,1,2,68.5,Medium Risk
S04946,20,62,1,1,0,1,1,27,2,19,1,61,83,1,0,1,70.1,Medium Risk
S04947,20,62,1,0,2,1,1,24,1,6,0,56,79,1,0,1,67.0,Medium Risk
S04948,20,62,1,0,2,1,1,20,1,17,0,81,64,1,1,2,68.5,Medium Risk
S04949,20,62,1,0,2,1,1,27,2,19,1,61,83,1,0,1,70.1,Medium Risk
S04950,20,62,1,1,0,1,1,24,1,6,0,56,79,1,0,1,67.0,Medium Risk
S04951,20,62,1,1,0,1,1,20,1,17,0,81,64,1,1,2,68.5,Medium Risk
S04952,20,62,1,1,0,1,1,27,2,19,1,61,83,1,0,1,70.1,Medium Risk
S04953,20,62,1,1,2,1,1,24,1,6,0,56,79,1,0,1,67.0,Medium Risk
S04954,20,62,1,1,2,1,1,20,1,17,0,81,64,1,1,2,68.5,Medium Risk
S04955,20,62,1,1,2,1,1,27,2,19,1,61,83,1,0,1,70.1,Medium Risk
S04956,27,86,1,1,0,1,0,23,1,4,0,93,47,1,2,3,72.5,Medium Risk
S04957,27,86,1,1,0,1,0,26,2,20,0,87,66,1,1,2,78.3,Low Risk
S04958,27,86,1,1,2,1,0,23,1,4,0,93,47,1,2,3,72.5,Medium Risk
S04959,27,86,1,1,2,1,0,26,2,20,0,87,66,1,1,2,78.3,Low Risk
S04960,10,71,1,1,2,1,0,23,2,1,0,99,59,1,2,2,74.6,Medium Risk
S04961,10,71,1,1,2,1,0,27,1,7,1,76,97,1,2,0,82.9,Medium Risk
S04962,10,71,0,0,0,1,0,23,2,1,0,99,59,1,2,2,74.6,Medium Risk
S04963,10,71,0,0,0,1,0,27,1,7,1,76,97,1,2,0,82.9,Medium Risk
S04964,19,79,1,1,0,1,1,27,2,14,0,70,40,1,1,3,60.7,Medium Risk
S04965,19,79,2,1,1,1,1,27,2,14,0,70,40,1,1,3,60.7,Medium Risk
S04966,19,79,1,0,2,1,1,27,2,14,0,70,40,1,1,3,60.7,Medium Risk
S04967,19,79,1,0,1,1,1,27,2,14,0,70,40,1,1,3,60.7,Medium Risk
S04968,19,79,2,1,0,1,1,27,2,14,0,70,40,1,1,3,60.7,Medium Risk
S04969,19,79,2,1,1,1,1,27,2,14,0,70,40,1,1,3,60.7,Medium Risk
S04970,19,79,2,1,1,1,1,27,2,14,0,70,40,1,1,3,60.7,Medium Risk
S04971,19,79,1,0,2,1,1,27,2,14,0,70,40,1,1,3,60.7,Medium Risk
S04972,19,79,1,1,0,1,1,27,2,14,0,70,40,1,1,3,60.7,Medium Risk
S04973,19,79,2,1,1,1,1,27,2,14,0,70,40,1,1,3,60.7,Medium Risk
S04974,17,72,2,1,0,1,1,27,3,8,0,94,75,1,2,1,79.8,Medium Risk
S04975,17,72,1,1,2,1,1,27,3,8,0,94,75,1,2,1,79.8,Medium Risk
S04976,17,72,1,1,1,1,1,27,3,8,0,94,75,1,2,1,79.8,Medium Risk
S04977,17,72,2,1,0,1,1,27,3,8,0,94,75,1,2,1,79.8,Medium Risk
S04978,17,72,1,0,1,1,1,27,3,8,0,94,75,1,2,1,79.8,Medium Risk
S04979,17,72,1,0,2,1,1,27,3,8,0,94,75,1,2,1,79.8,Medium Risk
S04980,17,72,1,1,2,1,1,27,3,8,0,94,75,1,2,1,79.8,Medium Risk
S04981,14,81,1,1,0,0,1,19,1,8,1,68,44,1,2,3,62.3,Medium Risk
S04982,14,81,1,1,0,0,1,22,0,13,0,54,42,1,1,3,57.3,Medium Risk
S04983,14,81,1,1,0,0,1,21,0,9,1,64,79,1,2,1,75.1,Low Risk
S04984,14,81,1,0,0,1,1,19,1,8,1,68,44,1,2,3,62.3,Medium Risk
S04985,14,81,1,0,0,1,1,22,0,13,0,54,42,1,1,3,57.3,Medium Risk
S04986,14,81,1,0,0,1,1,21,0,9,1,64,79,1,2,1,75.1,Low Risk
S04987,14,81,1,1,2,1,1,19,1,8,1,68,44,1,2,3,62.3,Medium Risk
S04988,14,81,1,1,2,1,1,22,0,13,0,54,42,1,1,3,57.3,Medium Risk
S04989,14,81,1,1,2,1,1,21,0,9,1,64,79,1,2,1,75.1,Low Risk
S04990,14,81,1,1,1,1,1,19,1,8,1,68,44,1,2,3,62.3,Medium Risk
S04991,14,81,1,1,1,1,1,22,0,13,0,54,42,1,1,3,57.3,Medium Risk
S04992,14,81,1,1,1,1,1,21,0,9,1,64,79,1,2,1,75.1,Low Risk
S04993,14,81,1,1,0,1,1,19,1,8,1,68,44,1,2,3,62.3,Medium Risk
S04994,14,81,1,1,0,1,1,22,0,13,0,54,42,1,1,3,57.3,Medium Risk
S04995,14,81,1,1,0,1,1,21,0,9,1,64,79,1,2,1,75.1,Low Risk
S04996,14,81,1,1,1,1,1,19,1,8,1,68,44,1,2,3,62.3,Medium Risk
S04997,14,81,1,1,1,1,1,22,0,13,0,54,42,1,1,3,57.3,Medium Risk
S04998,14,81,1,1,1,1,1,21,0,9,1,64,79,1,2,1,75.1,Low Risk
S04999,14,81,2,0,1,1,1,19,1,8,1,68,44,1,2,3,62.3,Medium Risk
S05000,14,81,2,0,1,1,1,22,0,13,0,54,42,1,1,3,57.3,Medium Risk
S05001,14,81,2,0,1,1,1,21,0,9,1,64,79,1,2,1,75.1,Low Risk
S05002,10,75,1,0,1,1,0,24,3,2,0,61,40,0,1,3,56.8,Medium Risk
S05003,10,75,1,0,1,1,0,23,1,17,1,56,42,1,2,3,56.1,Medium Risk
S05004,10,75,1,0,1,1,0,26,2,19,1,80,98,0,2,0,85.7,Low Risk
S05005,10,75,1,0,0,1,0,24,3,2,0,61,40,0,1,3,56.8,Medium Risk
S05006,10,75,1,0,0,1,0,23,1,17,1,56,42,1,2,3,56.1,Medium Risk
S05007,10,75,1,0,0,1,0,26,2,19,1,80,98,0,2,0,85.7,Low Risk
S05008,25,83,1,1,1,1,0,19,2,11,1,90,41,1,1,3,68.30000000000001,Medium Risk
S05009,12,77,1,1,1,1,1,29,3,3,1,77,81,0,0,1,78.6,Low Risk
S05010,12,77,1,1,1,1,1,21,0,1,1,65,65,0,1,2,68.6,Low Risk
S05011,12,77,0,1,1,1,1,29,3,3,1,77,81,0,0,1,78.6,Low Risk
S05012,12,77,0,1,1,1,1,21,0,1,1,65,65,0,1,2,68.6,Low Risk
S05013,18,74,1,0,1,1,1,25,3,15,1,89,81,1,2,1,81.3,Medium Risk
S05014,18,74,0,1,2,1,1,25,3,15,1,89,81,1,2,1,81.3,Medium Risk
S05015,18,74,1,1,0,1,1,25,3,15,1,89,81,1,2,1,81.3,Medium Risk
S05016,18,74,1,0,2,1,1,25,3,15,1,89,81,1,2,1,81.3,Medium Risk
S05017,18,74,1,1,1,1,1,25,3,15,1,89,81,1,2,1,81.3,Medium Risk
S05018,18,74,2,0,2,1,1,25,3,15,1,89,81,1,2,1,81.3,Medium Risk
S05019,30,88,1,0,1,1,0,22,1,20,1,84,69,1,2,2,79.19999999999999,Low Risk
S05020,30,88,1,0,1,1,0,24,1,16,0,62,50,1,2,3,65.0,Low Risk
S05021,30,88,1,0,1,1,0,25,3,15,0,60,98,1,2,0,83.6,Low Risk
S05022,30,88,1,0,1,1,0,24,3,15,1,94,81,1,2,1,87.0,Low Risk
S05023,30,88,1,0,1,1,0,26,1,6,0,73,57,1,0,2,71.1,Low Risk
S05024,30,88,1,1,2,1,0,22,1,20,1,84,69,1,2,2,79.19999999999999,Low Risk
S05025,30,88,1,1,2,1,0,24,1,16,0,62,50,1,2,3,65.0,Low Risk
S05026,30,88,1,1,2,1,0,25,3,15,0,60,98,1,2,0,83.6,Low Risk
S05027,30,88,1,1,2,1,0,24,3,15,1,94,81,1,2,1,87.0,Low Risk
S05028,30,88,1,1,2,1,0,26,1,6,0,73,57,1,0,2,71.1,Low Risk
S05029,30,88,1,1,1,1,0,22,1,20,1,84,69,1,2,2,79.19999999999999,Low Risk
S05030,30,88,1,1,1,1,0,24,1,16,0,62,50,1,2,3,65.0,Low Risk
S05031,30,88,1,1,1,1,0,25,3,15,0,60,98,1,2,0,83.6,Low Risk
S05032,30,88,1,1,1,1,0,24,3,15,1,94,81,1,2,1,87.0,Low Risk
S05033,30,88,1,1,1,1,0,26,1,6,0,73,57,1,0,2,71.1,Low Risk
S05034,30,88,1,1,0,1,0,22,1,20,1,84,69,1,2,2,79.19999999999999,Low Risk
S05035,30,88,1,1,0,1,0,24,1,16,0,62,50,1,2,3,65.0,Low Risk
S05036,30,88,1,1,0,1,0,25,3,15,0,60,98,1,2,0,83.6,Low Risk
S05037,30,88,1,1,0,1,0,24,3,15,1,94,81,1,2,1,87.0,Low Risk
S05038,30,88,1,1,0,1,0,26,1,6,0,73,57,1,0,2,71.1,Low Risk
S05039,11,93,1,1,0,1,1,19,3,20,1,81,93,0,2,0,89.4,Low Risk
S05040,11,93,1,1,0,1,1,19,1,12,1,51,89,1,1,0,78.8,Low Risk
S05041,11,93,1,0,1,1,1,19,3,20,1,81,93,0,2,0,89.4,Low Risk
S05042,11,93,1,0,1,1,1,19,1,12,1,51,89,1,1,0,78.8,Low Risk
S05043,19,78,2,0,1,1,1,19,1,8,1,87,56,1,0,2,71.9,Low Risk
S05044,19,78,1,0,0,1,1,19,1,8,1,87,56,1,0,2,71.9,Low Risk
S05045,19,78,2,1,1,1,1,19,1,8,1,87,56,1,0,2,71.9,Low Risk
S05046,19,78,1,1,1,1,1,19,1,8,1,87,56,1,0,2,71.9,Low Risk
S05047,20,94,1,0,1,1,1,28,0,0,0,84,50,1,2,3,73.4,Low Risk
S05048,20,94,2,1,1,1,1,28,0,0,0,84,50,1,2,3,73.4,Low Risk
S05049,20,94,1,1,1,1,1,28,0,0,0,84,50,1,2,3,73.4,Low Risk
S05050,20,94,0,1,0,1,1,28,0,0,0,84,50,1,2,3,73.4,Low Risk
S05051,19,89,1,0,1,1,0,21,0,10,1,78,47,0,2,3,68.9,Medium Risk
S05052,19,89,1,0,1,1,0,24,3,7,1,95,80,0,0,1,87.2,Low Risk
S05053,19,89,1,0,1,1,0,27,2,6,0,95,47,1,2,3,74.0,Medium Risk
S05054,19,89,1,0,1,1,0,23,0,2,1,54,87,1,0,0,77.7,Low Risk
S05055,19,89,1,1,0,1,0,21,0,10,1,78,47,0,2,3,68.9,Medium Risk
S05056,19,89,1,1,0,1,0,24,3,7,1,95,80,0,0,1,87.2,Low Risk
S05057,19,89,1,1,0,1,0,27,2,6,0,95,47,1,2,3,74.0,Medium Risk
S05058,19,89,1,1,0,1,0,23,0,2,1,54,87,1,0,0,77.7,Low Risk
S05059,19,89,2,1,0,1,0,21,0,10,1,78,47,0,2,3,68.9,Medium Risk
S05060,19,89,2,1,0,1,0,24,3,7,1,95,80,0,0,1,87.2,Low Risk
S05061,19,89,2,1,0,1,0,27,2,6,0,95,47,1,2,3,74.0,Medium Risk
S05062,19,89,2,1,0,1,0,23,0,2,1,54,87,1,0,0,77.7,Low Risk
S05063,19,89,0,1,1,1,0,21,0,10,1,78,47,0,2,3,68.9,Medium Risk
S05064,19,89,0,1,1,1,0,24,3,7,1,95,80,0,0,1,87.2,Low Risk
S05065,19,89,0,1,1,1,0,27,2,6,0,95,47,1,2,3,74.0,Medium Risk
S05066,19,89,0,1,1,1,0,23,0,2,1,54,87,1,0,0,77.7,Low Risk
S05067,19,89,1,1,0,1,0,21,0,10,1,78,47,0,2,3,68.9,Medium Risk
S05068,19,89,1,1,0,1,0,24,3,7,1,95,80,0,0,1,87.2,Low Risk
S05069,19,89,1,1,0,1,0,27,2,6,0,95,47,1,2,3,74.0,Medium Risk
S05070,19,89,1,1,0,1,0,23,0,2,1,54,87,1,0,0,77.7,Low Risk
S05071,19,89,0,0,1,1,0,21,0,10,1,78,47,0,2,3,68.9,Medium Risk
S05072,19,89,0,0,1,1,0,24,3,7,1,95,80,0,0,1,87.2,Low Risk
S05073,19,89,0,0,1,1,0,27,2,6,0,95,47,1,2,3,74.0,Medium Risk
S05074,19,89,0,0,1,1,0,23,0,2,1,54,87,1,0,0,77.7,Low Risk
S05075,19,89,1,1,2,1,0,21,0,10,1,78,47,0,2,3,68.9,Medium Risk
S05076,19,89,1,1,2,1,0,24,3,7,1,95,80,0,0,1,87.2,Low Risk
S05077,19,89,1,1,2,1,0,27,2,6,0,95,47,1,2,3,74.0,Medium Risk
S05078,19,89,1,1,2,1,0,23,0,2,1,54,87,1,0,0,77.7,Low Risk
S05079,19,89,2,1,1,1,0,21,0,10,1,78,47,0,2,3,68.9,Medium Risk
S05080,19,89,2,1,1,1,0,24,3,7,1,95,80,0,0,1,87.2,Low Risk
S05081,19,89,2,1,1,1,0,27,2,6,0,95,47,1,2,3,74.0,Medium Risk
S05082,19,89,2,1,1,1,0,23,0,2,1,54,87,1,0,0,77.7,Low Risk
S05083,27,73,1,0,0,1,1,20,2,14,1,63,45,1,2,3,58.8,Medium Risk
S05084,27,73,1,0,0,1,1,22,3,20,1,66,82,1,1,1,74.5,Medium Risk
S05085,18,99,2,1,0,1,1,18,1,8,1,90,68,1,0,2,83.9,Low Risk
S05086,18,99,2,1,0,1,1,20,3,7,1,68,77,1,2,1,80.9,Low Risk
S05087,18,99,1,0,1,1,1,18,1,8,1,90,68,1,0,2,83.9,Low Risk
S05088,18,99,1,0,1,1,1,20,3,7,1,68,77,1,2,1,80.9,Low Risk
S05089,18,99,2,1,1,1,1,18,1,8,1,90,68,1,0,2,83.9,Low Risk
S05090,18,99,2,1,1,1,1,20,3,7,1,68,77,1,2,1,80.9,Low Risk
S05091,18,99,2,1,0,1,1,18,1,8,1,90,68,1,0,2,83.9,Low Risk
S05092,18,99,2,1,0,1,1,20,3,7,1,68,77,1,2,1,80.9,Low Risk
S05093,18,99,1,0,1,0,1,18,1,8,1,90,68,1,0,2,83.9,Low Risk
S05094,18,99,1,0,1,0,1,20,3,7,1,68,77,1,2,1,80.9,Low Risk
S05095,35,78,0,1,1,1,1,23,0,12,0,85,40,0,0,3,64.9,Medium Risk
S05096,35,78,0,1,1,1,1,22,1,10,0,89,50,1,1,3,70.1,Low Risk
S05097,20,76,2,1,0,1,1,29,0,5,0,79,91,1,2,0,82.89999999999999,Low Risk
S05098,20,76,2,1,0,1,1,22,3,9,0,59,55,1,1,2,62.5,Low Risk
S05099,20,76,2,1,0,1,1,26,2,10,0,58,62,1,2,2,65.0,Low Risk
S05100,20,76,1,1,1,1,1,29,0,5,0,79,91,1,2,0,82.89999999999999,Low Risk
S05101,20,76,1,1,1,1,1,22,3,9,0,59,55,1,1,2,62.5,Low Risk
S05102,20,76,1,1,1,1,1,26,2,10,0,58,62,1,2,2,65.0,Low Risk
S05103,20,76,1,0,0,1,1,29,0,5,0,79,91,1,2,0,82.89999999999999,Low Risk
S05104,20,76,1,0,0,1,1,22,3,9,0,59,55,1,1,2,62.5,Low Risk
S05105,20,76,1,0,0,1,1,26,2,10,0,58,62,1,2,2,65.0,Low Risk
S05106,20,76,1,0,0,1,1,29,0,5,0,79,91,1,2,0,82.89999999999999,Low Risk
S05107,20,76,1,0,0,1,1,22,3,9,0,59,55,1,1,2,62.5,Low Risk
S05108,20,76,1,0,0,1,1,26,2,10,0,58,62,1,2,2,65.0,Low Risk
S05109,20,83,1,0,1,1,0,21,2,17,0,56,67,1,2,2,68.5,Low Risk
S05110,20,83,1,0,1,1,0,22,1,8,1,89,78,1,2,1,82.80000000000001,Low Risk
S05111,20,83,1,0,1,1,0,21,1,2,1,57,78,1,1,1,73.19999999999999,Low Risk
S05112,20,83,1,1,2,1,0,21,2,17,0,56,67,1,2,2,68.5,Low Risk
S05113,20,83,1,1,2,1,0,22,1,8,1,89,78,1,2,1,82.80000000000001,Low Risk
S05114,20,83,1,1,2,1,0,21,1,2,1,57,78,1,1,1,73.19999999999999,Low Risk
S05115,20,83,2,1,2,1,0,21,2,17,0,56,67,1,2,2,68.5,Low Risk
S05116,20,83,2,1,2,1,0,22,1,8,1,89,78,1,2,1,82.80000000000001,Low Risk
S05117,20,83,2,1,2,1,0,21,1,2,1,57,78,1,1,1,73.19999999999999,Low Risk
S05118,20,83,1,1,1,1,0,21,2,17,0,56,67,1,2,2,68.5,Low Risk
S05119,20,83,1,1,1,1,0,22,1,8,1,89,78,1,2,1,82.80000000000001,Low Risk
S05120,20,83,1,1,1,1,0,21,1,2,1,57,78,1,1,1,73.19999999999999,Low Risk
S05121,20,83,0,1,1,1,0,21,2,17,0,56,67,1,2,2,68.5,Low Risk
S05122,20,83,0,1,1,1,0,22,1,8,1,89,78,1,2,1,82.80000000000001,Low Risk
S05123,20,83,0,1,1,1,0,21,1,2,1,57,78,1,1,1,73.19999999999999,Low Risk
S05124,20,83,2,1,1,1,0,21,2,17,0,56,67,1,2,2,68.5,Low Risk
S05125,20,83,2,1,1,1,0,22,1,8,1,89,78,1,2,1,82.80000000000001,Low Risk
S05126,20,83,2,1,1,1,0,21,1,2,1,57,78,1,1,1,73.19999999999999,Low Risk
S05127,20,83,0,1,2,1,0,21,2,17,0,56,67,1,2,2,68.5,Low Risk
S05128,20,83,0,1,2,1,0,22,1,8,1,89,78,1,2,1,82.80000000000001,Low Risk
S05129,20,83,0,1,2,1,0,21,1,2,1,57,78,1,1,1,73.19999999999999,Low Risk
S05130,20,83,0,0,0,1,0,21,2,17,0,56,67,1,2,2,68.5,Low Risk
S05131,20,83,0,0,0,1,0,22,1,8,1,89,78,1,2,1,82.80000000000001,Low Risk
S05132,20,83,0,0,0,1,0,21,1,2,1,57,78,1,1,1,73.19999999999999,Low Risk
S05133,21,98,1,0,0,1,1,18,0,10,1,83,79,0,0,1,85.9,Low Risk
S05134,21,98,1,0,0,1,1,29,2,3,0,78,82,1,2,1,85.6,Low Risk
S05135,21,98,2,0,0,1,1,18,0,10,1,83,79,0,0,1,85.9,Low Risk
S05136,21,98,2,0,0,1,1,29,2,3,0,78,82,1,2,1,85.6,Low Risk
S05137,21,98,1,0,1,1,1,18,0,10,1,83,79,0,0,1,85.9,Low Risk
S05138,21,98,1,0,1,1,1,29,2,3,0,78,82,1,2,1,85.6,Low Risk
S05139,21,98,1,1,1,1,1,18,0,10,1,83,79,0,0,1,85.9,Low Risk
S05140,21,98,1,1,1,1,1,29,2,3,0,78,82,1,2,1,85.6,Low Risk
S05141,21,98,2,1,1,1,1,18,0,10,1,83,79,0,0,1,85.9,Low Risk
S05142,21,98,2,1,1,1,1,29,2,3,0,78,82,1,2,1,85.6,Low Risk
S05143,21,98,0,1,1,1,1,18,0,10,1,83,79,0,0,1,85.9,Low Risk
S05144,21,98,0,1,1,1,1,29,2,3,0,78,82,1,2,1,85.6,Low Risk
S05145,21,98,2,1,1,1,1,18,0,10,1,83,79,0,0,1,85.9,Low Risk
S05146,21,98,2,1,1,1,1,29,2,3,0,78,82,1,2,1,85.6,Low Risk
S05147,21,98,1,1,0,1,1,18,0,10,1,83,79,0,0,1,85.9,Low Risk
S05148,21,98,1,1,0,1,1,29,2,3,0,78,82,1,2,1,85.6,Low Risk
S05149,21,98,0,1,0,1,1,18,0,10,1,83,79,0,0,1,85.9,Low Risk
S05150,21,98,0,1,0,1,1,29,2,3,0,78,82,1,2,1,85.6,Low Risk
S05151,19,81,2,0,0,1,1,26,0,16,1,67,100,1,2,0,84.39999999999999,Low Risk
S05152,19,81,2,0,0,1,1,24,2,4,1,99,70,1,1,1,82.0,Low Risk
S05153,19,81,2,1,1,1,1,26,0,16,1,67,100,1,2,0,84.39999999999999,Low Risk
S05154,19,81,2,1,1,1,1,24,2,4,1,99,70,1,1,1,82.0,Low Risk
S05155,19,81,0,1,2,1,1,26,0,16,1,67,100,1,2,0,84.39999999999999,Low Risk
S05156,19,81,0,1,2,1,1,24,2,4,1,99,70,1,1,1,82.0,Low Risk
S05157,19,81,0,1,0,1,1,26,0,16,1,67,100,1,2,0,84.39999999999999,Low Risk
S05158,19,81,0,1,0,1,1,24,2,4,1,99,70,1,1,1,82.0,Low Risk
S05159,19,81,1,1,1,1,1,26,0,16,1,67,100,1,2,0,84.39999999999999,Low Risk
S05160,19,81,1,1,1,1,1,24,2,4,1,99,70,1,1,1,82.0,Low Risk
S05161,19,81,1,1,2,1,1,26,0,16,1,67,100,1,2,0,84.39999999999999,Low Risk
S05162,19,81,1,1,2,1,1,24,2,4,1,99,70,1,1,1,82.0,Low Risk
S05163,17,93,1,1,1,1,0,24,1,17,1,52,82,1,2,1,76.30000000000001,Low Risk
S05164,17,93,1,1,1,1,0,25,1,1,1,53,80,1,1,1,75.8,Low Risk
S05165,17,93,1,1,1,1,0,18,0,15,1,58,78,0,1,1,76.5,Low Risk
S05166,17,93,1,1,1,1,0,18,2,18,1,61,86,0,2,0,80.6,Low Risk
S05167,17,93,1,0,0,1,0,24,1,17,1,52,82,1,2,1,76.30000000000001,Low Risk
S05168,17,93,1,0,0,1,0,25,1,1,1,53,80,1,1,1,75.8,Low Risk
S05169,17,93,1,0,0,1,0,18,0,15,1,58,78,0,1,1,76.5,Low Risk
S05170,17,93,1,0,0,1,0,18,2,18,1,61,86,0,2,0,80.6,Low Risk
S05171,17,93,1,0,1,1,0,24,1,17,1,52,82,1,2,1,76.30000000000001,Low Risk
S05172,17,93,1,0,1,1,0,25,1,1,1,53,80,1,1,1,75.8,Low Risk
S05173,17,93,1,0,1,1,0,18,0,15,1,58,78,0,1,1,76.5,Low Risk
S05174,17,93,1,0,1,1,0,18,2,18,1,61,86,0,2,0,80.6,Low Risk
S05175,17,82,0,0,0,1,1,29,3,6,1,71,61,1,0,2,70.3,Low Risk
S05176,17,82,0,0,0,1,1,21,1,16,1,56,64,0,2,2,67.0,Low Risk
S05177,17,82,0,0,0,1,1,24,2,2,0,65,46,1,2,3,62.5,Medium Risk
S05178,17,82,1,0,1,1,1,29,3,6,1,71,61,1,0,2,70.3,Low Risk
S05179,17,82,1,0,1,1,1,21,1,16,1,56,64,0,2,2,67.0,Low Risk
S05180,17,82,1,0,1,1,1,24,2,2,0,65,46,1,2,3,62.5,Medium Risk
S05181,17,82,2,0,1,1,1,29,3,6,1,71,61,1,0,2,70.3,Low Risk
S05182,17,82,2,0,1,1,1,21,1,16,1,56,64,0,2,2,67.0,Low Risk
S05183,17,82,2,0,1,1,1,24,2,2,0,65,46,1,2,3,62.5,Medium Risk
S05184,17,82,1,1,1,1,1,29,3,6,1,71,61,1,0,2,70.3,Low Risk
S05185,17,82,1,1,1,1,1,21,1,16,1,56,64,0,2,2,67.0,Low Risk
S05186,17,82,1,1,1,1,1,24,2,2,0,65,46,1,2,3,62.5,Medium Risk
S05187,17,82,1,1,1,1,1,29,3,6,1,71,61,1,0,2,70.3,Low Risk
S05188,17,82,1,1,1,1,1,21,1,16,1,56,64,0,2,2,67.0,Low Risk
S05189,17,82,1,1,1,1,1,24,2,2,0,65,46,1,2,3,62.5,Medium Risk
S05190,17,82,1,1,1,1,1,29,3,6,1,71,61,1,0,2,70.3,Low Risk
S05191,17,82,1,1,1,1,1,21,1,16,1,56,64,0,2,2,67.0,Low Risk
S05192,17,82,1,1,1,1,1,24,2,2,0,65,46,1,2,3,62.5,Medium Risk
S05193,17,82,1,0,1,1,1,29,3,6,1,71,61,1,0,2,70.3,Low Risk
S05194,17,82,1,0,1,1,1,21,1,16,1,56,64,0,2,2,67.0,Low Risk
S05195,17,82,1,0,1,1,1,24,2,2,0,65,46,1,2,3,62.5,Medium Risk
S05196,17,82,2,1,2,1,1,29,3,6,1,71,61,1,0,2,70.3,Low Risk
S05197,17,82,2,1,2,1,1,21,1,16,1,56,64,0,2,2,67.0,Low Risk
S05198,17,82,2,1,2,1,1,24,2,2,0,65,46,1,2,3,62.5,Medium Risk
S05199,17,82,1,1,1,1,1,29,3,6,1,71,61,1,0,2,70.3,Low Risk
S05200,17,82,1,1,1,1,1,21,1,16,1,56,64,0,2,2,67.0,Low Risk
S05201,17,82,1,1,1,1,1,24,2,2,0,65,46,1,2,3,62.5,Medium Risk
S05202,16,83,1,0,1,1,1,29,0,5,1,75,46,1,2,3,65.80000000000001,Medium Risk
S05203,16,83,1,0,1,1,1,21,3,13,1,61,95,0,1,0,81.19999999999999,Low Risk
S05204,16,83,2,1,1,1,1,29,0,5,1,75,46,1,2,3,65.80000000000001,Medium Risk
S05205,16,83,2,1,1,1,1,21,3,13,1,61,95,0,1,0,81.19999999999999,Low Risk
S05206,16,83,0,1,1,1,1,29,0,5,1,75,46,1,2,3,65.80000000000001,Medium Risk
S05207,16,83,0,1,1,1,1,21,3,13,1,61,95,0,1,0,81.19999999999999,Low Risk
S05208,16,83,1,1,1,1,1,29,0,5,1,75,46,1,2,3,65.80000000000001,Medium Risk
S05209,16,83,1,1,1,1,1,21,3,13,1,61,95,0,1,0,81.19999999999999,Low Risk
S05210,16,83,2,1,1,1,1,29,0,5,1,75,46,1,2,3,65.80000000000001,Medium Risk
S05211,16,83,2,1,1,1,1,21,3,13,1,61,95,0,1,0,81.19999999999999,Low Risk
S05212,27,68,1,0,1,1,1,25,0,11,1,87,55,1,1,2,68.5,Medium Risk
S05213,27,68,1,0,1,1,1,22,2,3,0,90,76,1,2,1,77.80000000000001,Medium Risk
S05214,27,68,1,0,1,1,1,28,2,8,1,51,43,0,1,3,52.9,Medium Risk
S05215,27,68,1,1,0,1,1,25,0,11,1,87,55,1,1,2,68.5,Medium Risk
S05216,27,68,1,1,0,1,1,22,2,3,0,90,76,1,2,1,77.80000000000001,Medium Risk
S05217,27,68,1,1,0,1,1,28,2,8,1,51,43,0,1,3,52.9,Medium Risk
S05218,27,68,1,1,0,1,1,25,0,11,1,87,55,1,1,2,68.5,Medium Risk
S05219,27,68,1,1,0,1,1,22,2,3,0,90,76,1,2,1,77.80000000000001,Medium Risk
S05220,27,68,1,1,0,1,1,28,2,8,1,51,43,0,1,3,52.9,Medium Risk
S05221,27,68,0,1,1,1,1,25,0,11,1,87,55,1,1,2,68.5,Medium Risk
S05222,27,68,0,1,1,1,1,22,2,3,0,90,76,1,2,1,77.80000000000001,Medium Risk
S05223,27,68,0,1,1,1,1,28,2,8,1,51,43,0,1,3,52.9,Medium Risk
S05224,27,68,1,0,2,1,1,25,0,11,1,87,55,1,1,2,68.5,Medium Risk
S05225,27,68,1,0,2,1,1,22,2,3,0,90,76,1,2,1,77.80000000000001,Medium Risk
S05226,27,68,1,0,2,1,1,28,2,8,1,51,43,0,1,3,52.9,Medium Risk
S05227,27,68,0,1,2,1,1,25,0,11,1,87,55,1,1,2,68.5,Medium Risk
S05228,27,68,0,1,2,1,1,22,2,3,0,90,76,1,2,1,77.80000000000001,Medium Risk
S05229,27,68,0,1,2,1,1,28,2,8,1,51,43,0,1,3,52.9,Medium Risk
S05230,27,97,2,1,0,1,1,20,0,3,1,69,97,1,2,0,88.6,Low Risk
S05231,27,97,2,1,0,1,1,22,2,1,1,61,50,1,2,3,67.39999999999999,Low Risk
S05232,27,97,2,1,0,1,1,24,3,11,0,79,100,1,2,0,92.8,Low Risk
S05233,8,94,0,0,2,1,0,23,2,3,0,81,88,1,1,0,87.7,Low Risk
S05234,8,94,0,0,2,1,0,25,3,3,0,73,44,1,2,3,67.7,Medium Risk
S05235,18,91,2,1,2,1,1,24,2,4,0,65,56,1,2,2,69.2,Low Risk
S05236,18,91,2,1,2,1,1,28,2,6,0,87,72,1,1,1,82.2,Low Risk
S05237,18,91,2,1,2,1,1,22,3,7,1,85,92,1,1,0,89.60000000000001,Low Risk
S05238,18,91,2,1,2,1,1,20,0,11,0,63,71,0,0,1,74.6,Low Risk
S05239,18,91,1,0,2,1,1,24,2,4,0,65,56,1,2,2,69.2,Low Risk
S05240,18,91,1,0,2,1,1,28,2,6,0,87,72,1,1,1,82.2,Low Risk
S05241,18,91,1,0,2,1,1,22,3,7,1,85,92,1,1,0,89.60000000000001,Low Risk
S05242,18,91,1,0,2,1,1,20,0,11,0,63,71,0,0,1,74.6,Low Risk
S05243,18,91,2,1,2,1,1,24,2,4,0,65,56,1,2,2,69.2,Low Risk
S05244,18,91,2,1,2,1,1,28,2,6,0,87,72,1,1,1,82.2,Low Risk
S05245,18,91,2,1,2,1,1,22,3,7,1,85,92,1,1,0,89.60000000000001,Low Risk
S05246,18,91,2,1,2,1,1,20,0,11,0,63,71,0,0,1,74.6,Low Risk
S05247,18,91,0,0,1,1,1,24,2,4,0,65,56,1,2,2,69.2,Low Risk
S05248,18,91,0,0,1,1,1,28,2,6,0,87,72,1,1,1,82.2,Low Risk
S05249,18,91,0,0,1,1,1,22,3,7,1,85,92,1,1,0,89.60000000000001,Low Risk
S05250,18,91,0,0,1,1,1,20,0,11,0,63,71,0,0,1,74.6,Low Risk
S05251,18,91,1,0,1,1,1,24,2,4,0,65,56,1,2,2,69.2,Low Risk
S05252,18,91,1,0,1,1,1,28,2,6,0,87,72,1,1,1,82.2,Low Risk
S05253,18,91,1,0,1,1,1,22,3,7,1,85,92,1,1,0,89.60000000000001,Low Risk
S05254,18,91,1,0,1,1,1,20,0,11,0,63,71,0,0,1,74.6,Low Risk
S05255,18,91,1,1,0,1,1,24,2,4,0,65,56,1,2,2,69.2,Low Risk
S05256,18,91,1,1,0,1,1,28,2,6,0,87,72,1,1,1,82.2,Low Risk
S05257,18,91,1,1,0,1,1,22,3,7,1,85,92,1,1,0,89.60000000000001,Low Risk
S05258,18,91,1,1,0,1,1,20,0,11,0,63,71,0,0,1,74.6,Low Risk
S05259,18,91,1,1,1,1,1,24,2,4,0,65,56,1,2,2,69.2,Low Risk
S05260,18,91,1,1,1,1,1,28,2,6,0,87,72,1,1,1,82.2,Low Risk
S05261,18,91,1,1,1,1,1,22,3,7,1,85,92,1,1,0,89.60000000000001,Low Risk
S05262,18,91,1,1,1,1,1,20,0,11,0,63,71,0,0,1,74.6,Low Risk
S05263,18,91,2,0,1,1,1,24,2,4,0,65,56,1,2,2,69.2,Low Risk
S05264,18,91,2,0,1,1,1,28,2,6,0,87,72,1,1,1,82.2,Low Risk
S05265,18,91,2,0,1,1,1,22,3,7,1,85,92,1,1,0,89.60000000000001,Low Risk
S05266,18,91,2,0,1,1,1,20,0,11,0,63,71,0,0,1,74.6,Low Risk
S05267,18,91,2,1,1,1,1,24,2,4,0,65,56,1,2,2,69.2,Low Risk
S05268,18,91,2,1,1,1,1,28,2,6,0,87,72,1,1,1,82.2,Low Risk
S05269,18,91,2,1,1,1,1,22,3,7,1,85,92,1,1,0,89.60000000000001,Low Risk
S05270,18,91,2,1,1,1,1,20,0,11,0,63,71,0,0,1,74.6,Low Risk
S05271,18,91,2,0,1,1,1,24,2,4,0,65,56,1,2,2,69.2,Low Risk
S05272,18,91,2,0,1,1,1,28,2,6,0,87,72,1,1,1,82.2,Low Risk
S05273,18,91,2,0,1,1,1,22,3,7,1,85,92,1,1,0,89.60000000000001,Low Risk
S05274,18,91,2,0,1,1,1,20,0,11,0,63,71,0,0,1,74.6,Low Risk
S05275,18,91,1,0,0,1,1,24,2,4,0,65,56,1,2,2,69.2,Low Risk
S05276,18,91,1,0,0,1,1,28,2,6,0,87,72,1,1,1,82.2,Low Risk
S05277,18,91,1,0,0,1,1,22,3,7,1,85,92,1,1,0,89.60000000000001,Low Risk
S05278,18,91,1,0,0,1,1,20,0,11,0,63,71,0,0,1,74.6,Low Risk
S05279,18,91,1,0,1,1,1,24,2,4,0,65,56,1,2,2,69.2,Low Risk
S05280,18,91,1,0,1,1,1,28,2,6,0,87,72,1,1,1,82.2,Low Risk
S05281,18,91,1,0,1,1,1,22,3,7,1,85,92,1,1,0,89.60000000000001,Low Risk
S05282,18,91,1,0,1,1,1,20,0,11,0,63,71,0,0,1,74.6,Low Risk
S05283,18,76,2,0,1,1,0,20,2,13,1,83,97,0,0,0,86.5,Low Risk
S05284,18,76,2,0,1,1,0,28,3,18,1,62,52,0,1,3,62.2,Low Risk
S05285,18,76,2,0,1,1,0,20,3,2,1,87,98,1,2,0,88.1,Low Risk
S05286,18,76,2,0,1,1,0,29,2,16,1,55,93,1,0,0,76.5,Low Risk
S05287,18,76,1,0,2,1,0,20,2,13,1,83,97,0,0,0,86.5,Low Risk
S05288,18,76,1,0,2,1,0,28,3,18,1,62,52,0,1,3,62.2,Low Risk
S05289,18,76,1,0,2,1,0,20,3,2,1,87,98,1,2,0,88.1,Low Risk
S05290,18,76,1,0,2,1,0,29,2,16,1,55,93,1,0,0,76.5,Low Risk
S05291,18,76,0,0,2,1,0,20,2,13,1,83,97,0,0,0,86.5,Low Risk
S05292,18,76,0,0,2,1,0,28,3,18,1,62,52,0,1,3,62.2,Low Risk
S05293,18,76,0,0,2,1,0,20,3,2,1,87,98,1,2,0,88.1,Low Risk
S05294,18,76,0,0,2,1,0,29,2,16,1,55,93,1,0,0,76.5,Low Risk
S05295,18,76,2,1,2,1,0,20,2,13,1,83,97,0,0,0,86.5,Low Risk
S05296,18,76,2,1,2,1,0,28,3,18,1,62,52,0,1,3,62.2,Low Risk
S05297,18,76,2,1,2,1,0,20,3,2,1,87,98,1,2,0,88.1,Low Risk
S05298,18,76,2,1,2,1,0,29,2,16,1,55,93,1,0,0,76.5,Low Risk
S05299,18,76,1,0,0,1,0,20,2,13,1,83,97,0,0,0,86.5,Low Risk
S05300,18,76,1,0,0,1,0,28,3,18,1,62,52,0,1,3,62.2,Low Risk
S05301,18,76,1,0,0,1,0,20,3,2,1,87,98,1,2,0,88.1,Low Risk
S05302,18,76,1,0,0,1,0,29,2,16,1,55,93,1,0,0,76.5,Low Risk
S05303,12,80,0,0,2,1,0,25,1,20,1,97,86,1,1,0,87.5,Low Risk
S05304,12,80,0,0,2,1,0,20,1,3,0,90,66,1,2,2,77.4,Low Risk
S05305,12,80,1,0,1,1,0,25,1,20,1,97,86,1,1,0,87.5,Low Risk
S05306,12,80,1,0,1,1,0,20,1,3,0,90,66,1,2,2,77.4,Low Risk
S05307,12,80,0,0,1,1,0,25,1,20,1,97,86,1,1,0,87.5,Low Risk
S05308,12,80,0,0,1,1,0,20,1,3,0,90,66,1,2,2,77.4,Low Risk
S05309,12,80,1,1,2,1,0,25,1,20,1,97,86,1,1,0,87.5,Low Risk
S05310,12,80,1,1,2,1,0,20,1,3,0,90,66,1,2,2,77.4,Low Risk
S05311,15,79,1,0,0,1,1,20,0,13,0,92,45,1,0,3,69.3,Medium Risk
S05312,15,79,1,0,0,1,1,19,1,0,1,93,81,1,2,1,84.0,Low Risk
S05313,15,79,1,0,0,1,1,27,2,7,1,76,80,1,2,1,78.5,Low Risk
S05314,15,79,1,1,1,1,1,20,0,13,0,92,45,1,0,3,69.3,Medium Risk
S05315,15,79,1,1,1,1,1,19,1,0,1,93,81,1,2,1,84.0,Low Risk
S05316,15,79,1,1,1,1,1,27,2,7,1,76,80,1,2,1,78.5,Low Risk
S05317,15,79,1,1,1,1,1,20,0,13,0,92,45,1,0,3,69.3,Medium Risk
S05318,15,79,1,1,1,1,1,19,1,0,1,93,81,1,2,1,84.0,Low Risk
S05319,15,79,1,1,1,1,1,27,2,7,1,76,80,1,2,1,78.5,Low Risk
S05320,15,79,1,1,1,1,1,20,0,13,0,92,45,1,0,3,69.3,Medium Risk
S05321,15,79,1,1,1,1,1,19,1,0,1,93,81,1,2,1,84.0,Low Risk
S05322,15,79,1,1,1,1,1,27,2,7,1,76,80,1,2,1,78.5,Low Risk
S05323,13,70,1,0,1,1,0,19,0,8,1,65,52,1,1,3,61.3,Medium Risk
S05324,13,70,1,0,1,1,0,20,0,13,1,87,75,1,2,1,77.1,Medium Risk
S05325,13,70,1,0,1,1,0,28,0,0,1,55,86,1,0,0,71.9,Medium Risk
S05326,13,70,1,0,1,1,0,19,0,8,1,65,52,1,1,3,61.3,Medium Risk
S05327,13,70,1,0,1,1,0,20,0,13,1,87,75,1,2,1,77.1,Medium Risk
S05328,13,70,1,0,1,1,0,28,0,0,1,55,86,1,0,0,71.9,Medium Risk
S05329,13,70,1,1,1,1,0,19,0,8,1,65,52,1,1,3,61.3,Medium Risk
S05330,13,70,1,1,1,1,0,20,0,13,1,87,75,1,2,1,77.1,Medium Risk
S05331,13,70,1,1,1,1,0,28,0,0,1,55,86,1,0,0,71.9,Medium Risk
S05332,13,70,0,1,2,1,0,19,0,8,1,65,52,1,1,3,61.3,Medium Risk
S05333,13,70,0,1,2,1,0,20,0,13,1,87,75,1,2,1,77.1,Medium Risk
S05334,13,70,0,1,2,1,0,28,0,0,1,55,86,1,0,0,71.9,Medium Risk
S05335,31,80,2,1,0,1,0,19,0,14,1,91,80,1,2,1,83.3,Low Risk
S05336,31,80,1,1,2,1,0,19,0,14,1,91,80,1,2,1,83.3,Low Risk
S05337,28,65,1,1,1,1,1,25,0,10,1,70,64,1,0,2,66.1,Medium Risk
S05338,28,65,1,1,2,1,1,25,0,10,1,70,64,1,0,2,66.1,Medium Risk
S05339,28,65,1,1,2,1,1,25,0,10,1,70,64,1,0,2,66.1,Medium Risk
S05340,13,90,1,0,1,1,0,26,1,1,1,94,81,1,2,1,87.6,Low Risk
S05341,13,90,1,0,1,1,0,26,1,1,1,94,81,1,2,1,87.6,Low Risk
S05342,23,81,0,1,1,1,0,19,3,6,0,56,59,1,2,2,64.7,Low Risk
S05343,23,81,0,1,1,1,0,26,0,5,1,89,83,1,1,1,84.2,Low Risk
S05344,23,81,0,1,2,1,0,19,3,6,0,56,59,1,2,2,64.7,Low Risk
S05345,23,81,0,1,2,1,0,26,0,5,1,89,83,1,1,1,84.2,Low Risk
S05346,23,81,0,1,1,1,0,19,3,6,0,56,59,1,2,2,64.7,Low Risk
S05347,23,81,0,1,1,1,0,26,0,5,1,89,83,1,1,1,84.2,Low Risk
S05348,23,81,0,0,1,1,0,19,3,6,0,56,59,1,2,2,64.7,Low Risk
S05349,23,81,0,0,1,1,0,26,0,5,1,89,83,1,1,1,84.2,Low Risk
S05350,23,81,2,0,0,1,0,19,3,6,0,56,59,1,2,2,64.7,Low Risk
S05351,23,81,2,0,0,1,0,26,0,5,1,89,83,1,1,1,84.2,Low Risk
S05352,24,89,2,1,1,1,0,29,3,7,1,66,90,1,1,0,82.5,Low Risk
S05353,24,89,2,1,1,1,0,26,0,7,0,98,62,1,1,2,80.9,Low Risk
S05354,24,89,2,1,1,1,0,29,3,7,1,66,90,1,1,0,82.5,Low Risk
S05355,24,89,2,1,1,1,0,26,0,7,0,98,62,1,1,2,80.9,Low Risk
S05356,24,89,1,1,1,1,0,29,3,7,1,66,90,1,1,0,82.5,Low Risk
S05357,24,89,1,1,1,1,0,26,0,7,0,98,62,1,1,2,80.9,Low Risk
S05358,24,89,1,0,1,1,0,29,3,7,1,66,90,1,1,0,82.5,Low Risk
S05359,24,89,1,0,1,1,0,26,0,7,0,98,62,1,1,2,80.9,Low Risk
S05360,24,89,1,1,1,0,0,29,3,7,1,66,90,1,1,0,82.5,Low Risk
S05361,24,89,1,1,1,0,0,26,0,7,0,98,62,1,1,2,80.9,Low Risk
S05362,23,68,0,0,1,1,0,28,2,9,0,61,93,0,2,0,75.9,Medium Risk
S05363,23,68,0,0,1,1,0,26,2,3,1,88,71,1,0,1,75.19999999999999,Medium Risk
S05364,23,68,0,0,1,1,0,28,1,1,0,82,99,1,2,0,84.6,Medium Risk
S05365,23,68,0,0,1,1,0,20,1,3,0,77,69,0,1,2,71.1,Medium Risk
S05366,23,68,2,1,2,1,0,28,2,9,0,61,93,0,2,0,75.9,Medium Risk
S05367,23,68,2,1,2,1,0,26,2,3,1,88,71,1,0,1,75.19999999999999,Medium Risk
S05368,23,68,2,1,2,1,0,28,1,1,0,82,99,1,2,0,84.6,Medium Risk
S05369,23,68,2,1,2,1,0,20,1,3,0,77,69,0,1,2,71.1,Medium Risk
S05370,23,68,1,0,1,1,0,28,2,9,0,61,93,0,2,0,75.9,Medium Risk
S05371,23,68,1,0,1,1,0,26,2,3,1,88,71,1,0,1,75.19999999999999,Medium Risk
S05372,23,68,1,0,1,1,0,28,1,1,0,82,99,1,2,0,84.6,Medium Risk
S05373,23,68,1,0,1,1,0,20,1,3,0,77,69,0,1,2,71.1,Medium Risk
S05374,23,68,2,0,0,1,0,28,2,9,0,61,93,0,2,0,75.9,Medium Risk
S05375,23,68,2,0,0,1,0,26,2,3,1,88,71,1,0,1,75.19999999999999,Medium Risk
S05376,23,68,2,0,0,1,0,28,1,1,0,82,99,1,2,0,84.6,Medium Risk
S05377,23,68,2,0,0,1,0,20,1,3,0,77,69,0,1,2,71.1,Medium Risk
S05378,23,68,2,0,2,1,0,28,2,9,0,61,93,0,2,0,75.9,Medium Risk
S05379,23,68,2,0,2,1,0,26,2,3,1,88,71,1,0,1,75.19999999999999,Medium Risk
S05380,23,68,2,0,2,1,0,28,1,1,0,82,99,1,2,0,84.6,Medium Risk
S05381,23,68,2,0,2,1,0,20,1,3,0,77,69,0,1,2,71.1,Medium Risk
S05382,23,68,1,1,1,1,0,28,2,9,0,61,93,0,2,0,75.9,Medium Risk
S05383,23,68,1,1,1,1,0,26,2,3,1,88,71,1,0,1,75.19999999999999,Medium Risk
S05384,23,68,1,1,1,1,0,28,1,1,0,82,99,1,2,0,84.6,Medium Risk
S05385,23,68,1,1,1,1,0,20,1,3,0,77,69,0,1,2,71.1,Medium Risk
S05386,27,79,0,0,0,1,1,28,0,2,1,85,57,1,1,2,72.0,Low Risk
S05387,27,79,2,1,0,1,1,28,0,2,1,85,57,1,1,2,72.0,Low Risk
S05388,24,73,1,1,1,1,0,19,0,8,0,54,44,1,2,3,55.699999999999996,Medium Risk
S05389,24,73,1,1,1,1,0,27,0,1,1,67,69,1,2,2,69.6,Medium Risk
S05390,24,73,1,1,1,1,0,19,0,8,0,54,44,1,2,3,55.699999999999996,Medium Risk
S05391,24,73,1,1,1,1,0,27,0,1,1,67,69,1,2,2,69.6,Medium Risk
S05392,22,76,1,1,2,1,1,19,3,18,0,91,85,0,2,0,84.1,Low Risk
S05393,22,76,1,1,2,1,1,23,2,12,1,88,49,0,2,3,68.8,Medium Risk
S05394,22,76,1,0,2,1,1,19,3,18,0,91,85,0,2,0,84.1,Low Risk
S05395,22,76,1,0,2,1,1,23,2,12,1,88,49,0,2,3,68.8,Medium Risk
S05396,22,76,1,1,1,1,1,19,3,18,0,91,85,0,2,0,84.1,Low Risk
S05397,22,76,1,1,1,1,1,23,2,12,1,88,49,0,2,3,68.8,Medium Risk
S05398,22,76,0,1,0,1,1,19,3,18,0,91,85,0,2,0,84.1,Low Risk
S05399,22,76,0,1,0,1,1,23,2,12,1,88,49,0,2,3,68.8,Medium Risk
S05400,22,76,0,1,0,1,1,19,3,18,0,91,85,0,2,0,84.1,Low Risk
S05401,22,76,0,1,0,1,1,23,2,12,1,88,49,0,2,3,68.8,Medium Risk
S05402,22,76,1,1,1,1,1,19,3,18,0,91,85,0,2,0,84.1,Low Risk
S05403,22,76,1,1,1,1,1,23,2,12,1,88,49,0,2,3,68.8,Medium Risk
S05404,12,99,2,1,1,0,1,25,2,5,0,55,84,1,2,1,79.8,Low Risk
S05405,12,99,2,1,1,0,1,29,3,17,1,56,49,1,2,3,66.10000000000001,Medium Risk
S05406,12,99,2,1,1,0,1,21,3,20,1,83,99,1,2,0,94.2,Low Risk
S05407,12,99,1,0,1,1,1,25,2,5,0,55,84,1,2,1,79.8,Low Risk
S05408,12,99,1,0,1,1,1,29,3,17,1,56,49,1,2,3,66.10000000000001,Medium Risk
S05409,12,99,1,0,1,1,1,21,3,20,1,83,99,1,2,0,94.2,Low Risk
S05410,12,99,2,1,1,1,1,25,2,5,0,55,84,1,2,1,79.8,Low Risk
S05411,12,99,2,1,1,1,1,29,3,17,1,56,49,1,2,3,66.10000000000001,Medium Risk
S05412,12,99,2,1,1,1,1,21,3,20,1,83,99,1,2,0,94.2,Low Risk
S05413,26,69,1,1,1,1,1,25,0,8,1,84,92,0,0,0,82.7,Medium Risk
S05414,26,69,1,1,1,1,1,18,3,5,0,82,81,0,1,1,77.7,Medium Risk
S05415,26,69,1,1,1,1,1,20,1,2,0,90,93,1,1,0,84.9,Medium Risk
S05416,26,69,0,0,0,1,1,25,0,8,1,84,92,0,0,0,82.7,Medium Risk
S05417,26,69,0,0,0,1,1,18,3,5,0,82,81,0,1,1,77.7,Medium Risk
S05418,26,69,0,0,0,1,1,20,1,2,0,90,93,1,1,0,84.9,Medium Risk
S05419,26,69,0,1,1,1,1,25,0,8,1,84,92,0,0,0,82.7,Medium Risk
S05420,26,69,0,1,1,1,1,18,3,5,0,82,81,0,1,1,77.7,Medium Risk
S05421,26,69,0,1,1,1,1,20,1,2,0,90,93,1,1,0,84.9,Medium Risk
S05422,26,69,1,0,0,1,1,25,0,8,1,84,92,0,0,0,82.7,Medium Risk
S05423,26,69,1,0,0,1,1,18,3,5,0,82,81,0,1,1,77.7,Medium Risk
S05424,26,69,1,0,0,1,1,20,1,2,0,90,93,1,1,0,84.9,Medium Risk
S05425,19,84,2,1,0,1,0,21,3,13,0,91,49,0,1,3,72.10000000000001,Medium Risk
S05426,19,84,2,1,0,1,0,27,2,8,0,98,66,1,0,2,81.0,Low Risk
S05427,19,84,1,0,1,1,0,21,3,13,0,91,49,0,1,3,72.10000000000001,Medium Risk
S05428,19,84,1,0,1,1,0,27,2,8,0,98,66,1,0,2,81.0,Low Risk
S05429,19,84,1,1,0,1,0,21,3,13,0,91,49,0,1,3,72.10000000000001,Medium Risk
S05430,19,84,1,1,0,1,0,27,2,8,0,98,66,1,0,2,81.0,Low Risk
S05431,19,84,1,1,1,1,0,21,3,13,0,91,49,0,1,3,72.10000000000001,Medium Risk
S05432,19,84,1,1,1,1,0,27,2,8,0,98,66,1,0,2,81.0,Low Risk
S05433,19,84,0,0,2,1,0,21,3,13,0,91,49,0,1,3,72.10000000000001,Medium Risk
S05434,19,84,0,0,2,1,0,27,2,8,0,98,66,1,0,2,81.0,Low Risk
S05435,19,84,1,1,0,1,0,21,3,13,0,91,49,0,1,3,72.10000000000001,Medium Risk
S05436,19,84,1,1,0,1,0,27,2,8,0,98,66,1,0,2,81.0,Low Risk
S05437,17,77,1,0,0,1,0,20,1,8,0,58,48,1,1,3,59.7,Medium Risk
S05438,17,77,1,0,0,1,0,21,3,5,1,77,92,1,2,0,83.0,Low Risk
S05439,17,77,1,0,0,1,0,18,1,16,1,88,63,1,2,2,74.7,Low Risk
S05440,17,77,1,0,0,1,0,29,0,20,1,77,48,0,2,3,65.39999999999999,Medium Risk
S05441,17,77,2,1,0,1,0,20,1,8,0,58,48,1,1,3,59.7,Medium Risk
S05442,17,77,2,1,0,1,0,21,3,5,1,77,92,1,2,0,83.0,Low Risk
S05443,17,77,2,1,0,1,0,18,1,16,1,88,63,1,2,2,74.7,Low Risk
S05444,17,77,2,1,0,1,0,29,0,20,1,77,48,0,2,3,65.39999999999999,Medium Risk
S05445,17,77,1,1,0,1,0,20,1,8,0,58,48,1,1,3,59.7,Medium Risk
S05446,17,77,1,1,0,1,0,21,3,5,1,77,92,1,2,0,83.0,Low Risk
S05447,17,77,1,1,0,1,0,18,1,16,1,88,63,1,2,2,74.7,Low Risk
S05448,17,77,1,1,0,1,0,29,0,20,1,77,48,0,2,3,65.39999999999999,Medium Risk
S05449,26,63,2,1,1,1,0,28,1,8,1,55,41,0,1,3,51.800000000000004,Medium Risk
S05450,26,63,2,0,1,1,0,28,1,8,1,55,41,0,1,3,51.800000000000004,Medium Risk
S05451,26,63,1,1,1,1,0,28,1,8,1,55,41,0,1,3,51.800000000000004,Medium Risk
S05452,16,80,1,0,2,0,1,29,2,15,0,86,72,1,2,1,78.6,Low Risk
S05453,16,80,1,0,1,1,1,29,2,15,0,86,72,1,2,1,78.6,Low Risk
S05454,16,80,1,1,2,1,1,29,2,15,0,86,72,1,2,1,78.6,Low Risk
S05455,16,80,1,1,2,1,1,29,2,15,0,86,72,1,2,1,78.6,Low Risk
S05456,16,80,1,0,1,1,1,29,2,15,0,86,72,1,2,1,78.6,Low Risk
S05457,12,72,1,0,0,1,1,26,0,9,0,54,68,1,2,2,65.0,Medium Risk
S05458,12,72,1,0,0,1,1,21,3,18,0,80,88,1,0,0,80.8,Medium Risk
S05459,12,72,1,0,0,1,1,23,3,3,1,93,69,1,1,2,77.1,Medium Risk
S05460,12,72,1,0,0,1,1,25,0,3,1,56,47,0,2,3,57.2,Medium Risk
S05461,12,72,1,0,0,1,1,27,3,18,1,90,57,1,0,2,71.39999999999999,Medium Risk
S05462,12,72,2,1,2,1,1,26,0,9,0,54,68,1,2,2,65.0,Medium Risk
S05463,12,72,2,1,2,1,1,21,3,18,0,80,88,1,0,0,80.8,Medium Risk
S05464,12,72,2,1,2,1,1,23,3,3,1,93,69,1,1,2,77.1,Medium Risk
S05465,12,72,2,1,2,1,1,25,0,3,1,56,47,0,2,3,57.2,Medium Risk
S05466,12,72,2,1,2,1,1,27,3,18,1,90,57,1,0,2,71.39999999999999,Medium Risk
S05467,12,72,0,1,1,1,1,26,0,9,0,54,68,1,2,2,65.0,Medium Risk
S05468,12,72,0,1,1,1,1,21,3,18,0,80,88,1,0,0,80.8,Medium Risk
S05469,12,72,0,1,1,1,1,23,3,3,1,93,69,1,1,2,77.1,Medium Risk
S05470,12,72,0,1,1,1,1,25,0,3,1,56,47,0,2,3,57.2,Medium Risk
S05471,12,72,0,1,1,1,1,27,3,18,1,90,57,1,0,2,71.39999999999999,Medium Risk
S05472,12,72,1,1,2,1,1,26,0,9,0,54,68,1,2,2,65.0,Medium Risk
S05473,12,72,1,1,2,1,1,21,3,18,0,80,88,1,0,0,80.8,Medium Risk
S05474,12,72,1,1,2,1,1,23,3,3,1,93,69,1,1,2,77.1,Medium Risk
S05475,12,72,1,1,2,1,1,25,0,3,1,56,47,0,2,3,57.2,Medium Risk
S05476,12,72,1,1,2,1,1,27,3,18,1,90,57,1,0,2,71.39999999999999,Medium Risk
S05477,12,72,1,0,2,1,1,26,0,9,0,54,68,1,2,2,65.0,Medium Risk
S05478,12,72,1,0,2,1,1,21,3,18,0,80,88,1,0,0,80.8,Medium Risk
S05479,12,72,1,0,2,1,1,23,3,3,1,93,69,1,1,2,77.1,Medium Risk
S05480,12,72,1,0,2,1,1,25,0,3,1,56,47,0,2,3,57.2,Medium Risk
S05481,12,72,1,0,2,1,1,27,3,18,1,90,57,1,0,2,71.39999999999999,Medium Risk
S05482,12,72,1,1,0,1,1,26,0,9,0,54,68,1,2,2,65.0,Medium Risk
S05483,12,72,1,1,0,1,1,21,3,18,0,80,88,1,0,0,80.8,Medium Risk
S05484,12,72,1,1,0,1,1,23,3,3,1,93,69,1,1,2,77.1,Medium Risk
S05485,12,72,1,1,0,1,1,25,0,3,1,56,47,0,2,3,57.2,Medium Risk
S05486,12,72,1,1,0,1,1,27,3,18,1,90,57,1,0,2,71.39999999999999,Medium Risk
S05487,12,72,1,1,2,1,1,26,0,9,0,54,68,1,2,2,65.0,Medium Risk
S05488,12,72,1,1,2,1,1,21,3,18,0,80,88,1,0,0,80.8,Medium Risk
S05489,12,72,1,1,2,1,1,23,3,3,1,93,69,1,1,2,77.1,Medium Risk
S05490,12,72,1,1,2,1,1,25,0,3,1,56,47,0,2,3,57.2,Medium Risk
S05491,12,72,1,1,2,1,1,27,3,18,1,90,57,1,0,2,71.39999999999999,Medium Risk
S05492,30,75,1,0,2,1,1,22,2,13,0,98,57,1,2,2,74.7,Low Risk
S05493,30,75,1,1,0,1,1,22,2,13,0,98,57,1,2,2,74.7,Low Risk
S05494,30,75,1,0,1,1,1,22,2,13,0,98,57,1,2,2,74.7,Low Risk
S05495,30,75,0,1,0,1,1,22,2,13,0,98,57,1,2,2,74.7,Low Risk
S05496,19,92,1,1,1,1,1,18,1,10,0,92,96,0,2,0,93.6,Low Risk
S05497,19,92,1,1,1,1,1,22,0,10,0,62,88,1,1,0,81.39999999999999,Low Risk
S05498,19,92,1,1,1,1,1,18,1,10,1,81,46,0,0,3,70.3,Medium Risk
S05499,19,92,1,1,1,1,1,27,0,10,0,89,85,1,0,0,88.3,Low Risk
S05500,19,92,1,1,1,1,1,18,1,10,0,92,96,0,2,0,93.6,Low Risk
S05501,19,92,1,1,1,1,1,22,0,10,0,62,88,1,1,0,81.39999999999999,Low Risk
S05502,19,92,1,1,1,1,1,18,1,10,1,81,46,0,0,3,70.3,Medium Risk
S05503,19,92,1,1,1,1,1,27,0,10,0,89,85,1,0,0,88.3,Low Risk
S05504,19,92,1,1,0,1,1,18,1,10,0,92,96,0,2,0,93.6,Low Risk
S05505,19,92,1,1,0,1,1,22,0,10,0,62,88,1,1,0,81.39999999999999,Low Risk
S05506,19,92,1,1,0,1,1,18,1,10,1,81,46,0,0,3,70.3,Medium Risk
S05507,19,92,1,1,0,1,1,27,0,10,0,89,85,1,0,0,88.3,Low Risk
S05508,19,92,1,1,1,0,1,18,1,10,0,92,96,0,2,0,93.6,Low Risk
S05509,19,92,1,1,1,0,1,22,0,10,0,62,88,1,1,0,81.39999999999999,Low Risk
S05510,19,92,1,1,1,0,1,18,1,10,1,81,46,0,0,3,70.3,Medium Risk
S05511,19,92,1,1,1,0,1,27,0,10,0,89,85,1,0,0,88.3,Low Risk
S05512,19,92,1,0,1,1,1,18,1,10,0,92,96,0,2,0,93.6,Low Risk
S05513,19,92,1,0,1,1,1,22,0,10,0,62,88,1,1,0,81.39999999999999,Low Risk
S05514,19,92,1,0,1,1,1,18,1,10,1,81,46,0,0,3,70.3,Medium Risk
S05515,19,92,1,0,1,1,1,27,0,10,0,89,85,1,0,0,88.3,Low Risk
S05516,19,92,1,1,0,1,1,18,1,10,0,92,96,0,2,0,93.6,Low Risk
S05517,19,92,1,1,0,1,1,22,0,10,0,62,88,1,1,0,81.39999999999999,Low Risk
S05518,19,92,1,1,0,1,1,18,1,10,1,81,46,0,0,3,70.3,Medium Risk
S05519,19,92,1,1,0,1,1,27,0,10,0,89,85,1,0,0,88.3,Low Risk
S05520,20,65,2,1,1,1,0,19,1,17,1,51,79,1,2,1,66.4,Medium Risk
S05521,20,65,2,1,1,1,0,22,0,5,0,87,95,1,2,0,83.6,Medium Risk
S05522,20,65,1,1,0,1,0,19,1,17,1,51,79,1,2,1,66.4,Medium Risk
S05523,20,65,1,1,0,1,0,22,0,5,0,87,95,1,2,0,83.6,Medium Risk
S05524,20,65,1,1,2,1,0,19,1,17,1,51,79,1,2,1,66.4,Medium Risk
S05525,20,65,1,1,2,1,0,22,0,5,0,87,95,1,2,0,83.6,Medium Risk
S05526,20,65,1,0,1,1,0,19,1,17,1,51,79,1,2,1,66.4,Medium Risk
S05527,20,65,1,0,1,1,0,22,0,5,0,87,95,1,2,0,83.6,Medium Risk
S05528,21,66,1,1,1,1,0,21,3,18,1,61,92,1,1,0,74.9,Medium Risk
S05529,21,66,1,1,1,1,0,27,2,15,1,78,71,1,2,1,71.6,Medium Risk
S05530,21,66,1,1,1,1,0,21,3,18,1,61,92,1,1,0,74.9,Medium Risk
S05531,21,66,1,1,1,1,0,27,2,15,1,78,71,1,2,1,71.6,Medium Risk
S05532,21,66,2,1,2,1,0,21,3,18,1,61,92,1,1,0,74.9,Medium Risk
S05533,21,66,2,1,2,1,0,27,2,15,1,78,71,1,2,1,71.6,Medium Risk
S05534,21,66,1,1,0,1,0,21,3,18,1,61,92,1,1,0,74.9,Medium Risk
S05535,21,66,1,1,0,1,0,27,2,15,1,78,71,1,2,1,71.6,Medium Risk
S05536,21,66,1,1,2,1,0,21,3,18,1,61,92,1,1,0,74.9,Medium Risk
S05537,21,66,1,1,2,1,0,27,2,15,1,78,71,1,2,1,71.6,Medium Risk
S05538,21,66,1,1,1,1,0,21,3,18,1,61,92,1,1,0,74.9,Medium Risk
S05539,21,66,1,1,1,1,0,27,2,15,1,78,71,1,2,1,71.6,Medium Risk
S05540,18,69,1,0,0,0,0,27,2,8,0,89,72,1,2,1,76.2,Medium Risk
S05541,18,69,1,0,0,0,0,28,2,15,0,81,79,0,2,1,76.60000000000001,Medium Risk
S05542,18,69,1,0,0,0,0,26,2,9,0,65,64,1,1,2,65.8,Medium Risk
S05543,18,69,2,1,1,1,0,27,2,8,0,89,72,1,2,1,76.2,Medium Risk
S05544,18,69,2,1,1,1,0,28,2,15,0,81,79,0,2,1,76.60000000000001,Medium Risk
S05545,18,69,2,1,1,1,0,26,2,9,0,65,64,1,1,2,65.8,Medium Risk
S05546,18,69,2,1,1,1,0,27,2,8,0,89,72,1,2,1,76.2,Medium Risk
S05547,18,69,2,1,1,1,0,28,2,15,0,81,79,0,2,1,76.60000000000001,Medium Risk
S05548,18,69,2,1,1,1,0,26,2,9,0,65,64,1,1,2,65.8,Medium Risk
S05549,18,69,2,1,1,1,0,27,2,8,0,89,72,1,2,1,76.2,Medium Risk
S05550,18,69,2,1,1,1,0,28,2,15,0,81,79,0,2,1,76.60000000000001,Medium Risk
S05551,18,69,2,1,1,1,0,26,2,9,0,65,64,1,1,2,65.8,Medium Risk
S05552,20,89,1,1,1,1,1,22,1,19,1,92,68,1,2,2,81.5,Low Risk
S05553,20,89,1,1,1,1,1,19,1,3,1,79,57,0,0,2,73.2,Low Risk
S05554,20,89,1,1,1,1,1,21,0,20,1,81,99,1,2,0,90.60000000000001,Low Risk
S05555,20,89,1,1,1,1,1,29,2,4,1,55,41,0,2,3,59.60000000000001,Medium Risk
S05556,20,89,1,1,1,1,1,22,1,19,1,92,68,1,2,2,81.5,Low Risk
S05557,20,89,1,1,1,1,1,19,1,3,1,79,57,0,0,2,73.2,Low Risk
S05558,20,89,1,1,1,1,1,21,0,20,1,81,99,1,2,0,90.60000000000001,Low Risk
S05559,20,89,1,1,1,1,1,29,2,4,1,55,41,0,2,3,59.60000000000001,Medium Risk
S05560,20,89,1,1,0,1,1,22,1,19,1,92,68,1,2,2,81.5,Low Risk
S05561,20,89,1,1,0,1,1,19,1,3,1,79,57,0,0,2,73.2,Low Risk
S05562,20,89,1,1,0,1,1,21,0,20,1,81,99,1,2,0,90.60000000000001,Low Risk
S05563,20,89,1,1,0,1,1,29,2,4,1,55,41,0,2,3,59.60000000000001,Medium Risk
S05564,20,89,2,1,0,1,1,22,1,19,1,92,68,1,2,2,81.5,Low Risk
S05565,20,89,2,1,0,1,1,19,1,3,1,79,57,0,0,2,73.2,Low Risk
S05566,20,89,2,1,0,1,1,21,0,20,1,81,99,1,2,0,90.60000000000001,Low Risk
S05567,20,89,2,1,0,1,1,29,2,4,1,55,41,0,2,3,59.60000000000001,Medium Risk
S05568,20,89,1,1,1,1,1,22,1,19,1,92,68,1,2,2,81.5,Low Risk
S05569,20,89,1,1,1,1,1,19,1,3,1,79,57,0,0,2,73.2,Low Risk
S05570,20,89,1,1,1,1,1,21,0,20,1,81,99,1,2,0,90.60000000000001,Low Risk
S05571,20,89,1,1,1,1,1,29,2,4,1,55,41,0,2,3,59.60000000000001,Medium Risk
S05572,20,89,1,1,2,1,1,22,1,19,1,92,68,1,2,2,81.5,Low Risk
S05573,20,89,1,1,2,1,1,19,1,3,1,79,57,0,0,2,73.2,Low Risk
S05574,20,89,1,1,2,1,1,21,0,20,1,81,99,1,2,0,90.60000000000001,Low Risk
S05575,20,89,1,1,2,1,1,29,2,4,1,55,41,0,2,3,59.60000000000001,Medium Risk
S05576,20,89,2,1,0,1,1,22,1,19,1,92,68,1,2,2,81.5,Low Risk
S05577,20,89,2,1,0,1,1,19,1,3,1,79,57,0,0,2,73.2,Low Risk
S05578,20,89,2,1,0,1,1,21,0,20,1,81,99,1,2,0,90.60000000000001,Low Risk
S05579,20,89,2,1,0,1,1,29,2,4,1,55,41,0,2,3,59.60000000000001,Medium Risk
S05580,20,89,0,1,0,1,1,22,1,19,1,92,68,1,2,2,81.5,Low Risk
S05581,20,89,0,1,0,1,1,19,1,3,1,79,57,0,0,2,73.2,Low Risk
S05582,20,89,0,1,0,1,1,21,0,20,1,81,99,1,2,0,90.60000000000001,Low Risk
S05583,20,89,0,1,0,1,1,29,2,4,1,55,41,0,2,3,59.60000000000001,Medium Risk
S05584,20,89,2,0,0,1,1,22,1,19,1,92,68,1,2,2,81.5,Low Risk
S05585,20,89,2,0,0,1,1,19,1,3,1,79,57,0,0,2,73.2,Low Risk
S05586,20,89,2,0,0,1,1,21,0,20,1,81,99,1,2,0,90.60000000000001,Low Risk
S05587,20,89,2,0,0,1,1,29,2,4,1,55,41,0,2,3,59.60000000000001,Medium Risk
S05588,20,89,2,0,1,1,1,22,1,19,1,92,68,1,2,2,81.5,Low Risk
S05589,20,89,2,0,1,1,1,19,1,3,1,79,57,0,0,2,73.2,Low Risk
S05590,20,89,2,0,1,1,1,21,0,20,1,81,99,1,2,0,90.60000000000001,Low Risk
S05591,20,89,2,0,1,1,1,29,2,4,1,55,41,0,2,3,59.60000000000001,Medium Risk
S05592,10,81,0,1,0,1,1,27,0,0,0,63,81,1,2,1,75.6,Low Risk
S05593,10,81,1,1,1,1,1,27,0,0,0,63,81,1,2,1,75.6,Low Risk
S05594,10,81,2,0,1,1,1,27,0,0,0,63,81,1,2,1,75.6,Low Risk
S05595,12,82,1,0,2,1,0,18,2,17,0,74,66,1,1,2,73.2,Low Risk
S05596,12,82,1,0,2,1,0,25,0,12,0,83,41,0,0,3,65.89999999999999,Medium Risk
S05597,12,82,1,1,2,1,0,18,2,17,0,74,66,1,1,2,73.2,Low Risk
S05598,12,82,1,1,2,1,0,25,0,12,0,83,41,0,0,3,65.89999999999999,Medium Risk
S05599,12,82,0,0,0,1,0,18,2,17,0,74,66,1,1,2,73.2,Low Risk
S05600,12,82,0,0,0,1,0,25,0,12,0,83,41,0,0,3,65.89999999999999,Medium Risk
S05601,24,78,0,1,2,1,1,27,3,9,1,89,55,1,2,2,72.1,Low Risk
S05602,24,78,0,1,2,1,1,23,1,9,0,59,55,1,1,2,63.1,Low Risk
S05603,24,78,0,1,2,1,1,23,0,11,1,66,98,1,2,0,82.4,Low Risk
S05604,24,78,0,1,2,1,1,29,1,12,1,71,64,1,2,2,70.30000000000001,Low Risk
S05605,24,78,2,1,1,1,1,27,3,9,1,89,55,1,2,2,72.1,Low Risk
S05606,24,78,2,1,1,1,1,23,1,9,0,59,55,1,1,2,63.1,Low Risk
S05607,24,78,2,1,1,1,1,23,0,11,1,66,98,1,2,0,82.4,Low Risk
S05608,24,78,2,1,1,1,1,29,1,12,1,71,64,1,2,2,70.30000000000001,Low Risk
S05609,24,78,1,1,0,1,1,27,3,9,1,89,55,1,2,2,72.1,Low Risk
S05610,24,78,1,1,0,1,1,23,1,9,0,59,55,1,1,2,63.1,Low Risk
S05611,24,78,1,1,0,1,1,23,0,11,1,66,98,1,2,0,82.4,Low Risk
S05612,24,78,1,1,0,1,1,29,1,12,1,71,64,1,2,2,70.30000000000001,Low Risk
S05613,21,73,1,0,1,1,1,25,1,14,1,81,90,1,0,0,82.19999999999999,Medium Risk
S05614,21,73,1,0,1,1,1,25,3,14,0,89,87,1,2,0,83.4,Medium Risk
S05615,21,73,1,1,2,1,1,25,1,14,1,81,90,1,0,0,82.19999999999999,Medium Risk
S05616,21,73,1,1,2,1,1,25,3,14,0,89,87,1,2,0,83.4,Medium Risk
S05617,21,73,1,1,1,1,1,25,1,14,1,81,90,1,0,0,82.19999999999999,Medium Risk
S05618,21,73,1,1,1,1,1,25,3,14,0,89,87,1,2,0,83.4,Medium Risk
S05619,21,73,1,0,1,1,1,25,1,14,1,81,90,1,0,0,82.19999999999999,Medium Risk
S05620,21,73,1,0,1,1,1,25,3,14,0,89,87,1,2,0,83.4,Medium Risk
S05621,21,73,1,0,2,1,1,25,1,14,1,81,90,1,0,0,82.19999999999999,Medium Risk
S05622,21,73,1,0,2,1,1,25,3,14,0,89,87,1,2,0,83.4,Medium Risk
S05623,21,73,1,0,1,0,1,25,1,14,1,81,90,1,0,0,82.19999999999999,Medium Risk
S05624,21,73,1,0,1,0,1,25,3,14,0,89,87,1,2,0,83.4,Medium Risk
S05625,21,73,1,1,1,1,1,25,1,14,1,81,90,1,0,0,82.19999999999999,Medium Risk
S05626,21,73,1,1,1,1,1,25,3,14,0,89,87,1,2,0,83.4,Medium Risk
S05627,20,84,1,1,0,1,1,23,3,8,0,59,77,1,2,1,73.7,Low Risk
S05628,20,84,1,1,0,1,1,23,1,9,1,82,98,1,1,0,89.0,Low Risk
S05629,20,84,1,1,0,1,1,24,0,19,1,100,62,1,1,2,80.0,Low Risk
S05630,20,84,1,0,1,1,1,23,3,8,0,59,77,1,2,1,73.7,Low Risk
S05631,20,84,1,0,1,1,1,23,1,9,1,82,98,1,1,0,89.0,Low Risk
S05632,20,84,1,0,1,1,1,24,0,19,1,100,62,1,1,2,80.0,Low Risk
S05633,20,84,1,0,0,1,1,23,3,8,0,59,77,1,2,1,73.7,Low Risk
S05634,20,84,1,0,0,1,1,23,1,9,1,82,98,1,1,0,89.0,Low Risk
S05635,20,84,1,0,0,1,1,24,0,19,1,100,62,1,1,2,80.0,Low Risk
S05636,20,84,1,1,2,1,1,23,3,8,0,59,77,1,2,1,73.7,Low Risk
S05637,20,84,1,1,2,1,1,23,1,9,1,82,98,1,1,0,89.0,Low Risk
S05638,20,84,1,1,2,1,1,24,0,19,1,100,62,1,1,2,80.0,Low Risk
S05639,20,84,2,0,1,1,1,23,3,8,0,59,77,1,2,1,73.7,Low Risk
S05640,20,84,2,0,1,1,1,23,1,9,1,82,98,1,1,0,89.0,Low Risk
S05641,20,84,2,0,1,1,1,24,0,19,1,100,62,1,1,2,80.0,Low Risk
S05642,20,84,0,0,1,1,1,23,3,8,0,59,77,1,2,1,73.7,Low Risk
S05643,20,84,0,0,1,1,1,23,1,9,1,82,98,1,1,0,89.0,Low Risk
S05644,20,84,0,0,1,1,1,24,0,19,1,100,62,1,1,2,80.0,Low Risk
S05645,20,84,1,1,1,1,1,23,3,8,0,59,77,1,2,1,73.7,Low Risk
S05646,20,84,1,1,1,1,1,23,1,9,1,82,98,1,1,0,89.0,Low Risk
S05647,20,84,1,1,1,1,1,24,0,19,1,100,62,1,1,2,80.0,Low Risk
S05648,20,84,1,1,1,1,1,23,3,8,0,59,77,1,2,1,73.7,Low Risk
S05649,20,84,1,1,1,1,1,23,1,9,1,82,98,1,1,0,89.0,Low Risk
S05650,20,84,1,1,1,1,1,24,0,19,1,100,62,1,1,2,80.0,Low Risk
S05651,17,98,2,0,0,1,1,20,2,2,0,53,98,1,0,0,84.5,Low Risk
S05652,17,98,2,0,0,1,1,20,1,4,1,77,84,1,2,1,86.1,Low Risk
S05653,17,98,2,0,0,1,1,26,0,2,1,68,95,1,1,0,87.8,Low Risk
S05654,17,98,2,0,0,1,1,28,2,9,1,75,99,1,2,0,91.5,Low Risk
S05655,17,98,2,1,0,1,1,20,2,2,0,53,98,1,0,0,84.5,Low Risk
S05656,17,98,2,1,0,1,1,20,1,4,1,77,84,1,2,1,86.1,Low Risk
S05657,17,98,2,1,0,1,1,26,0,2,1,68,95,1,1,0,87.8,Low Risk
S05658,17,98,2,1,0,1,1,28,2,9,1,75,99,1,2,0,91.5,Low Risk
S05659,17,98,2,0,0,1,1,20,2,2,0,53,98,1,0,0,84.5,Low Risk
S05660,17,98,2,0,0,1,1,20,1,4,1,77,84,1,2,1,86.1,Low Risk
S05661,17,98,2,0,0,1,1,26,0,2,1,68,95,1,1,0,87.8,Low Risk
S05662,17,98,2,0,0,1,1,28,2,9,1,75,99,1,2,0,91.5,Low Risk
S05663,17,98,1,0,1,1,1,20,2,2,0,53,98,1,0,0,84.5,Low Risk
S05664,17,98,1,0,1,1,1,20,1,4,1,77,84,1,2,1,86.1,Low Risk
S05665,17,98,1,0,1,1,1,26,0,2,1,68,95,1,1,0,87.8,Low Risk
S05666,17,98,1,0,1,1,1,28,2,9,1,75,99,1,2,0,91.5,Low Risk
S05667,17,98,1,0,1,1,1,20,2,2,0,53,98,1,0,0,84.5,Low Risk
S05668,17,98,1,0,1,1,1,20,1,4,1,77,84,1,2,1,86.1,Low Risk
S05669,17,98,1,0,1,1,1,26,0,2,1,68,95,1,1,0,87.8,Low Risk
S05670,17,98,1,0,1,1,1,28,2,9,1,75,99,1,2,0,91.5,Low Risk
S05671,17,98,2,1,1,1,1,20,2,2,0,53,98,1,0,0,84.5,Low Risk
S05672,17,98,2,1,1,1,1,20,1,4,1,77,84,1,2,1,86.1,Low Risk
S05673,17,98,2,1,1,1,1,26,0,2,1,68,95,1,1,0,87.8,Low Risk
S05674,17,98,2,1,1,1,1,28,2,9,1,75,99,1,2,0,91.5,Low Risk
S05675,17,98,2,1,2,1,1,20,2,2,0,53,98,1,0,0,84.5,Low Risk
S05676,17,98,2,1,2,1,1,20,1,4,1,77,84,1,2,1,86.1,Low Risk
S05677,17,98,2,1,2,1,1,26,0,2,1,68,95,1,1,0,87.8,Low Risk
S05678,17,98,2,1,2,1,1,28,2,9,1,75,99,1,2,0,91.5,Low Risk
S05679,17,98,2,0,1,1,1,20,2,2,0,53,98,1,0,0,84.5,Low Risk
S05680,17,98,2,0,1,1,1,20,1,4,1,77,84,1,2,1,86.1,Low Risk
S05681,17,98,2,0,1,1,1,26,0,2,1,68,95,1,1,0,87.8,Low Risk
S05682,17,98,2,0,1,1,1,28,2,9,1,75,99,1,2,0,91.5,Low Risk
S05683,17,98,1,0,0,1,1,20,2,2,0,53,98,1,0,0,84.5,Low Risk
S05684,17,98,1,0,0,1,1,20,1,4,1,77,84,1,2,1,86.1,Low Risk
S05685,17,98,1,0,0,1,1,26,0,2,1,68,95,1,1,0,87.8,Low Risk
S05686,17,98,1,0,0,1,1,28,2,9,1,75,99,1,2,0,91.5,Low Risk
S05687,15,94,1,0,0,1,1,21,0,14,0,60,69,1,2,2,73.8,Low Risk
S05688,15,94,0,0,1,1,1,21,0,14,0,60,69,1,2,2,73.8,Low Risk
S05689,15,94,0,1,1,1,1,21,0,14,0,60,69,1,2,2,73.8,Low Risk
S05690,15,94,1,0,1,1,1,21,0,14,0,60,69,1,2,2,73.8,Low Risk
S05691,15,94,2,1,1,1,1,21,0,14,0,60,69,1,2,2,73.8,Low Risk
S05692,21,96,2,0,1,1,0,20,0,18,1,81,55,1,0,2,75.1,Low Risk
S05693,21,96,2,0,1,1,0,20,0,18,1,81,55,1,0,2,75.1,Low Risk
S05694,21,96,2,1,0,1,0,20,0,18,1,81,55,1,0,2,75.1,Low Risk
S05695,21,96,1,1,2,0,0,20,0,18,1,81,55,1,0,2,75.1,Low Risk
S05696,21,96,1,1,1,1,0,20,0,18,1,81,55,1,0,2,75.1,Low Risk
S05697,14,79,1,1,1,1,1,26,0,10,0,63,68,1,0,2,69.8,Low Risk
S05698,14,79,0,1,1,1,1,26,0,10,0,63,68,1,0,2,69.8,Low Risk
S05699,14,79,1,1,1,1,1,26,0,10,0,63,68,1,0,2,69.8,Low Risk
S05700,14,79,1,1,1,1,1,26,0,10,0,63,68,1,0,2,69.8,Low Risk
S05701,14,79,1,0,1,1,1,26,0,10,0,63,68,1,0,2,69.8,Low Risk
S05702,14,79,1,1,1,1,1,26,0,10,0,63,68,1,0,2,69.8,Low Risk
S05703,26,76,1,0,0,1,0,26,1,3,1,53,48,0,1,3,57.900000000000006,Medium Risk
S05704,26,76,1,0,0,1,0,29,3,14,1,84,40,1,2,3,64.0,Medium Risk
S05705,26,76,1,0,0,1,0,28,3,19,0,77,73,1,2,1,75.1,Low Risk
S05706,26,76,0,1,1,1,0,26,1,3,1,53,48,0,1,3,57.900000000000006,Medium Risk
S05707,26,76,0,1,1,1,0,29,3,14,1,84,40,1,2,3,64.0,Medium Risk
S05708,26,76,0,1,1,1,0,28,3,19,0,77,73,1,2,1,75.1,Low Risk
S05709,22,77,1,1,1,1,1,26,3,12,1,60,65,1,0,2,67.1,Low Risk
S05710,22,77,1,1,1,1,1,27,3,10,0,68,96,1,1,0,81.9,Low Risk
S05711,22,77,1,1,1,1,1,25,2,7,0,65,47,0,1,3,61.39999999999999,Medium Risk
S05712,22,77,1,1,1,0,1,26,3,12,1,60,65,1,0,2,67.1,Low Risk
S05713,22,77,1,1,1,0,1,27,3,10,0,68,96,1,1,0,81.9,Low Risk
S05714,22,77,1,1,1,0,1,25,2,7,0,65,47,0,1,3,61.39999999999999,Medium Risk
S05715,22,77,0,1,1,1,1,26,3,12,1,60,65,1,0,2,67.1,Low Risk
S05716,22,77,0,1,1,1,1,27,3,10,0,68,96,1,1,0,81.9,Low Risk
S05717,22,77,0,1,1,1,1,25,2,7,0,65,47,0,1,3,61.39999999999999,Medium Risk
S05718,22,77,1,1,2,1,1,26,3,12,1,60,65,1,0,2,67.1,Low Risk
S05719,22,77,1,1,2,1,1,27,3,10,0,68,96,1,1,0,81.9,Low Risk
S05720,22,77,1,1,2,1,1,25,2,7,0,65,47,0,1,3,61.39999999999999,Medium Risk
S05721,22,77,1,1,1,1,1,26,3,12,1,60,65,1,0,2,67.1,Low Risk
S05722,22,77,1,1,1,1,1,27,3,10,0,68,96,1,1,0,81.9,Low Risk
S05723,22,77,1,1,1,1,1,25,2,7,0,65,47,0,1,3,61.39999999999999,Medium Risk
S05724,22,77,2,0,0,1,1,26,3,12,1,60,65,1,0,2,67.1,Low Risk
S05725,22,77,2,0,0,1,1,27,3,10,0,68,96,1,1,0,81.9,Low Risk
S05726,22,77,2,0,0,1,1,25,2,7,0,65,47,0,1,3,61.39999999999999,Medium Risk
S05727,22,77,1,1,2,1,1,26,3,12,1,60,65,1,0,2,67.1,Low Risk
S05728,22,77,1,1,2,1,1,27,3,10,0,68,96,1,1,0,81.9,Low Risk
S05729,22,77,1,1,2,1,1,25,2,7,0,65,47,0,1,3,61.39999999999999,Medium Risk
S05730,22,77,0,0,1,1,1,26,3,12,1,60,65,1,0,2,67.1,Low Risk
S05731,22,77,0,0,1,1,1,27,3,10,0,68,96,1,1,0,81.9,Low Risk
S05732,22,77,0,0,1,1,1,25,2,7,0,65,47,0,1,3,61.39999999999999,Medium Risk
S05733,26,84,2,0,1,0,1,28,1,5,1,67,75,1,1,1,75.3,Low Risk
S05734,26,84,2,0,1,0,1,20,0,6,1,93,53,0,0,3,74.3,Low Risk
S05735,26,84,1,0,0,1,1,28,1,5,1,67,75,1,1,1,75.3,Low Risk
S05736,26,84,1,0,0,1,1,20,0,6,1,93,53,0,0,3,74.3,Low Risk
S05737,26,84,1,0,1,1,1,28,1,5,1,67,75,1,1,1,75.3,Low Risk
S05738,26,84,1,0,1,1,1,20,0,6,1,93,53,0,0,3,74.3,Low Risk
S05739,26,84,1,0,1,0,1,28,1,5,1,67,75,1,1,1,75.3,Low Risk
S05740,26,84,1,0,1,0,1,20,0,6,1,93,53,0,0,3,74.3,Low Risk
S05741,30,88,1,1,1,1,1,21,2,13,0,78,61,1,1,2,74.19999999999999,Low Risk
S05742,30,88,1,1,1,1,1,28,1,15,0,58,76,1,1,1,74.19999999999999,Low Risk
S05743,30,88,1,1,1,1,1,29,2,18,0,51,49,1,0,3,61.3,Medium Risk
S05744,30,88,1,1,2,1,1,21,2,13,0,78,61,1,1,2,74.19999999999999,Low Risk
S05745,30,88,1,1,2,1,1,28,1,15,0,58,76,1,1,1,74.19999999999999,Low Risk
S05746,30,88,1,1,2,1,1,29,2,18,0,51,49,1,0,3,61.3,Medium Risk
S05747,26,98,0,1,2,1,1,27,0,16,1,53,78,1,2,1,76.5,Low Risk
S05748,26,98,0,1,2,1,1,18,3,16,0,68,73,1,2,1,79.0,Low Risk
S05749,26,98,0,1,2,1,1,19,1,12,0,72,86,0,0,0,85.4,Low Risk
S05750,26,98,0,1,2,1,1,22,3,17,1,52,91,0,2,0,81.4,Low Risk
S05751,26,98,2,1,0,1,1,27,0,16,1,53,78,1,2,1,76.5,Low Risk
S05752,26,98,2,1,0,1,1,18,3,16,0,68,73,1,2,1,79.0,Low Risk
S05753,26,98,2,1,0,1,1,19,1,12,0,72,86,0,0,0,85.4,Low Risk
S05754,26,98,2,1,0,1,1,22,3,17,1,52,91,0,2,0,81.4,Low Risk
S05755,26,98,2,1,1,1,1,27,0,16,1,53,78,1,2,1,76.5,Low Risk
S05756,26,98,2,1,1,1,1,18,3,16,0,68,73,1,2,1,79.0,Low Risk
S05757,26,98,2,1,1,1,1,19,1,12,0,72,86,0,0,0,85.4,Low Risk
S05758,26,98,2,1,1,1,1,22,3,17,1,52,91,0,2,0,81.4,Low Risk
S05759,26,98,1,1,0,1,1,27,0,16,1,53,78,1,2,1,76.5,Low Risk
S05760,26,98,1,1,0,1,1,18,3,16,0,68,73,1,2,1,79.0,Low Risk
S05761,26,98,1,1,0,1,1,19,1,12,0,72,86,0,0,0,85.4,Low Risk
S05762,26,98,1,1,0,1,1,22,3,17,1,52,91,0,2,0,81.4,Low Risk
S05763,26,98,1,0,1,1,1,27,0,16,1,53,78,1,2,1,76.5,Low Risk
S05764,26,98,1,0,1,1,1,18,3,16,0,68,73,1,2,1,79.0,Low Risk
S05765,26,98,1,0,1,1,1,19,1,12,0,72,86,0,0,0,85.4,Low Risk
S05766,26,98,1,0,1,1,1,22,3,17,1,52,91,0,2,0,81.4,Low Risk
S05767,26,98,0,1,1,1,1,27,0,16,1,53,78,1,2,1,76.5,Low Risk
S05768,26,98,0,1,1,1,1,18,3,16,0,68,73,1,2,1,79.0,Low Risk
S05769,26,98,0,1,1,1,1,19,1,12,0,72,86,0,0,0,85.4,Low Risk
S05770,26,98,0,1,1,1,1,22,3,17,1,52,91,0,2,0,81.4,Low Risk
S05771,16,81,1,1,1,1,1,18,3,11,0,73,50,0,1,3,66.2,Low Risk
S05772,16,81,2,0,1,1,1,18,3,11,0,73,50,0,1,3,66.2,Low Risk
S05773,16,81,2,1,2,0,1,18,3,11,0,73,50,0,1,3,66.2,Low Risk
S05774,16,81,1,1,2,1,1,18,3,11,0,73,50,0,1,3,66.2,Low Risk
S05775,16,81,1,0,2,1,1,18,3,11,0,73,50,0,1,3,66.2,Low Risk
S05776,23,91,2,1,0,1,0,27,0,6,1,58,73,1,2,1,73.9,Low Risk
S05777,23,91,1,0,1,1,0,27,0,6,1,58,73,1,2,1,73.9,Low Risk
S05778,23,91,0,1,2,1,0,27,0,6,1,58,73,1,2,1,73.9,Low Risk
S05779,23,91,0,1,1,1,0,27,0,6,1,58,73,1,2,1,73.9,Low Risk
S05780,16,82,2,1,0,1,0,22,1,9,0,65,69,1,2,2,71.7,Low Risk
S05781,16,82,2,1,0,1,0,26,1,16,1,61,61,1,1,2,67.3,Low Risk
S05782,16,82,2,1,0,1,0,18,0,5,0,58,85,0,0,0,76.0,Low Risk
S05783,16,82,0,1,1,1,0,22,1,9,0,65,69,1,2,2,71.7,Low Risk
S05784,16,82,0,1,1,1,0,26,1,16,1,61,61,1,1,2,67.3,Low Risk
S05785,16,82,0,1,1,1,0,18,0,5,0,58,85,0,0,0,76.0,Low Risk
S05786,16,82,2,0,1,1,0,22,1,9,0,65,69,1,2,2,71.7,Low Risk
S05787,16,82,2,0,1,1,0,26,1,16,1,61,61,1,1,2,67.3,Low Risk
S05788,16,82,2,0,1,1,0,18,0,5,0,58,85,0,0,0,76.0,Low Risk
S05789,16,82,1,0,1,1,0,22,1,9,0,65,69,1,2,2,71.7,Low Risk
S05790,16,82,1,0,1,1,0,26,1,16,1,61,61,1,1,2,67.3,Low Risk
S05791,16,82,1,0,1,1,0,18,0,5,0,58,85,0,0,0,76.0,Low Risk
S05792,16,82,1,1,2,1,0,22,1,9,0,65,69,1,2,2,71.7,Low Risk
S05793,16,82,1,1,2,1,0,26,1,16,1,61,61,1,1,2,67.3,Low Risk
S05794,16,82,1,1,2,1,0,18,0,5,0,58,85,0,0,0,76.0,Low Risk
S05795,16,82,1,0,0,1,0,22,1,9,0,65,69,1,2,2,71.7,Low Risk
S05796,16,82,1,0,0,1,0,26,1,16,1,61,61,1,1,2,67.3,Low Risk
S05797,16,82,1,0,0,1,0,18,0,5,0,58,85,0,0,0,76.0,Low Risk
S05798,16,82,1,0,1,1,0,22,1,9,0,65,69,1,2,2,71.7,Low Risk
S05799,16,82,1,0,1,1,0,26,1,16,1,61,61,1,1,2,67.3,Low Risk
S05800,16,82,1,0,1,1,0,18,0,5,0,58,85,0,0,0,76.0,Low Risk
S05801,16,82,1,0,1,1,0,22,1,9,0,65,69,1,2,2,71.7,Low Risk
S05802,16,82,1,0,1,1,0,26,1,16,1,61,61,1,1,2,67.3,Low Risk
S05803,16,82,1,0,1,1,0,18,0,5,0,58,85,0,0,0,76.0,Low Risk
S05804,16,79,1,1,1,1,0,18,1,16,0,90,80,1,2,1,82.7,Low Risk
S05805,16,79,1,1,1,1,0,21,0,15,1,52,43,1,2,3,56.5,Medium Risk
S05806,16,79,1,1,1,1,0,24,1,15,1,100,78,1,0,1,84.9,Low Risk
S05807,16,79,1,1,1,1,0,21,3,11,0,70,83,1,0,1,77.9,Low Risk
S05808,16,79,1,1,1,1,0,29,0,14,0,73,47,1,2,3,64.4,Medium Risk
S05809,16,79,2,1,1,1,0,18,1,16,0,90,80,1,2,1,82.7,Low Risk
S05810,16,79,2,1,1,1,0,21,0,15,1,52,43,1,2,3,56.5,Medium Risk
S05811,16,79,2,1,1,1,0,24,1,15,1,100,78,1,0,1,84.9,Low Risk
S05812,16,79,2,1,1,1,0,21,3,11,0,70,83,1,0,1,77.9,Low Risk
S05813,16,79,2,1,1,1,0,29,0,14,0,73,47,1,2,3,64.4,Medium Risk
S05814,16,79,1,0,0,1,0,18,1,16,0,90,80,1,2,1,82.7,Low Risk
S05815,16,79,1,0,0,1,0,21,0,15,1,52,43,1,2,3,56.5,Medium Risk
S05816,16,79,1,0,0,1,0,24,1,15,1,100,78,1,0,1,84.9,Low Risk
S05817,16,79,1,0,0,1,0,21,3,11,0,70,83,1,0,1,77.9,Low Risk
S05818,16,79,1,0,0,1,0,29,0,14,0,73,47,1,2,3,64.4,Medium Risk
S05819,12,85,2,1,2,1,0,29,2,2,0,93,97,0,1,0,92.2,Low Risk
S05820,12,85,2,1,2,1,0,23,3,3,1,91,73,1,2,1,82.0,Low Risk
S05821,12,85,2,1,2,1,0,24,0,2,1,56,76,1,1,1,72.7,Low Risk
S05822,12,85,2,1,2,1,0,25,2,5,0,58,89,0,2,0,78.5,Low Risk
S05823,14,76,1,1,0,1,1,27,2,5,1,88,56,1,1,2,71.6,Low Risk
S05824,14,76,1,1,0,1,1,20,3,17,0,76,60,1,1,2,69.6,Low Risk
S05825,14,76,1,1,1,1,1,27,2,5,1,88,56,1,1,2,71.6,Low Risk
S05826,14,76,1,1,1,1,1,20,3,17,0,76,60,1,1,2,69.6,Low Risk
S05827,14,76,0,0,0,0,1,27,2,5,1,88,56,1,1,2,71.6,Low Risk
S05828,14,76,0,0,0,0,1,20,3,17,0,76,60,1,1,2,69.6,Low Risk
S05829,14,76,1,0,2,1,1,27,2,5,1,88,56,1,1,2,71.6,Low Risk
S05830,14,76,1,0,2,1,1,20,3,17,0,76,60,1,1,2,69.6,Low Risk
S05831,14,76,1,0,0,1,1,27,2,5,1,88,56,1,1,2,71.6,Low Risk
S05832,14,76,1,0,0,1,1,20,3,17,0,76,60,1,1,2,69.6,Low Risk
S05833,14,76,1,0,1,1,1,27,2,5,1,88,56,1,1,2,71.6,Low Risk
S05834,14,76,1,0,1,1,1,20,3,17,0,76,60,1,1,2,69.6,Low Risk
S05835,12,68,2,1,1,1,1,22,0,9,1,58,85,1,2,0,71.8,Medium Risk
S05836,12,68,2,1,1,1,1,29,2,6,0,58,68,1,0,2,65.0,Medium Risk
S05837,12,68,2,1,1,1,1,21,0,11,1,95,46,0,2,3,67.30000000000001,Medium Risk
S05838,12,68,2,0,1,1,1,22,0,9,1,58,85,1,2,0,71.8,Medium Risk
S05839,12,68,2,0,1,1,1,29,2,6,0,58,68,1,0,2,65.0,Medium Risk
S05840,12,68,2,0,1,1,1,21,0,11,1,95,46,0,2,3,67.30000000000001,Medium Risk
S05841,12,68,0,0,0,1,1,22,0,9,1,58,85,1,2,0,71.8,Medium Risk
S05842,12,68,0,0,0,1,1,29,2,6,0,58,68,1,0,2,65.0,Medium Risk
S05843,12,68,0,0,0,1,1,21,0,11,1,95,46,0,2,3,67.30000000000001,Medium Risk
S05844,12,68,1,1,0,1,1,22,0,9,1,58,85,1,2,0,71.8,Medium Risk
S05845,12,68,1,1,0,1,1,29,2,6,0,58,68,1,0,2,65.0,Medium Risk
S05846,12,68,1,1,0,1,1,21,0,11,1,95,46,0,2,3,67.30000000000001,Medium Risk
S05847,26,80,0,1,1,1,1,22,2,13,0,96,90,1,2,0,88.8,Low Risk
S05848,26,80,0,1,1,1,1,19,1,18,1,82,66,1,1,2,75.0,Low Risk
S05849,26,80,1,1,1,1,1,22,2,13,0,96,90,1,2,0,88.8,Low Risk
S05850,26,80,1,1,1,1,1,19,1,18,1,82,66,1,1,2,75.0,Low Risk
S05851,26,80,1,1,1,1,1,22,2,13,0,96,90,1,2,0,88.8,Low Risk
S05852,26,80,1,1,1,1,1,19,1,18,1,82,66,1,1,2,75.0,Low Risk
S05853,26,80,1,0,0,1,1,22,2,13,0,96,90,1,2,0,88.8,Low Risk
S05854,26,80,1,0,0,1,1,19,1,18,1,82,66,1,1,2,75.0,Low Risk
S05855,26,80,0,0,2,1,1,22,2,13,0,96,90,1,2,0,88.8,Low Risk
S05856,26,80,0,0,2,1,1,19,1,18,1,82,66,1,1,2,75.0,Low Risk
S05857,26,80,1,1,1,0,1,22,2,13,0,96,90,1,2,0,88.8,Low Risk
S05858,26,80,1,1,1,0,1,19,1,18,1,82,66,1,1,2,75.0,Low Risk
S05859,14,89,0,1,0,0,0,28,2,4,1,62,68,1,2,2,72.5,Low Risk
S05860,14,89,0,1,0,0,0,21,1,6,1,70,68,1,2,2,74.9,Low Risk
S05861,14,89,0,1,0,0,0,24,0,12,1,86,49,0,2,3,72.10000000000001,Medium Risk
S05862,14,89,1,0,2,1,0,28,2,4,1,62,68,1,2,2,72.5,Low Risk
S05863,14,89,1,0,2,1,0,21,1,6,1,70,68,1,2,2,74.9,Low Risk
S05864,14,89,1,0,2,1,0,24,0,12,1,86,49,0,2,3,72.10000000000001,Medium Risk
S05865,14,89,0,0,0,1,0,28,2,4,1,62,68,1,2,2,72.5,Low Risk
S05866,14,89,0,0,0,1,0,21,1,6,1,70,68,1,2,2,74.9,Low Risk
S05867,14,89,0,0,0,1,0,24,0,12,1,86,49,0,2,3,72.10000000000001,Medium Risk
S05868,21,76,1,0,1,1,0,27,3,17,0,67,73,1,2,1,72.1,Low Risk
S05869,21,76,1,0,0,1,0,27,3,17,0,67,73,1,2,1,72.1,Low Risk
S05870,21,76,2,1,0,1,0,27,3,17,0,67,73,1,2,1,72.1,Low Risk
S05871,21,76,2,0,1,1,0,27,3,17,0,67,73,1,2,1,72.1,Low Risk
S05872,21,76,1,1,0,1,0,27,3,17,0,67,73,1,2,1,72.1,Low Risk
S05873,24,82,1,1,1,1,0,23,3,18,0,92,86,1,2,0,86.6,Low Risk
S05874,24,82,1,1,1,1,0,21,2,1,0,55,42,0,2,3,57.89999999999999,Medium Risk
S05875,24,82,1,1,1,1,0,25,0,12,1,76,42,1,0,3,64.2,Medium Risk
S05876,24,82,1,1,1,1,0,27,1,10,1,59,40,1,1,3,58.3,Medium Risk
S05877,24,82,1,0,1,1,0,23,3,18,0,92,86,1,2,0,86.6,Low Risk
S05878,24,82,1,0,1,1,0,21,2,1,0,55,42,0,2,3,57.89999999999999,Medium Risk
S05879,24,82,1,0,1,1,0,25,0,12,1,76,42,1,0,3,64.2,Medium Risk
S05880,24,82,1,0,1,1,0,27,1,10,1,59,40,1,1,3,58.3,Medium Risk
S05881,35,65,1,1,2,1,1,27,3,20,1,95,59,0,1,2,71.6,Medium Risk
S05882,35,65,1,1,2,1,1,25,1,17,1,94,98,0,2,0,86.9,Medium Risk
S05883,19,80,0,0,1,1,1,23,1,7,0,55,49,1,2,3,60.1,Medium Risk
S05884,19,80,0,0,1,1,1,23,3,3,1,69,91,1,2,0,81.1,Low Risk
S05885,19,80,1,1,1,1,1,23,1,7,0,55,49,1,2,3,60.1,Medium Risk
S05886,19,80,1,1,1,1,1,23,3,3,1,69,91,1,2,0,81.1,Low Risk
S05887,19,80,0,0,2,1,1,23,1,7,0,55,49,1,2,3,60.1,Medium Risk
S05888,19,80,0,0,2,1,1,23,3,3,1,69,91,1,2,0,81.1,Low Risk
S05889,19,80,0,0,0,1,1,23,1,7,0,55,49,1,2,3,60.1,Medium Risk
S05890,19,80,0,0,0,1,1,23,3,3,1,69,91,1,2,0,81.1,Low Risk
S05891,19,80,1,1,0,1,1,23,1,7,0,55,49,1,2,3,60.1,Medium Risk
S05892,19,80,1,1,0,1,1,23,3,3,1,69,91,1,2,0,81.1,Low Risk
S05893,19,80,2,1,1,1,1,23,1,7,0,55,49,1,2,3,60.1,Medium Risk
S05894,19,80,2,1,1,1,1,23,3,3,1,69,91,1,2,0,81.1,Low Risk
S05895,27,67,1,1,1,1,1,25,2,18,1,77,65,1,2,2,69.19999999999999,Medium Risk
S05896,27,67,1,1,1,1,1,23,3,6,1,80,85,0,0,0,78.1,Medium Risk
S05897,27,67,1,1,1,1,1,27,2,13,0,95,83,1,2,1,81.8,Medium Risk
S05898,27,67,1,0,1,1,1,25,2,18,1,77,65,1,2,2,69.19999999999999,Medium Risk
S05899,27,67,1,0,1,1,1,23,3,6,1,80,85,0,0,0,78.1,Medium Risk
S05900,27,67,1,0,1,1,1,27,2,13,0,95,83,1,2,1,81.8,Medium Risk
S05901,16,65,2,0,0,1,1,28,2,15,1,58,46,1,1,3,55.3,Medium Risk
S05902,16,65,2,0,0,1,1,19,1,17,1,92,91,0,1,0,83.5,Medium Risk
S05903,16,65,2,0,0,1,1,26,0,1,0,83,94,1,2,0,82.0,Medium Risk
S05904,16,65,2,0,0,1,1,24,3,10,1,62,65,0,2,2,64.1,Medium Risk
S05905,16,65,0,0,1,1,1,28,2,15,1,58,46,1,1,3,55.3,Medium Risk
S05906,16,65,0,0,1,1,1,19,1,17,1,92,91,0,1,0,83.5,Medium Risk
S05907,16,65,0,0,1,1,1,26,0,1,0,83,94,1,2,0,82.0,Medium Risk
S05908,16,65,0,0,1,1,1,24,3,10,1,62,65,0,2,2,64.1,Medium Risk
S05909,16,65,1,0,1,1,1,28,2,15,1,58,46,1,1,3,55.3,Medium Risk
S05910,16,65,1,0,1,1,1,19,1,17,1,92,91,0,1,0,83.5,Medium Risk
S05911,16,65,1,0,1,1,1,26,0,1,0,83,94,1,2,0,82.0,Medium Risk
S05912,16,65,1,0,1,1,1,24,3,10,1,62,65,0,2,2,64.1,Medium Risk
S05913,31,76,1,1,1,1,0,20,2,20,0,53,55,1,1,2,60.7,Low Risk
S05914,24,96,2,0,1,1,0,18,1,2,0,82,76,0,1,1,83.8,Low Risk
S05915,24,96,1,1,0,0,0,18,1,2,0,82,76,0,1,1,83.8,Low Risk
S05916,24,96,2,0,0,1,0,18,1,2,0,82,76,0,1,1,83.8,Low Risk
S05917,24,96,1,0,1,1,0,18,1,2,0,82,76,0,1,1,83.8,Low Risk
S05918,24,96,2,1,1,1,0,18,1,2,0,82,76,0,1,1,83.8,Low Risk
S05919,24,96,1,0,1,1,0,18,1,2,0,82,76,0,1,1,83.8,Low Risk
S05920,19,67,1,1,1,1,0,29,0,1,1,81,94,1,1,0,82.0,Medium Risk
S05921,19,67,1,1,2,1,0,29,0,1,1,81,94,1,1,0,82.0,Medium Risk
S05922,19,67,0,0,2,1,0,29,0,1,1,81,94,1,1,0,82.0,Medium Risk
S05923,19,67,1,0,1,1,0,29,0,1,1,81,94,1,1,0,82.0,Medium Risk
S05924,19,67,1,0,0,1,0,29,0,1,1,81,94,1,1,0,82.0,Medium Risk
S05925,19,67,1,0,0,1,0,29,0,1,1,81,94,1,1,0,82.0,Medium Risk
S05926,19,67,1,1,0,1,0,29,0,1,1,81,94,1,1,0,82.0,Medium Risk
S05927,21,71,1,1,0,0,0,29,1,16,0,68,96,1,0,0,80.10000000000001,Medium Risk
S05928,21,71,1,1,0,0,0,24,0,14,1,78,56,1,0,2,67.1,Medium Risk
S05929,21,71,1,1,0,1,0,29,1,16,0,68,96,1,0,0,80.10000000000001,Medium Risk
S05930,21,71,1,1,0,1,0,24,0,14,1,78,56,1,0,2,67.1,Medium Risk
S05931,21,71,1,1,1,1,0,29,1,16,0,68,96,1,0,0,80.10000000000001,Medium Risk
S05932,21,71,1,1,1,1,0,24,0,14,1,78,56,1,0,2,67.1,Medium Risk
S05933,21,71,0,0,2,1,0,29,1,16,0,68,96,1,0,0,80.10000000000001,Medium Risk
S05934,21,71,0,0,2,1,0,24,0,14,1,78,56,1,0,2,67.1,Medium Risk
S05935,21,71,1,0,0,1,0,29,1,16,0,68,96,1,0,0,80.10000000000001,Medium Risk
S05936,21,71,1,0,0,1,0,24,0,14,1,78,56,1,0,2,67.1,Medium Risk
S05937,21,71,2,1,1,1,0,29,1,16,0,68,96,1,0,0,80.10000000000001,Medium Risk
S05938,21,71,2,1,1,1,0,24,0,14,1,78,56,1,0,2,67.1,Medium Risk
S05939,12,94,2,1,1,1,1,18,1,12,0,87,81,0,2,1,86.7,Low Risk
S05940,12,94,2,1,1,1,1,26,0,12,0,84,90,1,2,0,89.4,Low Risk
S05941,12,94,2,0,2,1,1,18,1,12,0,87,81,0,2,1,86.7,Low Risk
S05942,12,94,2,0,2,1,1,26,0,12,0,84,90,1,2,0,89.4,Low Risk
S05943,12,94,0,1,1,1,1,18,1,12,0,87,81,0,2,1,86.7,Low Risk
S05944,12,94,0,1,1,1,1,26,0,12,0,84,90,1,2,0,89.4,Low Risk
S05945,22,61,0,1,0,1,0,27,1,17,1,91,99,1,0,0,85.2,Medium Risk
S05946,22,61,0,1,0,1,0,24,3,16,1,78,85,0,2,0,75.7,Medium Risk
S05947,22,61,0,1,0,1,0,24,3,14,1,97,90,1,2,0,83.39999999999999,Medium Risk
S05948,22,61,0,1,0,1,0,27,0,12,1,63,74,0,2,1,66.8,Medium Risk
S05949,22,61,0,1,0,1,0,27,1,3,0,84,71,1,2,1,71.9,Medium Risk
S05950,22,61,2,1,1,1,0,27,1,17,1,91,99,1,0,0,85.2,Medium Risk
S05951,22,61,2,1,1,1,0,24,3,16,1,78,85,0,2,0,75.7,Medium Risk
S05952,22,61,2,1,1,1,0,24,3,14,1,97,90,1,2,0,83.39999999999999,Medium Risk
S05953,22,61,2,1,1,1,0,27,0,12,1,63,74,0,2,1,66.8,Medium Risk
S05954,22,61,2,1,1,1,0,27,1,3,0,84,71,1,2,1,71.9,Medium Risk
S05955,22,61,1,1,0,1,0,27,1,17,1,91,99,1,0,0,85.2,Medium Risk
S05956,22,61,1,1,0,1,0,24,3,16,1,78,85,0,2,0,75.7,Medium Risk
S05957,22,61,1,1,0,1,0,24,3,14,1,97,90,1,2,0,83.39999999999999,Medium Risk
S05958,22,61,1,1,0,1,0,27,0,12,1,63,74,0,2,1,66.8,Medium Risk
S05959,22,61,1,1,0,1,0,27,1,3,0,84,71,1,2,1,71.9,Medium Risk
S05960,22,61,1,0,0,1,0,27,1,17,1,91,99,1,0,0,85.2,Medium Risk
S05961,22,61,1,0,0,1,0,24,3,16,1,78,85,0,2,0,75.7,Medium Risk
S05962,22,61,1,0,0,1,0,24,3,14,1,97,90,1,2,0,83.39999999999999,Medium Risk
S05963,22,61,1,0,0,1,0,27,0,12,1,63,74,0,2,1,66.8,Medium Risk
S05964,22,61,1,0,0,1,0,27,1,3,0,84,71,1,2,1,71.9,Medium Risk
S05965,22,61,0,0,2,1,0,27,1,17,1,91,99,1,0,0,85.2,Medium Risk
S05966,22,61,0,0,2,1,0,24,3,16,1,78,85,0,2,0,75.7,Medium Risk
S05967,22,61,0,0,2,1,0,24,3,14,1,97,90,1,2,0,83.39999999999999,Medium Risk
S05968,22,61,0,0,2,1,0,27,0,12,1,63,74,0,2,1,66.8,Medium Risk
S05969,22,61,0,0,2,1,0,27,1,3,0,84,71,1,2,1,71.9,Medium Risk
S05970,24,63,1,0,0,1,1,27,2,2,0,69,43,1,2,3,56.8,Medium Risk
S05971,24,63,1,0,0,1,1,27,1,12,1,52,95,1,1,0,72.5,Medium Risk
S05972,24,63,1,0,0,1,1,22,3,7,1,63,55,1,2,2,59.8,Medium Risk
S05973,24,63,1,1,1,1,1,27,2,2,0,69,43,1,2,3,56.8,Medium Risk
S05974,24,63,1,1,1,1,1,27,1,12,1,52,95,1,1,0,72.5,Medium Risk
S05975,24,63,1,1,1,1,1,22,3,7,1,63,55,1,2,2,59.8,Medium Risk
S05976,24,63,1,0,1,1,1,27,2,2,0,69,43,1,2,3,56.8,Medium Risk
S05977,24,63,1,0,1,1,1,27,1,12,1,52,95,1,1,0,72.5,Medium Risk
S05978,24,63,1,0,1,1,1,22,3,7,1,63,55,1,2,2,59.8,Medium Risk
S05979,24,63,1,1,1,1,1,27,2,2,0,69,43,1,2,3,56.8,Medium Risk
S05980,24,63,1,1,1,1,1,27,1,12,1,52,95,1,1,0,72.5,Medium Risk
S05981,24,63,1,1,1,1,1,22,3,7,1,63,55,1,2,2,59.8,Medium Risk
S05982,23,71,1,1,2,1,0,25,1,19,1,86,41,1,1,3,63.5,Medium Risk
S05983,23,71,1,1,2,1,0,26,1,17,1,63,70,1,1,1,68.2,Medium Risk
S05984,23,71,2,0,1,1,0,25,1,19,1,86,41,1,1,3,63.5,Medium Risk
S05985,23,71,2,0,1,1,0,26,1,17,1,63,70,1,1,1,68.2,Medium Risk
S05986,23,71,1,1,0,1,0,25,1,19,1,86,41,1,1,3,63.5,Medium Risk
S05987,23,71,1,1,0,1,0,26,1,17,1,63,70,1,1,1,68.2,Medium Risk
S05988,23,71,1,0,0,1,0,25,1,19,1,86,41,1,1,3,63.5,Medium Risk
S05989,23,71,1,0,0,1,0,26,1,17,1,63,70,1,1,1,68.2,Medium Risk
S05990,23,71,1,1,1,1,0,25,1,19,1,86,41,1,1,3,63.5,Medium Risk
S05991,23,71,1,1,1,1,0,26,1,17,1,63,70,1,1,1,68.2,Medium Risk
S05992,26,68,2,1,1,1,1,24,1,12,1,59,93,1,1,0,75.30000000000001,Medium Risk
S05993,26,68,2,1,1,1,1,26,0,10,1,81,65,0,2,2,70.69999999999999,Medium Risk
S05994,26,68,2,1,1,1,1,20,3,17,1,84,77,0,2,1,76.4,Medium Risk
S05995,26,68,2,0,2,1,1,24,1,12,1,59,93,1,1,0,75.30000000000001,Medium Risk
S05996,26,68,2,0,2,1,1,26,0,10,1,81,65,0,2,2,70.69999999999999,Medium Risk
S05997,26,68,2,0,2,1,1,20,3,17,1,84,77,0,2,1,76.4,Medium Risk
S05998,26,68,1,0,1,1,1,24,1,12,1,59,93,1,1,0,75.30000000000001,Medium Risk
S05999,26,68,1,0,1,1,1,26,0,10,1,81,65,0,2,2,70.69999999999999,Medium Risk
S06000,26,68,1,0,1,1,1,20,3,17,1,84,77,0,2,1,76.4,Medium Risk
S06001,26,68,0,1,1,1,1,24,1,12,1,59,93,1,1,0,75.30000000000001,Medium Risk
S06002,26,68,0,1,1,1,1,26,0,10,1,81,65,0,2,2,70.69999999999999,Medium Risk
S06003,26,68,0,1,1,1,1,20,3,17,1,84,77,0,2,1,76.4,Medium Risk
S06004,25,69,1,1,1,1,1,19,3,14,1,88,43,1,2,3,64.3,Medium Risk
S06005,25,69,1,1,1,1,1,26,3,8,0,62,61,0,1,2,63.7,Medium Risk
S06006,25,69,1,1,1,1,1,19,3,1,0,63,71,1,0,1,68.0,Medium Risk
S06007,25,69,0,1,2,1,1,19,3,14,1,88,43,1,2,3,64.3,Medium Risk
S06008,25,69,0,1,2,1,1,26,3,8,0,62,61,0,1,2,63.7,Medium Risk
S06009,25,69,0,1,2,1,1,19,3,1,0,63,71,1,0,1,68.0,Medium Risk
S06010,25,69,0,1,1,1,1,19,3,14,1,88,43,1,2,3,64.3,Medium Risk
S06011,25,69,0,1,1,1,1,26,3,8,0,62,61,0,1,2,63.7,Medium Risk
S06012,25,69,0,1,1,1,1,19,3,1,0,63,71,1,0,1,68.0,Medium Risk
S06013,25,69,1,1,1,1,1,19,3,14,1,88,43,1,2,3,64.3,Medium Risk
S06014,25,69,1,1,1,1,1,26,3,8,0,62,61,0,1,2,63.7,Medium Risk
S06015,25,69,1,1,1,1,1,19,3,1,0,63,71,1,0,1,68.0,Medium Risk
S06016,25,69,1,0,1,0,1,19,3,14,1,88,43,1,2,3,64.3,Medium Risk
S06017,25,69,1,0,1,0,1,26,3,8,0,62,61,0,1,2,63.7,Medium Risk
S06018,25,69,1,0,1,0,1,19,3,1,0,63,71,1,0,1,68.0,Medium Risk
S06019,23,92,1,0,1,1,0,20,1,18,1,82,81,0,2,1,84.6,Low Risk
S06020,23,92,1,0,1,1,0,22,2,16,1,92,58,1,1,2,78.39999999999999,Low Risk
S06021,23,92,1,0,1,1,0,25,1,14,1,70,82,1,0,1,81.4,Low Risk
S06022,23,92,2,0,2,1,0,20,1,18,1,82,81,0,2,1,84.6,Low Risk
S06023,23,92,2,0,2,1,0,22,2,16,1,92,58,1,1,2,78.39999999999999,Low Risk
S06024,23,92,2,0,2,1,0,25,1,14,1,70,82,1,0,1,81.4,Low Risk
S06025,23,92,2,0,1,1,0,20,1,18,1,82,81,0,2,1,84.6,Low Risk
S06026,23,92,2,0,1,1,0,22,2,16,1,92,58,1,1,2,78.39999999999999,Low Risk
S06027,23,92,2,0,1,1,0,25,1,14,1,70,82,1,0,1,81.4,Low Risk
S06028,23,92,1,1,2,1,0,20,1,18,1,82,81,0,2,1,84.6,Low Risk
S06029,23,92,1,1,2,1,0,22,2,16,1,92,58,1,1,2,78.39999999999999,Low Risk
S06030,23,92,1,1,2,1,0,25,1,14,1,70,82,1,0,1,81.4,Low Risk
S06031,23,92,2,0,1,1,0,20,1,18,1,82,81,0,2,1,84.6,Low Risk
S06032,23,92,2,0,1,1,0,22,2,16,1,92,58,1,1,2,78.39999999999999,Low Risk
S06033,23,92,2,0,1,1,0,25,1,14,1,70,82,1,0,1,81.4,Low Risk
S06034,10,60,1,0,1,1,1,25,0,19,1,91,52,1,1,3,66.1,Medium Risk
S06035,10,60,1,0,0,0,1,25,0,19,1,91,52,1,1,3,66.1,Medium Risk
S06036,21,76,2,1,1,1,1,29,3,3,0,56,83,1,0,1,72.8,Low Risk
S06037,21,76,2,1,1,1,1,18,0,11,1,74,42,0,2,3,61.8,Medium Risk
S06038,21,76,2,1,1,1,1,19,2,7,0,57,91,0,2,0,76.3,Low Risk
S06039,21,76,0,1,2,0,1,29,3,3,0,56,83,1,0,1,72.8,Low Risk
S06040,21,76,0,1,2,0,1,18,0,11,1,74,42,0,2,3,61.8,Medium Risk
S06041,21,76,0,1,2,0,1,19,2,7,0,57,91,0,2,0,76.3,Low Risk
S06042,21,76,1,1,1,1,1,29,3,3,0,56,83,1,0,1,72.8,Low Risk
S06043,21,76,1,1,1,1,1,18,0,11,1,74,42,0,2,3,61.8,Medium Risk
S06044,21,76,1,1,1,1,1,19,2,7,0,57,91,0,2,0,76.3,Low Risk
S06045,21,76,1,1,1,1,1,29,3,3,0,56,83,1,0,1,72.8,Low Risk
S06046,21,76,1,1,1,1,1,18,0,11,1,74,42,0,2,3,61.8,Medium Risk
S06047,21,76,1,1,1,1,1,19,2,7,0,57,91,0,2,0,76.3,Low Risk
S06048,21,76,1,1,1,1,1,29,3,3,0,56,83,1,0,1,72.8,Low Risk
S06049,21,76,1,1,1,1,1,18,0,11,1,74,42,0,2,3,61.8,Medium Risk
S06050,21,76,1,1,1,1,1,19,2,7,0,57,91,0,2,0,76.3,Low Risk
S06051,21,76,1,1,0,1,1,29,3,3,0,56,83,1,0,1,72.8,Low Risk
S06052,21,76,1,1,0,1,1,18,0,11,1,74,42,0,2,3,61.8,Medium Risk
S06053,21,76,1,1,0,1,1,19,2,7,0,57,91,0,2,0,76.3,Low Risk
S06054,21,76,0,1,2,1,1,29,3,3,0,56,83,1,0,1,72.8,Low Risk
S06055,21,76,0,1,2,1,1,18,0,11,1,74,42,0,2,3,61.8,Medium Risk
S06056,21,76,0,1,2,1,1,19,2,7,0,57,91,0,2,0,76.3,Low Risk
S06057,21,76,1,1,2,1,1,29,3,3,0,56,83,1,0,1,72.8,Low Risk
S06058,21,76,1,1,2,1,1,18,0,11,1,74,42,0,2,3,61.8,Medium Risk
S06059,21,76,1,1,2,1,1,19,2,7,0,57,91,0,2,0,76.3,Low Risk
S06060,12,87,0,1,1,0,0,25,3,9,1,79,61,1,2,2,74.2,Low Risk
S06061,12,87,2,1,1,0,0,25,3,9,1,79,61,1,2,2,74.2,Low Risk
S06062,14,88,1,0,1,1,1,18,2,17,0,100,49,0,2,3,76.0,Medium Risk
S06063,14,88,2,1,1,1,1,18,2,17,0,100,49,0,2,3,76.0,Medium Risk
S06064,14,88,1,1,1,1,1,18,2,17,0,100,49,0,2,3,76.0,Medium Risk
S06065,26,89,0,1,1,1,1,25,1,4,1,88,74,1,2,1,82.7,Low Risk
S06066,26,89,1,0,1,1,1,25,1,4,1,88,74,1,2,1,82.7,Low Risk
S06067,26,89,1,1,0,1,1,25,1,4,1,88,74,1,2,1,82.7,Low Risk
S06068,20,98,1,0,2,1,1,25,1,10,1,61,59,1,2,2,71.30000000000001,Low Risk
S06069,20,98,1,0,2,1,1,18,1,14,1,77,62,1,1,2,77.3,Low Risk
S06070,20,98,2,1,1,1,1,25,1,10,1,61,59,1,2,2,71.30000000000001,Low Risk
S06071,20,98,2,1,1,1,1,18,1,14,1,77,62,1,1,2,77.3,Low Risk
S06072,20,98,1,1,2,1,1,25,1,10,1,61,59,1,2,2,71.30000000000001,Low Risk
S06073,20,98,1,1,2,1,1,18,1,14,1,77,62,1,1,2,77.3,Low Risk
S06074,20,98,2,1,1,1,1,25,1,10,1,61,59,1,2,2,71.30000000000001,Low Risk
S06075,20,98,2,1,1,1,1,18,1,14,1,77,62,1,1,2,77.3,Low Risk
S06076,20,98,2,1,1,1,1,25,1,10,1,61,59,1,2,2,71.30000000000001,Low Risk
S06077,20,98,2,1,1,1,1,18,1,14,1,77,62,1,1,2,77.3,Low Risk
S06078,20,98,1,1,1,1,1,25,1,10,1,61,59,1,2,2,71.30000000000001,Low Risk
S06079,20,98,1,1,1,1,1,18,1,14,1,77,62,1,1,2,77.3,Low Risk
S06080,20,98,1,0,1,1,1,25,1,10,1,61,59,1,2,2,71.30000000000001,Low Risk
S06081,20,98,1,0,1,1,1,18,1,14,1,77,62,1,1,2,77.3,Low Risk
S06082,20,98,0,0,0,1,1,25,1,10,1,61,59,1,2,2,71.30000000000001,Low Risk
S06083,20,98,0,0,0,1,1,18,1,14,1,77,62,1,1,2,77.3,Low Risk
S06084,20,98,1,0,1,1,1,25,1,10,1,61,59,1,2,2,71.30000000000001,Low Risk
S06085,20,98,1,0,1,1,1,18,1,14,1,77,62,1,1,2,77.3,Low Risk
S06086,20,98,1,1,0,1,1,25,1,10,1,61,59,1,2,2,71.30000000000001,Low Risk
S06087,20,98,1,1,0,1,1,18,1,14,1,77,62,1,1,2,77.3,Low Risk
S06088,21,97,1,1,1,1,1,19,1,20,1,100,75,1,2,1,89.1,Low Risk
S06089,21,97,1,1,1,1,1,19,0,4,0,58,89,1,2,0,82.1,Low Risk
S06090,21,97,2,1,0,1,1,19,1,20,1,100,75,1,2,1,89.1,Low Risk
S06091,21,97,2,1,0,1,1,19,0,4,0,58,89,1,2,0,82.1,Low Risk
S06092,21,97,1,1,1,1,1,19,1,20,1,100,75,1,2,1,89.1,Low Risk
S06093,21,97,1,1,1,1,1,19,0,4,0,58,89,1,2,0,82.1,Low Risk
S06094,21,97,2,1,2,1,1,19,1,20,1,100,75,1,2,1,89.1,Low Risk
S06095,21,97,2,1,2,1,1,19,0,4,0,58,89,1,2,0,82.1,Low Risk
S06096,21,97,1,0,2,1,1,19,1,20,1,100,75,1,2,1,89.1,Low Risk
S06097,21,97,1,0,2,1,1,19,0,4,0,58,89,1,2,0,82.1,Low Risk
S06098,21,97,1,1,0,1,1,19,1,20,1,100,75,1,2,1,89.1,Low Risk
S06099,21,97,1,1,0,1,1,19,0,4,0,58,89,1,2,0,82.1,Low Risk
S06100,17,92,2,0,1,1,1,22,0,10,1,93,77,0,2,1,86.3,Low Risk
S06101,17,92,2,0,1,1,1,24,1,11,1,58,88,1,2,0,80.2,Low Risk
S06102,17,92,0,1,2,1,1,22,0,10,1,93,77,0,2,1,86.3,Low Risk
S06103,17,92,0,1,2,1,1,24,1,11,1,58,88,1,2,0,80.2,Low Risk
S06104,17,92,2,1,1,1,1,22,0,10,1,93,77,0,2,1,86.3,Low Risk
S06105,17,92,2,1,1,1,1,24,1,11,1,58,88,1,2,0,80.2,Low Risk
S06106,17,92,1,1,1,1,1,22,0,10,1,93,77,0,2,1,86.3,Low Risk
S06107,17,92,1,1,1,1,1,24,1,11,1,58,88,1,2,0,80.2,Low Risk
S06108,17,92,1,1,2,1,1,22,0,10,1,93,77,0,2,1,86.3,Low Risk
S06109,17,92,1,1,2,1,1,24,1,11,1,58,88,1,2,0,80.2,Low Risk
S06110,17,92,1,0,0,1,1,22,0,10,1,93,77,0,2,1,86.3,Low Risk
S06111,17,92,1,0,0,1,1,24,1,11,1,58,88,1,2,0,80.2,Low Risk
S06112,28,87,0,1,1,1,1,29,1,12,1,70,48,1,2,3,66.3,Medium Risk
S06113,28,87,1,1,1,1,1,29,1,12,1,70,48,1,2,3,66.3,Medium Risk
S06114,19,98,2,0,0,0,0,28,2,10,1,84,84,1,1,1,88.19999999999999,Low Risk
S06115,19,98,2,0,0,0,0,22,1,20,1,91,76,1,2,1,87.1,Low Risk
S06116,19,98,2,0,0,0,0,29,3,16,0,51,51,1,2,3,65.1,Low Risk
S06117,19,98,0,1,2,1,0,28,2,10,1,84,84,1,1,1,88.19999999999999,Low Risk
S06118,19,98,0,1,2,1,0,22,1,20,1,91,76,1,2,1,87.1,Low Risk
S06119,19,98,0,1,2,1,0,29,3,16,0,51,51,1,2,3,65.1,Low Risk
S06120,19,98,2,1,1,1,0,28,2,10,1,84,84,1,1,1,88.19999999999999,Low Risk
S06121,19,98,2,1,1,1,0,22,1,20,1,91,76,1,2,1,87.1,Low Risk
S06122,19,98,2,1,1,1,0,29,3,16,0,51,51,1,2,3,65.1,Low Risk
S06123,19,98,2,1,2,1,0,28,2,10,1,84,84,1,1,1,88.19999999999999,Low Risk
S06124,19,98,2,1,2,1,0,22,1,20,1,91,76,1,2,1,87.1,Low Risk
S06125,19,98,2,1,2,1,0,29,3,16,0,51,51,1,2,3,65.1,Low Risk
S06126,26,97,1,0,0,0,1,27,2,20,0,82,87,1,2,0,88.5,Low Risk
S06127,26,97,1,0,0,0,1,27,2,14,1,72,49,1,0,3,70.3,Medium Risk
S06128,26,97,1,0,0,0,1,19,3,0,0,98,52,0,2,3,79.3,Low Risk
S06129,26,97,1,0,0,0,1,20,1,16,0,99,86,1,2,0,93.19999999999999,Low Risk
S06130,26,97,1,1,0,1,1,27,2,20,0,82,87,1,2,0,88.5,Low Risk
S06131,26,97,1,1,0,1,1,27,2,14,1,72,49,1,0,3,70.3,Medium Risk
S06132,26,97,1,1,0,1,1,19,3,0,0,98,52,0,2,3,79.3,Low Risk
S06133,26,97,1,1,0,1,1,20,1,16,0,99,86,1,2,0,93.19999999999999,Low Risk
S06134,11,63,1,1,2,1,0,20,3,19,1,54,45,1,1,3,53.1,Medium Risk
S06135,11,63,1,1,2,1,0,22,3,20,0,67,100,1,2,0,79.0,Medium Risk
S06136,11,63,1,1,2,1,0,22,0,15,1,57,78,1,2,1,67.19999999999999,Medium Risk
S06137,11,63,1,1,2,1,0,25,0,20,0,65,55,1,0,2,60.4,Medium Risk
S06138,11,63,2,1,2,0,0,20,3,19,1,54,45,1,1,3,53.1,Medium Risk
S06139,11,63,2,1,2,0,0,22,3,20,0,67,100,1,2,0,79.0,Medium Risk
S06140,11,63,2,1,2,0,0,22,0,15,1,57,78,1,2,1,67.19999999999999,Medium Risk
S06141,11,63,2,1,2,0,0,25,0,20,0,65,55,1,0,2,60.4,Medium Risk
S06142,11,63,1,1,2,1,0,20,3,19,1,54,45,1,1,3,53.1,Medium Risk
S06143,11,63,1,1,2,1,0,22,3,20,0,67,100,1,2,0,79.0,Medium Risk
S06144,11,63,1,1,2,1,0,22,0,15,1,57,78,1,2,1,67.19999999999999,Medium Risk
S06145,11,63,1,1,2,1,0,25,0,20,0,65,55,1,0,2,60.4,Medium Risk
S06146,20,92,0,0,0,1,0,19,3,10,1,72,46,1,1,3,67.6,Medium Risk
S06147,20,92,2,1,1,1,0,19,3,10,1,72,46,1,1,3,67.6,Medium Risk
S06148,20,92,1,1,0,1,0,19,3,10,1,72,46,1,1,3,67.6,Medium Risk
S06149,20,92,2,0,1,1,0,19,3,10,1,72,46,1,1,3,67.6,Medium Risk
S06150,20,92,1,1,0,1,0,19,3,10,1,72,46,1,1,3,67.6,Medium Risk
S06151,17,96,1,1,1,1,0,22,2,8,1,59,54,1,2,3,68.1,Low Risk
S06152,17,96,0,0,0,1,0,22,2,8,1,59,54,1,2,3,68.1,Low Risk
S06153,17,96,2,0,0,1,0,22,2,8,1,59,54,1,2,3,68.1,Low Risk
S06154,17,96,1,1,1,1,0,22,2,8,1,59,54,1,2,3,68.1,Low Risk
S06155,17,96,1,0,1,1,0,22,2,8,1,59,54,1,2,3,68.1,Low Risk
S06156,17,96,1,1,0,1,0,22,2,8,1,59,54,1,2,3,68.1,Low Risk
S06157,17,96,1,0,1,1,0,22,2,8,1,59,54,1,2,3,68.1,Low Risk
S06158,17,96,1,0,0,1,0,22,2,8,1,59,54,1,2,3,68.1,Low Risk
S06159,28,98,1,1,1,1,1,21,2,6,1,62,53,0,2,3,69.19999999999999,Low Risk
S06160,28,98,1,1,1,1,1,29,0,13,0,61,96,0,2,0,86.1,Low Risk
S06161,28,98,1,1,1,1,1,19,1,0,1,79,79,1,1,1,84.69999999999999,Low Risk
S06162,28,98,1,1,1,1,1,25,1,14,1,84,78,1,2,1,85.80000000000001,Low Risk
S06163,28,98,1,1,1,1,1,21,2,8,1,55,94,1,0,0,83.5,Low Risk
S06164,28,98,1,1,1,1,1,21,1,3,0,64,71,1,2,1,77.0,Low Risk
S06165,28,98,2,1,1,1,1,21,2,6,1,62,53,0,2,3,69.19999999999999,Low Risk
S06166,28,98,2,1,1,1,1,29,0,13,0,61,96,0,2,0,86.1,Low Risk
S06167,28,98,2,1,1,1,1,19,1,0,1,79,79,1,1,1,84.69999999999999,Low Risk
S06168,28,98,2,1,1,1,1,25,1,14,1,84,78,1,2,1,85.80000000000001,Low Risk
S06169,28,98,2,1,1,1,1,21,2,8,1,55,94,1,0,0,83.5,Low Risk
S06170,28,98,2,1,1,1,1,21,1,3,0,64,71,1,2,1,77.0,Low Risk
S06171,34,63,2,1,1,1,1,28,2,6,1,63,60,0,2,2,61.8,Medium Risk
S06172,18,76,2,0,1,1,1,28,2,11,1,68,88,1,2,0,78.4,Low Risk
S06173,18,76,2,0,1,1,1,23,3,6,1,88,65,1,2,2,75.2,Low Risk
S06174,18,76,2,0,1,1,1,20,0,1,1,65,40,1,1,3,58.3,Medium Risk
S06175,18,76,2,0,1,1,1,28,2,11,1,68,88,1,2,0,78.4,Low Risk
S06176,18,76,2,0,1,1,1,23,3,6,1,88,65,1,2,2,75.2,Low Risk
S06177,18,76,2,0,1,1,1,20,0,1,1,65,40,1,1,3,58.3,Medium Risk
S06178,18,76,2,1,2,1,1,28,2,11,1,68,88,1,2,0,78.4,Low Risk
S06179,18,76,2,1,2,1,1,23,3,6,1,88,65,1,2,2,75.2,Low Risk
S06180,18,76,2,1,2,1,1,20,0,1,1,65,40,1,1,3,58.3,Medium Risk
S06181,17,61,1,0,2,1,0,28,2,10,1,62,69,0,2,2,64.5,Medium Risk
S06182,17,61,2,1,0,1,0,28,2,10,1,62,69,0,2,2,64.5,Medium Risk
S06183,17,61,1,0,0,1,0,28,2,10,1,62,69,0,2,2,64.5,Medium Risk
S06184,17,61,2,1,1,0,0,28,2,10,1,62,69,0,2,2,64.5,Medium Risk
S06185,29,73,1,0,1,1,0,18,1,2,1,71,42,0,1,3,60.0,Medium Risk
S06186,29,73,0,1,1,1,0,18,1,2,1,71,42,0,1,3,60.0,Medium Risk
S06187,17,96,1,1,1,1,1,27,0,6,0,100,68,1,1,2,86.0,Low Risk
S06188,17,96,1,1,1,1,1,23,3,13,1,55,95,1,0,0,83.3,Low Risk
S06189,17,96,1,1,1,1,1,25,0,15,0,69,70,0,1,1,77.5,Low Risk
S06190,17,96,1,1,1,1,1,22,2,17,0,82,44,1,1,3,71.0,Medium Risk
S06191,17,96,2,1,1,1,1,27,0,6,0,100,68,1,1,2,86.0,Low Risk
S06192,17,96,2,1,1,1,1,23,3,13,1,55,95,1,0,0,83.3,Low Risk
S06193,17,96,2,1,1,1,1,25,0,15,0,69,70,0,1,1,77.5,Low Risk
S06194,17,96,2,1,1,1,1,22,2,17,0,82,44,1,1,3,71.0,Medium Risk
S06195,17,96,1,1,0,1,1,27,0,6,0,100,68,1,1,2,86.0,Low Risk
S06196,17,96,1,1,0,1,1,23,3,13,1,55,95,1,0,0,83.3,Low Risk
S06197,17,96,1,1,0,1,1,25,0,15,0,69,70,0,1,1,77.5,Low Risk
S06198,17,96,1,1,0,1,1,22,2,17,0,82,44,1,1,3,71.0,Medium Risk
S06199,17,96,0,1,0,0,1,27,0,6,0,100,68,1,1,2,86.0,Low Risk
S06200,17,96,0,1,0,0,1,23,3,13,1,55,95,1,0,0,83.3,Low Risk
S06201,17,96,0,1,0,0,1,25,0,15,0,69,70,0,1,1,77.5,Low Risk
S06202,17,96,0,1,0,0,1,22,2,17,0,82,44,1,1,3,71.0,Medium Risk
S06203,17,96,1,0,0,1,1,27,0,6,0,100,68,1,1,2,86.0,Low Risk
S06204,17,96,1,0,0,1,1,23,3,13,1,55,95,1,0,0,83.3,Low Risk
S06205,17,96,1,0,0,1,1,25,0,15,0,69,70,0,1,1,77.5,Low Risk
S06206,17,96,1,0,0,1,1,22,2,17,0,82,44,1,1,3,71.0,Medium Risk
S06207,17,96,2,1,1,1,1,27,0,6,0,100,68,1,1,2,86.0,Low Risk
S06208,17,96,2,1,1,1,1,23,3,13,1,55,95,1,0,0,83.3,Low Risk
S06209,17,96,2,1,1,1,1,25,0,15,0,69,70,0,1,1,77.5,Low Risk
S06210,17,96,2,1,1,1,1,22,2,17,0,82,44,1,1,3,71.0,Medium Risk
S06211,14,84,1,0,1,1,1,18,3,2,1,84,80,0,1,1,82.4,Low Risk
S06212,14,84,1,1,1,1,1,18,3,2,1,84,80,0,1,1,82.4,Low Risk
S06213,14,84,2,0,0,1,1,18,3,2,1,84,80,0,1,1,82.4,Low Risk
S06214,14,84,1,1,1,0,1,18,3,2,1,84,80,0,1,1,82.4,Low Risk
S06215,14,84,1,0,0,1,1,18,3,2,1,84,80,0,1,1,82.4,Low Risk
S06216,20,96,1,0,1,1,1,22,0,2,1,67,66,1,0,2,75.3,Low Risk
S06217,20,96,1,0,1,1,1,29,2,20,1,64,48,0,0,3,67.2,Medium Risk
S06218,20,96,1,0,1,1,1,22,0,2,1,67,66,1,0,2,75.3,Low Risk
S06219,20,96,1,0,1,1,1,29,2,20,1,64,48,0,0,3,67.2,Medium Risk
S06220,20,96,2,0,0,1,1,22,0,2,1,67,66,1,0,2,75.3,Low Risk
S06221,20,96,2,0,0,1,1,29,2,20,1,64,48,0,0,3,67.2,Medium Risk
S06222,20,96,1,0,1,1,1,22,0,2,1,67,66,1,0,2,75.3,Low Risk
S06223,20,96,1,0,1,1,1,29,2,20,1,64,48,0,0,3,67.2,Medium Risk
S06224,20,96,2,0,1,1,1,22,0,2,1,67,66,1,0,2,75.3,Low Risk
S06225,20,96,2,0,1,1,1,29,2,20,1,64,48,0,0,3,67.2,Medium Risk
S06226,29,76,1,0,0,1,1,26,2,10,0,71,44,0,2,3,61.7,Medium Risk
S06227,29,76,2,1,0,0,1,26,2,10,0,71,44,0,2,3,61.7,Medium Risk
S06228,29,76,0,1,1,1,1,26,2,10,0,71,44,0,2,3,61.7,Medium Risk
S06229,29,76,2,1,1,1,1,26,2,10,0,71,44,0,2,3,61.7,Medium Risk
S06230,20,79,0,1,0,1,1,23,3,13,1,77,74,1,2,1,76.4,Low Risk
S06231,20,79,0,1,0,1,1,25,3,5,1,90,81,1,1,1,83.1,Low Risk
S06232,20,79,0,1,2,0,1,23,3,13,1,77,74,1,2,1,76.4,Low Risk
S06233,20,79,0,1,2,0,1,25,3,5,1,90,81,1,1,1,83.1,Low Risk
S06234,20,79,1,1,0,0,1,23,3,13,1,77,74,1,2,1,76.4,Low Risk
S06235,20,79,1,1,0,0,1,25,3,5,1,90,81,1,1,1,83.1,Low Risk
S06236,20,79,2,1,0,1,1,23,3,13,1,77,74,1,2,1,76.4,Low Risk
S06237,20,79,2,1,0,1,1,25,3,5,1,90,81,1,1,1,83.1,Low Risk
S06238,20,79,1,1,1,1,1,23,3,13,1,77,74,1,2,1,76.4,Low Risk
S06239,20,79,1,1,1,1,1,25,3,5,1,90,81,1,1,1,83.1,Low Risk
S06240,20,79,1,1,1,1,1,23,3,13,1,77,74,1,2,1,76.4,Low Risk
S06241,20,79,1,1,1,1,1,25,3,5,1,90,81,1,1,1,83.1,Low Risk
S06242,20,79,2,1,0,1,1,23,3,13,1,77,74,1,2,1,76.4,Low Risk
S06243,20,79,2,1,0,1,1,25,3,5,1,90,81,1,1,1,83.1,Low Risk
S06244,20,79,1,0,1,1,1,23,3,13,1,77,74,1,2,1,76.4,Low Risk
S06245,20,79,1,0,1,1,1,25,3,5,1,90,81,1,1,1,83.1,Low Risk
S06246,24,65,1,0,0,1,0,23,0,17,0,88,95,1,2,0,83.9,Medium Risk
S06247,24,65,2,1,1,1,0,23,0,17,0,88,95,1,2,0,83.9,Medium Risk
S06248,13,97,2,0,1,1,0,28,3,12,1,88,99,0,0,0,95.1,Low Risk
S06249,13,97,2,0,1,1,0,25,3,13,1,100,73,1,0,1,88.3,Low Risk
S06250,13,97,2,0,1,1,0,19,2,13,0,56,87,1,2,0,80.7,Low Risk
S06251,13,97,1,0,2,1,0,28,3,12,1,88,99,0,0,0,95.1,Low Risk
S06252,13,97,1,0,2,1,0,25,3,13,1,100,73,1,0,1,88.3,Low Risk
S06253,13,97,1,0,2,1,0,19,2,13,0,56,87,1,2,0,80.7,Low Risk
S06254,13,97,1,1,1,1,0,28,3,12,1,88,99,0,0,0,95.1,Low Risk
S06255,13,97,1,1,1,1,0,25,3,13,1,100,73,1,0,1,88.3,Low Risk
S06256,13,97,1,1,1,1,0,19,2,13,0,56,87,1,2,0,80.7,Low Risk
S06257,13,97,2,1,0,1,0,28,3,12,1,88,99,0,0,0,95.1,Low Risk
S06258,13,97,2,1,0,1,0,25,3,13,1,100,73,1,0,1,88.3,Low Risk
S06259,13,97,2,1,0,1,0,19,2,13,0,56,87,1,2,0,80.7,Low Risk
S06260,21,89,1,1,0,1,0,23,0,14,0,79,90,1,2,0,86.4,Low Risk
S06261,21,89,1,1,0,1,0,18,1,4,1,51,54,1,0,3,63.599999999999994,Low Risk
S06262,21,89,1,1,0,1,0,25,3,6,0,100,90,1,2,0,92.7,Low Risk
S06263,21,89,1,0,1,1,0,23,0,14,0,79,90,1,2,0,86.4,Low Risk
S06264,21,89,1,0,1,1,0,18,1,4,1,51,54,1,0,3,63.599999999999994,Low Risk
S06265,21,89,1,0,1,1,0,25,3,6,0,100,90,1,2,0,92.7,Low Risk
S06266,21,89,0,1,1,1,0,23,0,14,0,79,90,1,2,0,86.4,Low Risk
S06267,21,89,0,1,1,1,0,18,1,4,1,51,54,1,0,3,63.599999999999994,Low Risk
S06268,21,89,0,1,1,1,0,25,3,6,0,100,90,1,2,0,92.7,Low Risk
S06269,21,89,1,1,0,1,0,23,0,14,0,79,90,1,2,0,86.4,Low Risk
S06270,21,89,1,1,0,1,0,18,1,4,1,51,54,1,0,3,63.599999999999994,Low Risk
S06271,21,89,1,1,0,1,0,25,3,6,0,100,90,1,2,0,92.7,Low Risk
S06272,21,89,1,0,1,1,0,23,0,14,0,79,90,1,2,0,86.4,Low Risk
S06273,21,89,1,0,1,1,0,18,1,4,1,51,54,1,0,3,63.599999999999994,Low Risk
S06274,21,89,1,0,1,1,0,25,3,6,0,100,90,1,2,0,92.7,Low Risk
S06275,21,89,1,0,1,0,0,23,0,14,0,79,90,1,2,0,86.4,Low Risk
S06276,21,89,1,0,1,0,0,18,1,4,1,51,54,1,0,3,63.599999999999994,Low Risk
S06277,21,89,1,0,1,0,0,25,3,6,0,100,90,1,2,0,92.7,Low Risk
S06278,21,89,1,1,2,1,0,23,0,14,0,79,90,1,2,0,86.4,Low Risk
S06279,21,89,1,1,2,1,0,18,1,4,1,51,54,1,0,3,63.599999999999994,Low Risk
S06280,21,89,1,1,2,1,0,25,3,6,0,100,90,1,2,0,92.7,Low Risk
S06281,22,61,0,1,2,1,1,28,2,19,0,83,94,1,1,0,80.8,Medium Risk
S06282,22,61,0,1,2,1,1,18,3,7,1,53,79,1,2,1,65.8,Medium Risk
S06283,22,61,0,1,2,1,1,20,1,11,1,78,91,1,2,0,78.1,Medium Risk
S06284,22,61,0,1,2,1,1,28,2,10,1,66,41,1,1,3,54.5,Medium Risk
S06285,22,61,1,1,2,1,1,28,2,19,0,83,94,1,1,0,80.8,Medium Risk
S06286,22,61,1,1,2,1,1,18,3,7,1,53,79,1,2,1,65.8,Medium Risk
S06287,22,61,1,1,2,1,1,20,1,11,1,78,91,1,2,0,78.1,Medium Risk
S06288,22,61,1,1,2,1,1,28,2,10,1,66,41,1,1,3,54.5,Medium Risk
S06289,22,61,1,0,0,1,1,28,2,19,0,83,94,1,1,0,80.8,Medium Risk
S06290,22,61,1,0,0,1,1,18,3,7,1,53,79,1,2,1,65.8,Medium Risk
S06291,22,61,1,0,0,1,1,20,1,11,1,78,91,1,2,0,78.1,Medium Risk
S06292,22,61,1,0,0,1,1,28,2,10,1,66,41,1,1,3,54.5,Medium Risk
S06293,22,61,1,0,0,1,1,28,2,19,0,83,94,1,1,0,80.8,Medium Risk
S06294,22,61,1,0,0,1,1,18,3,7,1,53,79,1,2,1,65.8,Medium Risk
S06295,22,61,1,0,0,1,1,20,1,11,1,78,91,1,2,0,78.1,Medium Risk
S06296,22,61,1,0,0,1,1,28,2,10,1,66,41,1,1,3,54.5,Medium Risk
S06297,22,61,1,0,0,1,1,28,2,19,0,83,94,1,1,0,80.8,Medium Risk
S06298,22,61,1,0,0,1,1,18,3,7,1,53,79,1,2,1,65.8,Medium Risk
S06299,22,61,1,0,0,1,1,20,1,11,1,78,91,1,2,0,78.1,Medium Risk
S06300,22,61,1,0,0,1,1,28,2,10,1,66,41,1,1,3,54.5,Medium Risk
S06301,22,61,1,1,2,1,1,28,2,19,0,83,94,1,1,0,80.8,Medium Risk
S06302,22,61,1,1,2,1,1,18,3,7,1,53,79,1,2,1,65.8,Medium Risk
S06303,22,61,1,1,2,1,1,20,1,11,1,78,91,1,2,0,78.1,Medium Risk
S06304,22,61,1,1,2,1,1,28,2,10,1,66,41,1,1,3,54.5,Medium Risk
S06305,22,61,0,1,1,1,1,28,2,19,0,83,94,1,1,0,80.8,Medium Risk
S06306,22,61,0,1,1,1,1,18,3,7,1,53,79,1,2,1,65.8,Medium Risk
S06307,22,61,0,1,1,1,1,20,1,11,1,78,91,1,2,0,78.1,Medium Risk
S06308,22,61,0,1,1,1,1,28,2,10,1,66,41,1,1,3,54.5,Medium Risk
S06309,22,61,2,0,2,1,1,28,2,19,0,83,94,1,1,0,80.8,Medium Risk
S06310,22,61,2,0,2,1,1,18,3,7,1,53,79,1,2,1,65.8,Medium Risk
S06311,22,61,2,0,2,1,1,20,1,11,1,78,91,1,2,0,78.1,Medium Risk
S06312,22,61,2,0,2,1,1,28,2,10,1,66,41,1,1,3,54.5,Medium Risk
S06313,35,64,1,1,1,1,1,20,1,20,0,56,43,0,2,3,53.2,Medium Risk
S06314,35,64,1,1,1,1,1,19,3,1,0,59,95,1,2,0,74.9,Medium Risk
S06315,35,64,0,0,2,1,1,20,1,20,0,56,43,0,2,3,53.2,Medium Risk
S06316,35,64,0,0,2,1,1,19,3,1,0,59,95,1,2,0,74.9,Medium Risk
S06317,16,88,1,0,1,1,1,24,0,13,1,99,69,1,2,2,83.69999999999999,Low Risk
S06318,16,88,2,1,2,1,1,24,0,13,1,99,69,1,2,2,83.69999999999999,Low Risk
S06319,27,88,1,0,1,1,1,19,2,11,1,79,56,1,2,2,72.5,Low Risk
S06320,27,88,1,0,1,1,1,19,3,2,0,70,44,0,1,3,65.0,Medium Risk
S06321,27,88,1,1,0,0,1,19,2,11,1,79,56,1,2,2,72.5,Low Risk
S06322,27,88,1,1,0,0,1,19,3,2,0,70,44,0,1,3,65.0,Medium Risk
S06323,27,88,2,1,1,1,1,19,2,11,1,79,56,1,2,2,72.5,Low Risk
S06324,27,88,2,1,1,1,1,19,3,2,0,70,44,0,1,3,65.0,Medium Risk
S06325,29,80,2,1,1,1,0,26,1,6,0,100,44,1,0,3,71.6,Medium Risk
S06326,29,80,1,1,1,1,0,26,1,6,0,100,44,1,0,3,71.6,Medium Risk
S06327,29,80,0,1,1,1,0,26,1,6,0,100,44,1,0,3,71.6,Medium Risk
S06328,23,78,1,1,0,1,1,23,0,4,0,67,84,1,1,1,77.1,Low Risk
S06329,23,78,2,0,1,1,1,23,0,4,0,67,84,1,1,1,77.1,Low Risk
S06330,23,78,0,1,1,1,1,23,0,4,0,67,84,1,1,1,77.1,Low Risk
S06331,23,78,1,0,2,1,1,23,0,4,0,67,84,1,1,1,77.1,Low Risk
S06332,23,78,1,0,1,1,1,23,0,4,0,67,84,1,1,1,77.1,Low Risk
S06333,23,78,1,1,1,1,1,23,0,4,0,67,84,1,1,1,77.1,Low Risk
S06334,23,78,2,1,1,1,1,23,0,4,0,67,84,1,1,1,77.1,Low Risk
S06335,23,78,2,0,1,1,1,23,0,4,0,67,84,1,1,1,77.1,Low Risk
S06336,17,68,1,1,2,1,1,19,1,18,1,52,74,1,2,1,65.6,Medium Risk
S06337,17,68,1,1,2,1,1,27,0,1,1,69,45,1,2,3,59.1,Medium Risk
S06338,17,68,2,0,1,1,1,19,1,18,1,52,74,1,2,1,65.6,Medium Risk
S06339,17,68,2,0,1,1,1,27,0,1,1,69,45,1,2,3,59.1,Medium Risk
S06340,17,68,2,1,1,1,1,19,1,18,1,52,74,1,2,1,65.6,Medium Risk
S06341,17,68,2,1,1,1,1,27,0,1,1,69,45,1,2,3,59.1,Medium Risk
S06342,17,68,2,1,1,1,1,19,1,18,1,52,74,1,2,1,65.6,Medium Risk
S06343,17,68,2,1,1,1,1,27,0,1,1,69,45,1,2,3,59.1,Medium Risk
S06344,17,68,0,1,1,1,1,19,1,18,1,52,74,1,2,1,65.6,Medium Risk
S06345,17,68,0,1,1,1,1,27,0,1,1,69,45,1,2,3,59.1,Medium Risk
S06346,17,68,1,0,1,1,1,19,1,18,1,52,74,1,2,1,65.6,Medium Risk
S06347,17,68,1,0,1,1,1,27,0,1,1,69,45,1,2,3,59.1,Medium Risk
S06348,17,68,1,1,2,1,1,19,1,18,1,52,74,1,2,1,65.6,Medium Risk
S06349,17,68,1,1,2,1,1,27,0,1,1,69,45,1,2,3,59.1,Medium Risk
S06350,17,68,1,0,1,1,1,19,1,18,1,52,74,1,2,1,65.6,Medium Risk
S06351,17,68,1,0,1,1,1,27,0,1,1,69,45,1,2,3,59.1,Medium Risk
S06352,17,68,1,1,1,0,1,19,1,18,1,52,74,1,2,1,65.6,Medium Risk
S06353,17,68,1,1,1,0,1,27,0,1,1,69,45,1,2,3,59.1,Medium Risk
S06354,17,68,1,1,2,1,1,19,1,18,1,52,74,1,2,1,65.6,Medium Risk
S06355,17,68,1,1,2,1,1,27,0,1,1,69,45,1,2,3,59.1,Medium Risk
S06356,17,68,2,1,2,1,1,19,1,18,1,52,74,1,2,1,65.6,Medium Risk
S06357,17,68,2,1,2,1,1,27,0,1,1,69,45,1,2,3,59.1,Medium Risk
S06358,11,85,0,1,0,1,1,29,3,13,1,78,90,1,2,0,84.9,Low Risk
S06359,11,85,0,1,0,1,1,29,1,5,1,60,44,1,2,3,61.1,Medium Risk
S06360,11,85,1,0,0,1,1,29,3,13,1,78,90,1,2,0,84.9,Low Risk
S06361,11,85,1,0,0,1,1,29,1,5,1,60,44,1,2,3,61.1,Medium Risk
S06362,11,85,0,1,2,1,1,29,3,13,1,78,90,1,2,0,84.9,Low Risk
S06363,11,85,0,1,2,1,1,29,1,5,1,60,44,1,2,3,61.1,Medium Risk
S06364,11,85,1,1,1,0,1,29,3,13,1,78,90,1,2,0,84.9,Low Risk
S06365,11,85,1,1,1,0,1,29,1,5,1,60,44,1,2,3,61.1,Medium Risk
S06366,29,70,2,0,0,1,1,18,0,19,0,99,68,0,2,2,77.9,Medium Risk
S06367,29,70,0,1,0,1,1,18,0,19,0,99,68,0,2,2,77.9,Medium Risk
S06368,29,70,0,0,2,1,1,18,0,19,0,99,68,0,2,2,77.9,Medium Risk
S06369,29,70,1,1,0,1,1,18,0,19,0,99,68,0,2,2,77.9,Medium Risk
S06370,16,91,1,0,2,1,0,25,2,17,1,84,63,1,2,2,77.7,Low Risk
S06371,16,91,1,0,2,1,0,21,0,20,0,60,59,0,0,2,68.9,Low Risk
S06372,16,91,1,0,2,1,0,25,3,15,1,92,56,1,0,2,77.3,Low Risk
S06373,16,91,1,0,2,1,0,27,0,11,1,100,57,1,1,2,80.1,Low Risk
S06374,16,91,1,0,2,1,0,27,0,14,1,57,55,1,2,2,66.39999999999999,Low Risk
S06375,16,91,1,1,1,1,0,25,2,17,1,84,63,1,2,2,77.7,Low Risk
S06376,16,91,1,1,1,1,0,21,0,20,0,60,59,0,0,2,68.9,Low Risk
S06377,16,91,1,1,1,1,0,25,3,15,1,92,56,1,0,2,77.3,Low Risk
S06378,16,91,1,1,1,1,0,27,0,11,1,100,57,1,1,2,80.1,Low Risk
S06379,16,91,1,1,1,1,0,27,0,14,1,57,55,1,2,2,66.39999999999999,Low Risk
S06380,16,91,0,0,0,1,0,25,2,17,1,84,63,1,2,2,77.7,Low Risk
S06381,16,91,0,0,0,1,0,21,0,20,0,60,59,0,0,2,68.9,Low Risk
S06382,16,91,0,0,0,1,0,25,3,15,1,92,56,1,0,2,77.3,Low Risk
S06383,16,91,0,0,0,1,0,27,0,11,1,100,57,1,1,2,80.1,Low Risk
S06384,16,91,0,0,0,1,0,27,0,14,1,57,55,1,2,2,66.39999999999999,Low Risk
S06385,16,91,1,1,2,1,0,25,2,17,1,84,63,1,2,2,77.7,Low Risk
S06386,16,91,1,1,2,1,0,21,0,20,0,60,59,0,0,2,68.9,Low Risk
S06387,16,91,1,1,2,1,0,25,3,15,1,92,56,1,0,2,77.3,Low Risk
S06388,16,91,1,1,2,1,0,27,0,11,1,100,57,1,1,2,80.1,Low Risk
S06389,16,91,1,1,2,1,0,27,0,14,1,57,55,1,2,2,66.39999999999999,Low Risk
S06390,18,73,1,1,0,1,1,29,1,14,1,67,76,1,2,1,72.4,Medium Risk
S06391,18,73,1,1,0,1,1,29,2,12,1,53,64,0,2,2,63.4,Medium Risk
S06392,18,73,1,1,0,1,1,25,1,5,1,80,62,0,2,2,70.69999999999999,Medium Risk
S06393,18,73,1,1,0,1,1,18,0,3,0,52,65,1,2,2,63.5,Medium Risk
S06394,18,73,2,0,1,0,1,29,1,14,1,67,76,1,2,1,72.4,Medium Risk
S06395,18,73,2,0,1,0,1,29,2,12,1,53,64,0,2,2,63.4,Medium Risk
S06396,18,73,2,0,1,0,1,25,1,5,1,80,62,0,2,2,70.69999999999999,Medium Risk
S06397,18,73,2,0,1,0,1,18,0,3,0,52,65,1,2,2,63.5,Medium Risk
S06398,18,73,2,1,0,1,1,29,1,14,1,67,76,1,2,1,72.4,Medium Risk
S06399,18,73,2,1,0,1,1,29,2,12,1,53,64,0,2,2,63.4,Medium Risk
S06400,18,73,2,1,0,1,1,25,1,5,1,80,62,0,2,2,70.69999999999999,Medium Risk
S06401,18,73,2,1,0,1,1,18,0,3,0,52,65,1,2,2,63.5,Medium Risk
S06402,18,73,1,1,0,0,1,29,1,14,1,67,76,1,2,1,72.4,Medium Risk
S06403,18,73,1,1,0,0,1,29,2,12,1,53,64,0,2,2,63.4,Medium Risk
S06404,18,73,1,1,0,0,1,25,1,5,1,80,62,0,2,2,70.69999999999999,Medium Risk
S06405,18,73,1,1,0,0,1,18,0,3,0,52,65,1,2,2,63.5,Medium Risk
S06406,22,70,2,1,1,1,1,27,3,17,0,66,83,1,2,1,74.0,Medium Risk
S06407,22,70,2,1,1,1,1,18,1,2,1,86,47,1,0,3,65.6,Medium Risk
S06408,22,70,2,1,2,1,1,27,3,17,0,66,83,1,2,1,74.0,Medium Risk
S06409,22,70,2,1,2,1,1,18,1,2,1,86,47,1,0,3,65.6,Medium Risk
S06410,22,70,2,1,0,1,1,27,3,17,0,66,83,1,2,1,74.0,Medium Risk
S06411,22,70,2,1,0,1,1,18,1,2,1,86,47,1,0,3,65.6,Medium Risk
S06412,22,70,1,1,2,1,1,27,3,17,0,66,83,1,2,1,74.0,Medium Risk
S06413,22,70,1,1,2,1,1,18,1,2,1,86,47,1,0,3,65.6,Medium Risk
S06414,22,70,0,0,1,1,1,27,3,17,0,66,83,1,2,1,74.0,Medium Risk
S06415,22,70,0,0,1,1,1,18,1,2,1,86,47,1,0,3,65.6,Medium Risk
S06416,22,70,0,0,0,1,1,27,3,17,0,66,83,1,2,1,74.0,Medium Risk
S06417,22,70,0,0,0,1,1,18,1,2,1,86,47,1,0,3,65.6,Medium Risk
S06418,22,70,0,0,1,1,1,27,3,17,0,66,83,1,2,1,74.0,Medium Risk
S06419,22,70,0,0,1,1,1,18,1,2,1,86,47,1,0,3,65.6,Medium Risk
S06420,22,70,2,0,0,1,1,27,3,17,0,66,83,1,2,1,74.0,Medium Risk
S06421,22,70,2,0,0,1,1,18,1,2,1,86,47,1,0,3,65.6,Medium Risk
S06422,22,70,0,1,0,1,1,27,3,17,0,66,83,1,2,1,74.0,Medium Risk
S06423,22,70,0,1,0,1,1,18,1,2,1,86,47,1,0,3,65.6,Medium Risk
S06424,22,70,1,0,1,1,1,27,3,17,0,66,83,1,2,1,74.0,Medium Risk
S06425,22,70,1,0,1,1,1,18,1,2,1,86,47,1,0,3,65.6,Medium Risk
S06426,22,67,1,0,0,1,1,23,2,16,1,79,53,0,2,3,65.0,Medium Risk
S06427,22,67,1,0,0,1,1,18,3,19,0,62,56,1,2,2,61.099999999999994,Medium Risk
S06428,22,67,2,1,1,1,1,23,2,16,1,79,53,0,2,3,65.0,Medium Risk
S06429,22,67,2,1,1,1,1,18,3,19,0,62,56,1,2,2,61.099999999999994,Medium Risk
S06430,22,67,1,1,2,1,1,23,2,16,1,79,53,0,2,3,65.0,Medium Risk
S06431,22,67,1,1,2,1,1,18,3,19,0,62,56,1,2,2,61.099999999999994,Medium Risk
S06432,22,67,2,0,1,1,1,23,2,16,1,79,53,0,2,3,65.0,Medium Risk
S06433,22,67,2,0,1,1,1,18,3,19,0,62,56,1,2,2,61.099999999999994,Medium Risk
S06434,22,67,1,1,0,1,1,23,2,16,1,79,53,0,2,3,65.0,Medium Risk
S06435,22,67,1,1,0,1,1,18,3,19,0,62,56,1,2,2,61.099999999999994,Medium Risk
S06436,22,67,1,1,1,1,1,23,2,16,1,79,53,0,2,3,65.0,Medium Risk
S06437,22,67,1,1,1,1,1,18,3,19,0,62,56,1,2,2,61.099999999999994,Medium Risk
S06438,22,67,2,1,2,1,1,23,2,16,1,79,53,0,2,3,65.0,Medium Risk
S06439,22,67,2,1,2,1,1,18,3,19,0,62,56,1,2,2,61.099999999999994,Medium Risk
S06440,22,67,2,0,2,1,1,23,2,16,1,79,53,0,2,3,65.0,Medium Risk
S06441,22,67,2,0,2,1,1,18,3,19,0,62,56,1,2,2,61.099999999999994,Medium Risk
S06442,22,67,2,1,1,1,1,23,2,16,1,79,53,0,2,3,65.0,Medium Risk
S06443,22,67,2,1,1,1,1,18,3,19,0,62,56,1,2,2,61.099999999999994,Medium Risk
S06444,32,65,0,1,0,1,0,22,0,4,0,97,74,1,2,1,78.2,Medium Risk
S06445,32,65,0,1,0,1,0,19,1,17,1,61,90,1,2,0,73.8,Medium Risk
S06446,32,65,1,0,1,1,0,22,0,4,0,97,74,1,2,1,78.2,Medium Risk
S06447,32,65,1,0,1,1,0,19,1,17,1,61,90,1,2,0,73.8,Medium Risk
S06448,12,87,1,1,0,1,1,29,3,20,1,98,73,0,2,1,84.7,Low Risk
S06449,12,87,1,1,0,1,1,23,0,20,1,59,83,1,0,1,77.0,Low Risk
S06450,16,85,1,0,2,1,1,21,1,14,1,68,42,1,2,3,62.7,Medium Risk
S06451,16,85,1,0,2,1,1,25,1,7,1,100,42,1,0,3,72.3,Medium Risk
S06452,16,85,1,0,2,1,1,25,0,19,0,72,74,0,2,1,76.7,Low Risk
S06453,16,85,1,0,2,1,1,28,0,14,1,71,70,0,1,1,74.8,Low Risk
S06454,16,85,2,1,2,1,1,21,1,14,1,68,42,1,2,3,62.7,Medium Risk
S06455,16,85,2,1,2,1,1,25,1,7,1,100,42,1,0,3,72.3,Medium Risk
S06456,16,85,2,1,2,1,1,25,0,19,0,72,74,0,2,1,76.7,Low Risk
S06457,16,85,2,1,2,1,1,28,0,14,1,71,70,0,1,1,74.8,Low Risk
S06458,16,85,0,0,0,1,1,21,1,14,1,68,42,1,2,3,62.7,Medium Risk
S06459,16,85,0,0,0,1,1,25,1,7,1,100,42,1,0,3,72.3,Medium Risk
S06460,16,85,0,0,0,1,1,25,0,19,0,72,74,0,2,1,76.7,Low Risk
S06461,16,85,0,0,0,1,1,28,0,14,1,71,70,0,1,1,74.8,Low Risk
S06462,16,85,0,1,0,1,1,21,1,14,1,68,42,1,2,3,62.7,Medium Risk
S06463,16,85,0,1,0,1,1,25,1,7,1,100,42,1,0,3,72.3,Medium Risk
S06464,16,85,0,1,0,1,1,25,0,19,0,72,74,0,2,1,76.7,Low Risk
S06465,16,85,0,1,0,1,1,28,0,14,1,71,70,0,1,1,74.8,Low Risk
S06466,16,85,1,0,2,1,1,21,1,14,1,68,42,1,2,3,62.7,Medium Risk
S06467,16,85,1,0,2,1,1,25,1,7,1,100,42,1,0,3,72.3,Medium Risk
S06468,16,85,1,0,2,1,1,25,0,19,0,72,74,0,2,1,76.7,Low Risk
S06469,16,85,1,0,2,1,1,28,0,14,1,71,70,0,1,1,74.8,Low Risk
S06470,16,85,1,1,0,0,1,21,1,14,1,68,42,1,2,3,62.7,Medium Risk
S06471,16,85,1,1,0,0,1,25,1,7,1,100,42,1,0,3,72.3,Medium Risk
S06472,16,85,1,1,0,0,1,25,0,19,0,72,74,0,2,1,76.7,Low Risk
S06473,16,85,1,1,0,0,1,28,0,14,1,71,70,0,1,1,74.8,Low Risk
S06474,16,85,1,0,2,1,1,21,1,14,1,68,42,1,2,3,62.7,Medium Risk
S06475,16,85,1,0,2,1,1,25,1,7,1,100,42,1,0,3,72.3,Medium Risk
S06476,16,85,1,0,2,1,1,25,0,19,0,72,74,0,2,1,76.7,Low Risk
S06477,16,85,1,0,2,1,1,28,0,14,1,71,70,0,1,1,74.8,Low Risk
S06478,31,62,1,0,1,1,0,21,2,20,0,56,45,1,2,3,53.39999999999999,Medium Risk
S06479,31,62,1,1,1,1,0,21,2,20,0,56,45,1,2,3,53.39999999999999,Medium Risk
S06480,21,71,0,0,1,1,1,24,0,13,1,59,74,1,2,1,68.6,Medium Risk
S06481,21,71,0,0,1,1,1,24,3,6,1,92,97,1,0,0,87.7,Medium Risk
S06482,21,71,1,1,0,1,1,24,0,13,1,59,74,1,2,1,68.6,Medium Risk
S06483,21,71,1,1,0,1,1,24,3,6,1,92,97,1,0,0,87.7,Medium Risk
S06484,21,71,1,0,2,1,1,24,0,13,1,59,74,1,2,1,68.6,Medium Risk
S06485,21,71,1,0,2,1,1,24,3,6,1,92,97,1,0,0,87.7,Medium Risk
S06486,21,71,1,0,0,1,1,24,0,13,1,59,74,1,2,1,68.6,Medium Risk
S06487,21,71,1,0,0,1,1,24,3,6,1,92,97,1,0,0,87.7,Medium Risk
S06488,21,71,1,1,1,1,1,24,0,13,1,59,74,1,2,1,68.6,Medium Risk
S06489,21,71,1,1,1,1,1,24,3,6,1,92,97,1,0,0,87.7,Medium Risk
S06490,21,71,1,1,1,1,1,24,0,13,1,59,74,1,2,1,68.6,Medium Risk
S06491,21,71,1,1,1,1,1,24,3,6,1,92,97,1,0,0,87.7,Medium Risk
S06492,35,72,2,1,1,1,1,25,1,10,1,92,85,1,2,0,83.19999999999999,Medium Risk
S06493,35,72,2,1,1,1,1,20,2,4,1,71,54,1,2,3,64.5,Medium Risk
S06494,17,81,2,0,1,1,1,21,1,17,1,89,64,1,1,2,76.6,Low Risk
S06495,17,81,2,0,1,1,1,29,3,2,1,71,52,1,2,3,66.4,Low Risk
S06496,17,81,0,1,0,1,1,21,1,17,1,89,64,1,1,2,76.6,Low Risk
S06497,17,81,0,1,0,1,1,29,3,2,1,71,52,1,2,3,66.4,Low Risk
S06498,17,81,1,1,1,1,1,21,1,17,1,89,64,1,1,2,76.6,Low Risk
S06499,17,81,1,1,1,1,1,29,3,2,1,71,52,1,2,3,66.4,Low Risk
S06500,17,81,2,0,1,1,1,21,1,17,1,89,64,1,1,2,76.6,Low Risk
S06501,17,81,2,0,1,1,1,29,3,2,1,71,52,1,2,3,66.4,Low Risk
S06502,17,81,1,1,0,1,1,21,1,17,1,89,64,1,1,2,76.6,Low Risk
S06503,17,81,1,1,0,1,1,29,3,2,1,71,52,1,2,3,66.4,Low Risk
S06504,17,81,1,0,1,1,1,21,1,17,1,89,64,1,1,2,76.6,Low Risk
S06505,17,81,1,0,1,1,1,29,3,2,1,71,52,1,2,3,66.4,Low Risk
S06506,17,81,1,0,1,1,1,21,1,17,1,89,64,1,1,2,76.6,Low Risk
S06507,17,81,1,0,1,1,1,29,3,2,1,71,52,1,2,3,66.4,Low Risk
S06508,17,81,0,1,2,1,1,21,1,17,1,89,64,1,1,2,76.6,Low Risk
S06509,17,81,0,1,2,1,1,29,3,2,1,71,52,1,2,3,66.4,Low Risk
S06510,17,81,1,1,0,1,1,21,1,17,1,89,64,1,1,2,76.6,Low Risk
S06511,17,81,1,1,0,1,1,29,3,2,1,71,52,1,2,3,66.4,Low Risk
S06512,17,81,1,0,2,1,1,21,1,17,1,89,64,1,1,2,76.6,Low Risk
S06513,17,81,1,0,2,1,1,29,3,2,1,71,52,1,2,3,66.4,Low Risk
S06514,17,87,0,1,1,1,1,20,1,1,1,63,48,1,0,3,64.2,Medium Risk
S06515,17,87,2,1,1,1,1,20,1,1,1,63,48,1,0,3,64.2,Medium Risk
S06516,17,87,1,0,0,1,1,20,1,1,1,63,48,1,0,3,64.2,Medium Risk
S06517,17,87,1,0,1,1,1,20,1,1,1,63,48,1,0,3,64.2,Medium Risk
S06518,17,87,2,1,2,1,1,20,1,1,1,63,48,1,0,3,64.2,Medium Risk
S06519,17,87,2,1,1,1,1,20,1,1,1,63,48,1,0,3,64.2,Medium Risk
S06520,17,87,2,0,1,1,1,20,1,1,1,63,48,1,0,3,64.2,Medium Risk
S06521,17,87,1,1,1,0,1,20,1,1,1,63,48,1,0,3,64.2,Medium Risk
S06522,17,87,1,0,1,1,1,20,1,1,1,63,48,1,0,3,64.2,Medium Risk
S06523,24,89,1,0,1,0,1,23,2,15,0,61,71,1,1,1,73.4,Low Risk
S06524,24,89,0,1,0,1,1,23,2,15,0,61,71,1,1,1,73.4,Low Risk
S06525,24,89,2,1,1,1,1,23,2,15,0,61,71,1,1,1,73.4,Low Risk
S06526,24,89,2,1,1,1,1,23,2,15,0,61,71,1,1,1,73.4,Low Risk
S06527,24,89,1,0,0,0,1,23,2,15,0,61,71,1,1,1,73.4,Low Risk
S06528,24,89,0,1,1,1,1,23,2,15,0,61,71,1,1,1,73.4,Low Risk
S06529,24,89,0,0,2,1,1,23,2,15,0,61,71,1,1,1,73.4,Low Risk
S06530,31,73,1,1,1,1,1,19,0,13,1,87,97,0,2,0,86.80000000000001,Medium Risk
S06531,24,72,0,1,1,1,1,18,2,5,1,67,64,1,0,2,67.3,Medium Risk
S06532,24,72,1,1,1,1,1,18,2,5,1,67,64,1,0,2,67.3,Medium Risk
S06533,24,72,2,1,2,0,1,18,2,5,1,67,64,1,0,2,67.3,Medium Risk
S06534,24,72,1,1,2,1,1,18,2,5,1,67,64,1,0,2,67.3,Medium Risk
S06535,24,72,2,1,0,1,1,18,2,5,1,67,64,1,0,2,67.3,Medium Risk
S06536,18,82,1,0,0,1,0,19,2,7,0,70,79,0,1,1,77.2,Low Risk
S06537,18,82,1,0,0,1,0,25,2,19,1,75,42,1,2,3,63.89999999999999,Medium Risk
S06538,18,82,1,0,1,1,0,19,2,7,0,70,79,0,1,1,77.2,Low Risk
S06539,18,82,1,0,1,1,0,25,2,19,1,75,42,1,2,3,63.89999999999999,Medium Risk
S06540,18,82,0,0,0,1,0,19,2,7,0,70,79,0,1,1,77.2,Low Risk
S06541,18,82,0,0,0,1,0,25,2,19,1,75,42,1,2,3,63.89999999999999,Medium Risk
S06542,18,82,1,1,2,1,0,19,2,7,0,70,79,0,1,1,77.2,Low Risk
S06543,18,82,1,1,2,1,0,25,2,19,1,75,42,1,2,3,63.89999999999999,Medium Risk
S06544,24,61,1,0,2,1,1,20,3,14,0,80,74,1,0,1,71.9,Medium Risk
S06545,24,61,1,0,2,1,1,22,1,10,0,79,47,0,2,3,60.8,Medium Risk
S06546,24,61,1,0,2,1,1,28,1,17,1,92,90,1,1,0,81.89999999999999,Medium Risk
S06547,24,61,1,0,1,1,1,20,3,14,0,80,74,1,0,1,71.9,Medium Risk
S06548,24,61,1,0,1,1,1,22,1,10,0,79,47,0,2,3,60.8,Medium Risk
S06549,24,61,1,0,1,1,1,28,1,17,1,92,90,1,1,0,81.89999999999999,Medium Risk
S06550,24,61,1,0,2,1,1,20,3,14,0,80,74,1,0,1,71.9,Medium Risk
S06551,24,61,1,0,2,1,1,22,1,10,0,79,47,0,2,3,60.8,Medium Risk
S06552,24,61,1,0,2,1,1,28,1,17,1,92,90,1,1,0,81.89999999999999,Medium Risk
S06553,27,63,1,1,1,1,0,18,2,11,1,85,56,1,1,2,66.80000000000001,Medium Risk
S06554,27,63,1,1,1,1,0,18,2,11,1,85,56,1,1,2,66.80000000000001,Medium Risk
S06555,27,63,2,1,1,1,0,18,2,11,1,85,56,1,1,2,66.80000000000001,Medium Risk
S06556,27,63,0,0,1,0,0,18,2,11,1,85,56,1,1,2,66.80000000000001,Medium Risk
S06557,27,63,1,1,1,1,0,18,2,11,1,85,56,1,1,2,66.80000000000001,Medium Risk
S06558,27,63,1,1,1,1,0,18,2,11,1,85,56,1,1,2,66.80000000000001,Medium Risk
S06559,27,63,2,0,0,1,0,18,2,11,1,85,56,1,1,2,66.80000000000001,Medium Risk
S06560,27,63,1,1,0,1,0,18,2,11,1,85,56,1,1,2,66.80000000000001,Medium Risk
S06561,26,89,0,1,0,1,0,19,1,0,1,67,74,0,2,1,76.4,Low Risk
S06562,26,89,0,1,0,1,0,26,1,0,1,80,62,0,2,2,75.5,Low Risk
S06563,26,89,0,1,0,1,0,29,3,10,1,76,75,1,0,1,79.5,Low Risk
S06564,26,89,1,0,2,1,0,19,1,0,1,67,74,0,2,1,76.4,Low Risk
S06565,26,89,1,0,2,1,0,26,1,0,1,80,62,0,2,2,75.5,Low Risk
S06566,26,89,1,0,2,1,0,29,3,10,1,76,75,1,0,1,79.5,Low Risk
S06567,26,89,0,0,0,1,0,19,1,0,1,67,74,0,2,1,76.4,Low Risk
S06568,26,89,0,0,0,1,0,26,1,0,1,80,62,0,2,2,75.5,Low Risk
S06569,26,89,0,0,0,1,0,29,3,10,1,76,75,1,0,1,79.5,Low Risk
S06570,27,64,0,1,1,1,1,19,2,9,1,53,41,1,1,3,51.5,Medium Risk
S06571,27,64,0,1,1,1,1,18,2,7,1,99,91,0,0,0,85.3,Medium Risk
S06572,27,64,2,1,2,1,1,19,2,9,1,53,41,1,1,3,51.5,Medium Risk
S06573,27,64,2,1,2,1,1,18,2,7,1,99,91,0,0,0,85.3,Medium Risk
S06574,27,64,2,0,1,1,1,19,2,9,1,53,41,1,1,3,51.5,Medium Risk
S06575,27,64,2,0,1,1,1,18,2,7,1,99,91,0,0,0,85.3,Medium Risk
S06576,27,64,1,1,2,1,1,19,2,9,1,53,41,1,1,3,51.5,Medium Risk
S06577,27,64,1,1,2,1,1,18,2,7,1,99,91,0,0,0,85.3,Medium Risk
S06578,21,93,1,1,1,0,1,18,1,18,1,54,66,1,2,2,70.5,Low Risk
S06579,21,93,1,1,1,0,1,26,0,0,0,95,53,1,2,3,77.6,Low Risk
S06580,21,93,0,1,0,0,1,18,1,18,1,54,66,1,2,2,70.5,Low Risk
S06581,21,93,0,1,0,0,1,26,0,0,0,95,53,1,2,3,77.6,Low Risk
S06582,21,93,0,1,1,1,1,18,1,18,1,54,66,1,2,2,70.5,Low Risk
S06583,21,93,0,1,1,1,1,26,0,0,0,95,53,1,2,3,77.6,Low Risk
S06584,21,93,0,1,0,1,1,18,1,18,1,54,66,1,2,2,70.5,Low Risk
S06585,21,93,0,1,0,1,1,26,0,0,0,95,53,1,2,3,77.6,Low Risk
S06586,21,93,1,0,1,1,1,18,1,18,1,54,66,1,2,2,70.5,Low Risk
S06587,21,93,1,0,1,1,1,26,0,0,0,95,53,1,2,3,77.6,Low Risk
S06588,21,93,2,1,0,1,1,18,1,18,1,54,66,1,2,2,70.5,Low Risk
S06589,21,93,2,1,0,1,1,26,0,0,0,95,53,1,2,3,77.6,Low Risk
S06590,21,93,0,0,1,1,1,18,1,18,1,54,66,1,2,2,70.5,Low Risk
S06591,21,93,0,0,1,1,1,26,0,0,0,95,53,1,2,3,77.6,Low Risk
S06592,21,93,1,1,1,0,1,18,1,18,1,54,66,1,2,2,70.5,Low Risk
S06593,21,93,1,1,1,0,1,26,0,0,0,95,53,1,2,3,77.6,Low Risk
S06594,15,69,1,1,1,1,0,26,0,18,1,66,46,1,2,3,58.900000000000006,Medium Risk
S06595,15,69,1,1,1,1,0,29,3,18,1,80,81,1,1,1,77.1,Medium Risk
S06596,15,69,1,1,1,1,0,18,1,16,0,86,74,0,1,1,76.10000000000001,Medium Risk
S06597,15,69,1,1,1,1,0,22,2,3,1,73,93,1,1,0,79.8,Medium Risk
S06598,15,69,1,1,1,1,0,26,3,7,1,65,46,1,2,3,58.60000000000001,Medium Risk
S06599,15,69,1,1,1,1,0,23,0,0,0,51,82,1,2,1,68.8,Medium Risk
S06600,15,69,1,1,2,1,0,26,0,18,1,66,46,1,2,3,58.900000000000006,Medium Risk
S06601,15,69,1,1,2,1,0,29,3,18,1,80,81,1,1,1,77.1,Medium Risk
S06602,15,69,1,1,2,1,0,18,1,16,0,86,74,0,1,1,76.10000000000001,Medium Risk
S06603,15,69,1,1,2,1,0,22,2,3,1,73,93,1,1,0,79.8,Medium Risk
S06604,15,69,1,1,2,1,0,26,3,7,1,65,46,1,2,3,58.60000000000001,Medium Risk
S06605,15,69,1,1,2,1,0,23,0,0,0,51,82,1,2,1,68.8,Medium Risk
S06606,15,69,1,1,1,1,0,26,0,18,1,66,46,1,2,3,58.900000000000006,Medium Risk
S06607,15,69,1,1,1,1,0,29,3,18,1,80,81,1,1,1,77.1,Medium Risk
S06608,15,69,1,1,1,1,0,18,1,16,0,86,74,0,1,1,76.10000000000001,Medium Risk
S06609,15,69,1,1,1,1,0,22,2,3,1,73,93,1,1,0,79.8,Medium Risk
S06610,15,69,1,1,1,1,0,26,3,7,1,65,46,1,2,3,58.60000000000001,Medium Risk
S06611,15,69,1,1,1,1,0,23,0,0,0,51,82,1,2,1,68.8,Medium Risk
S06612,15,69,0,0,0,1,0,26,0,18,1,66,46,1,2,3,58.900000000000006,Medium Risk
S06613,15,69,0,0,0,1,0,29,3,18,1,80,81,1,1,1,77.1,Medium Risk
S06614,15,69,0,0,0,1,0,18,1,16,0,86,74,0,1,1,76.10000000000001,Medium Risk
S06615,15,69,0,0,0,1,0,22,2,3,1,73,93,1,1,0,79.8,Medium Risk
S06616,15,69,0,0,0,1,0,26,3,7,1,65,46,1,2,3,58.60000000000001,Medium Risk
S06617,15,69,0,0,0,1,0,23,0,0,0,51,82,1,2,1,68.8,Medium Risk
S06618,15,69,0,1,1,0,0,26,0,18,1,66,46,1,2,3,58.900000000000006,Medium Risk
S06619,15,69,0,1,1,0,0,29,3,18,1,80,81,1,1,1,77.1,Medium Risk
S06620,15,69,0,1,1,0,0,18,1,16,0,86,74,0,1,1,76.10000000000001,Medium Risk
S06621,15,69,0,1,1,0,0,22,2,3,1,73,93,1,1,0,79.8,Medium Risk
S06622,15,69,0,1,1,0,0,26,3,7,1,65,46,1,2,3,58.60000000000001,Medium Risk
S06623,15,69,0,1,1,0,0,23,0,0,0,51,82,1,2,1,68.8,Medium Risk
S06624,18,82,1,1,0,1,1,28,3,7,0,75,75,0,0,1,77.1,Low Risk
S06625,18,82,0,1,1,1,1,28,3,7,0,75,75,0,0,1,77.1,Low Risk
S06626,18,82,1,1,2,1,1,28,3,7,0,75,75,0,0,1,77.1,Low Risk
S06627,18,82,2,0,1,1,1,28,3,7,0,75,75,0,0,1,77.1,Low Risk
S06628,18,82,1,1,2,0,1,28,3,7,0,75,75,0,0,1,77.1,Low Risk
S06629,18,82,0,1,2,1,1,28,3,7,0,75,75,0,0,1,77.1,Low Risk
S06630,18,82,1,1,1,1,1,28,3,7,0,75,75,0,0,1,77.1,Low Risk
S06631,20,82,0,1,1,1,1,26,2,18,0,75,64,1,2,2,72.7,Low Risk
S06632,20,82,1,1,0,1,1,26,2,18,0,75,64,1,2,2,72.7,Low Risk
S06633,20,82,2,1,0,1,1,26,2,18,0,75,64,1,2,2,72.7,Low Risk
S06634,20,82,0,1,1,1,1,26,2,18,0,75,64,1,2,2,72.7,Low Risk
S06635,20,82,1,0,0,1,1,26,2,18,0,75,64,1,2,2,72.7,Low Risk
S06636,20,82,1,0,1,1,1,26,2,18,0,75,64,1,2,2,72.7,Low Risk
S06637,28,83,2,0,1,1,1,19,2,17,0,76,86,0,1,0,82.1,Low Risk
S06638,28,83,2,0,1,1,1,26,3,12,1,64,98,1,1,0,83.30000000000001,Low Risk
S06639,28,83,0,0,1,1,1,19,2,17,0,76,86,0,1,0,82.1,Low Risk
S06640,28,83,0,0,1,1,1,26,3,12,1,64,98,1,1,0,83.30000000000001,Low Risk
S06641,28,83,1,1,1,1,1,19,2,17,0,76,86,0,1,0,82.1,Low Risk
S06642,28,83,1,1,1,1,1,26,3,12,1,64,98,1,1,0,83.30000000000001,Low Risk
S06643,28,83,0,0,1,1,1,19,2,17,0,76,86,0,1,0,82.1,Low Risk
S06644,28,83,0,0,1,1,1,26,3,12,1,64,98,1,1,0,83.30000000000001,Low Risk
S06645,12,95,1,0,2,1,1,27,0,7,1,91,54,1,2,3,77.4,Low Risk
S06646,12,95,1,0,2,1,1,25,3,12,1,90,60,1,2,2,79.5,Low Risk
S06647,12,95,2,1,1,1,1,27,0,7,1,91,54,1,2,3,77.4,Low Risk
S06648,12,95,2,1,1,1,1,25,3,12,1,90,60,1,2,2,79.5,Low Risk
S06649,12,95,1,1,2,1,1,27,0,7,1,91,54,1,2,3,77.4,Low Risk
S06650,12,95,1,1,2,1,1,25,3,12,1,90,60,1,2,2,79.5,Low Risk
S06651,12,95,1,0,1,1,1,27,0,7,1,91,54,1,2,3,77.4,Low Risk
S06652,12,95,1,0,1,1,1,25,3,12,1,90,60,1,2,2,79.5,Low Risk
S06653,12,95,1,0,1,1,1,27,0,7,1,91,54,1,2,3,77.4,Low Risk
S06654,12,95,1,0,1,1,1,25,3,12,1,90,60,1,2,2,79.5,Low Risk
S06655,24,92,2,1,0,1,1,28,1,20,0,78,49,0,2,3,70.6,Medium Risk
S06656,24,92,2,1,0,1,1,27,3,5,0,97,52,0,0,3,77.5,Low Risk
S06657,24,92,2,1,0,1,1,18,3,3,0,81,87,1,2,0,86.7,Low Risk
S06658,24,92,1,1,1,0,1,28,1,20,0,78,49,0,2,3,70.6,Medium Risk
S06659,24,92,1,1,1,0,1,27,3,5,0,97,52,0,0,3,77.5,Low Risk
S06660,24,92,1,1,1,0,1,18,3,3,0,81,87,1,2,0,86.7,Low Risk
S06661,24,92,2,0,2,1,1,28,1,20,0,78,49,0,2,3,70.6,Medium Risk
S06662,24,92,2,0,2,1,1,27,3,5,0,97,52,0,0,3,77.5,Low Risk
S06663,24,92,2,0,2,1,1,18,3,3,0,81,87,1,2,0,86.7,Low Risk
S06664,24,92,2,1,2,1,1,28,1,20,0,78,49,0,2,3,70.6,Medium Risk
S06665,24,92,2,1,2,1,1,27,3,5,0,97,52,0,0,3,77.5,Low Risk
S06666,24,92,2,1,2,1,1,18,3,3,0,81,87,1,2,0,86.7,Low Risk
S06667,24,92,2,1,1,1,1,28,1,20,0,78,49,0,2,3,70.6,Medium Risk
S06668,24,92,2,1,1,1,1,27,3,5,0,97,52,0,0,3,77.5,Low Risk
S06669,24,92,2,1,1,1,1,18,3,3,0,81,87,1,2,0,86.7,Low Risk
S06670,33,64,1,0,1,1,0,20,3,4,1,90,87,1,2,0,81.0,Medium Risk
S06671,33,64,1,0,1,1,0,25,2,9,0,77,83,1,1,1,75.5,Medium Risk
S06672,18,71,0,1,0,1,1,24,0,2,1,63,63,1,1,2,65.4,Medium Risk
S06673,18,71,0,1,0,1,1,22,1,2,0,68,79,0,0,1,73.3,Medium Risk
S06674,18,71,2,1,1,1,1,24,0,2,1,63,63,1,1,2,65.4,Medium Risk
S06675,18,71,2,1,1,1,1,22,1,2,0,68,79,0,0,1,73.3,Medium Risk
S06676,18,71,0,1,0,1,1,24,0,2,1,63,63,1,1,2,65.4,Medium Risk
S06677,18,71,0,1,0,1,1,22,1,2,0,68,79,0,0,1,73.3,Medium Risk
S06678,18,71,1,1,1,1,1,24,0,2,1,63,63,1,1,2,65.4,Medium Risk
S06679,18,71,1,1,1,1,1,22,1,2,0,68,79,0,0,1,73.3,Medium Risk
S06680,18,71,1,0,1,1,1,24,0,2,1,63,63,1,1,2,65.4,Medium Risk
S06681,18,71,1,0,1,1,1,22,1,2,0,68,79,0,0,1,73.3,Medium Risk
S06682,18,71,2,1,1,1,1,24,0,2,1,63,63,1,1,2,65.4,Medium Risk
S06683,18,71,2,1,1,1,1,22,1,2,0,68,79,0,0,1,73.3,Medium Risk
S06684,19,90,1,1,2,1,0,20,0,15,1,100,72,1,0,1,85.8,Low Risk
S06685,19,90,1,1,2,1,0,19,1,18,1,58,76,1,2,1,74.8,Low Risk
S06686,19,90,0,0,1,1,0,20,0,15,1,100,72,1,0,1,85.8,Low Risk
S06687,19,90,0,0,1,1,0,19,1,18,1,58,76,1,2,1,74.8,Low Risk
S06688,19,90,2,1,0,1,0,20,0,15,1,100,72,1,0,1,85.8,Low Risk
S06689,19,90,2,1,0,1,0,19,1,18,1,58,76,1,2,1,74.8,Low Risk
S06690,19,90,2,0,1,1,0,20,0,15,1,100,72,1,0,1,85.8,Low Risk
S06691,19,90,2,0,1,1,0,19,1,18,1,58,76,1,2,1,74.8,Low Risk
S06692,24,70,2,0,1,1,1,20,2,1,0,69,75,1,2,1,71.7,Medium Risk
S06693,24,70,1,1,1,1,1,20,2,1,0,69,75,1,2,1,71.7,Medium Risk
S06694,24,70,2,0,0,1,1,20,2,1,0,69,75,1,2,1,71.7,Medium Risk
S06695,24,70,2,1,0,1,1,20,2,1,0,69,75,1,2,1,71.7,Medium Risk
S06696,24,70,1,1,1,1,1,20,2,1,0,69,75,1,2,1,71.7,Medium Risk
S06697,24,70,2,0,0,0,1,20,2,1,0,69,75,1,2,1,71.7,Medium Risk
S06698,24,70,2,1,2,1,1,20,2,1,0,69,75,1,2,1,71.7,Medium Risk
S06699,17,67,2,1,2,1,1,27,0,1,1,79,68,1,2,2,71.0,Medium Risk
S06700,17,67,1,1,1,1,1,27,0,1,1,79,68,1,2,2,71.0,Medium Risk
S06701,17,67,2,1,1,1,1,27,0,1,1,79,68,1,2,2,71.0,Medium Risk
S06702,17,67,1,0,2,1,1,27,0,1,1,79,68,1,2,2,71.0,Medium Risk
S06703,17,67,0,0,1,1,1,27,0,1,1,79,68,1,2,2,71.0,Medium Risk
S06704,17,67,0,0,2,1,1,27,0,1,1,79,68,1,2,2,71.0,Medium Risk
S06705,14,74,2,1,2,1,0,20,1,3,0,89,61,0,0,2,73.3,Medium Risk
S06706,14,74,2,1,2,1,0,27,1,18,1,73,63,1,1,2,69.3,Medium Risk
S06707,14,74,1,0,2,1,0,20,1,3,0,89,61,0,0,2,73.3,Medium Risk
S06708,14,74,1,0,2,1,0,27,1,18,1,73,63,1,1,2,69.3,Medium Risk
S06709,14,74,1,0,0,0,0,20,1,3,0,89,61,0,0,2,73.3,Medium Risk
S06710,14,74,1,0,0,0,0,27,1,18,1,73,63,1,1,2,69.3,Medium Risk
S06711,16,75,1,1,1,1,0,26,0,9,0,81,75,0,2,1,76.8,Low Risk
S06712,16,75,1,1,1,1,0,18,0,9,1,54,88,1,2,0,73.9,Low Risk
S06713,16,75,1,1,1,1,0,26,0,11,0,76,51,1,2,3,65.7,Low Risk
S06714,16,75,0,1,1,1,0,26,0,9,0,81,75,0,2,1,76.8,Low Risk
S06715,16,75,0,1,1,1,0,18,0,9,1,54,88,1,2,0,73.9,Low Risk
S06716,16,75,0,1,1,1,0,26,0,11,0,76,51,1,2,3,65.7,Low Risk
S06717,16,75,0,1,1,1,0,26,0,9,0,81,75,0,2,1,76.8,Low Risk
S06718,16,75,0,1,1,1,0,18,0,9,1,54,88,1,2,0,73.9,Low Risk
S06719,16,75,0,1,1,1,0,26,0,11,0,76,51,1,2,3,65.7,Low Risk
S06720,16,75,0,1,2,1,0,26,0,9,0,81,75,0,2,1,76.8,Low Risk
S06721,16,75,0,1,2,1,0,18,0,9,1,54,88,1,2,0,73.9,Low Risk
S06722,16,75,0,1,2,1,0,26,0,11,0,76,51,1,2,3,65.7,Low Risk
S06723,27,82,2,1,0,1,0,26,0,6,1,93,79,1,1,1,84.1,Low Risk
S06724,27,82,2,1,0,1,0,29,3,2,0,61,68,0,2,2,70.1,Low Risk
S06725,27,82,2,1,0,1,0,26,1,12,0,90,44,0,1,3,69.2,Medium Risk
S06726,27,82,2,1,0,1,0,27,0,3,1,83,62,0,2,2,74.3,Low Risk
S06727,11,64,1,1,0,1,1,21,3,14,1,53,82,1,1,1,67.9,Medium Risk
S06728,11,64,1,1,0,1,1,19,2,13,1,83,69,1,2,2,71.7,Medium Risk
S06729,11,64,1,1,0,1,1,20,0,3,0,97,82,1,0,1,81.10000000000001,Medium Risk
S06730,11,64,0,1,2,0,1,21,3,14,1,53,82,1,1,1,67.9,Medium Risk
S06731,11,64,0,1,2,0,1,19,2,13,1,83,69,1,2,2,71.7,Medium Risk
S06732,11,64,0,1,2,0,1,20,0,3,0,97,82,1,0,1,81.10000000000001,Medium Risk
S06733,11,64,1,1,1,1,1,21,3,14,1,53,82,1,1,1,67.9,Medium Risk
S06734,11,64,1,1,1,1,1,19,2,13,1,83,69,1,2,2,71.7,Medium Risk
S06735,11,64,1,1,1,1,1,20,0,3,0,97,82,1,0,1,81.10000000000001,Medium Risk
S06736,11,64,1,0,0,1,1,21,3,14,1,53,82,1,1,1,67.9,Medium Risk
S06737,11,64,1,0,0,1,1,19,2,13,1,83,69,1,2,2,71.7,Medium Risk
S06738,11,64,1,0,0,1,1,20,0,3,0,97,82,1,0,1,81.10000000000001,Medium Risk
S06739,29,86,1,1,1,1,0,18,3,8,0,79,71,0,2,1,77.9,Low Risk
S06740,29,86,1,1,1,1,0,26,2,10,1,86,62,1,2,2,76.4,Low Risk
S06741,29,86,1,1,1,1,0,22,0,8,1,87,99,1,1,0,91.5,Low Risk
S06742,29,86,1,1,1,1,0,23,2,15,1,87,66,0,1,2,78.3,Low Risk
S06743,29,86,1,1,1,1,0,23,1,13,1,72,84,1,2,1,81.0,Low Risk
S06744,29,86,1,1,1,1,0,20,0,19,1,84,45,0,2,3,69.0,Medium Risk
S06745,29,86,2,0,0,1,0,18,3,8,0,79,71,0,2,1,77.9,Low Risk
S06746,29,86,2,0,0,1,0,26,2,10,1,86,62,1,2,2,76.4,Low Risk
S06747,29,86,2,0,0,1,0,22,0,8,1,87,99,1,1,0,91.5,Low Risk
S06748,29,86,2,0,0,1,0,23,2,15,1,87,66,0,1,2,78.3,Low Risk
S06749,29,86,2,0,0,1,0,23,1,13,1,72,84,1,2,1,81.0,Low Risk
S06750,29,86,2,0,0,1,0,20,0,19,1,84,45,0,2,3,69.0,Medium Risk
S06751,29,86,0,1,1,1,0,18,3,8,0,79,71,0,2,1,77.9,Low Risk
S06752,29,86,0,1,1,1,0,26,2,10,1,86,62,1,2,2,76.4,Low Risk
S06753,29,86,0,1,1,1,0,22,0,8,1,87,99,1,1,0,91.5,Low Risk
S06754,29,86,0,1,1,1,0,23,2,15,1,87,66,0,1,2,78.3,Low Risk
S06755,29,86,0,1,1,1,0,23,1,13,1,72,84,1,2,1,81.0,Low Risk
S06756,29,86,0,1,1,1,0,20,0,19,1,84,45,0,2,3,69.0,Medium Risk
S06757,31,95,1,1,1,1,1,21,3,19,0,61,44,1,2,3,64.4,Medium Risk
S06758,7,77,1,0,1,1,1,25,0,5,1,82,41,1,1,3,64.1,Medium Risk
S06759,7,77,1,0,1,1,1,27,3,8,0,74,70,1,0,1,73.3,Low Risk
S06760,23,67,1,0,0,1,1,23,2,4,1,69,93,1,0,0,78.0,Medium Risk
S06761,23,67,1,0,0,1,1,28,2,6,1,55,100,0,2,0,76.6,Medium Risk
S06762,23,67,1,0,0,1,1,22,2,0,0,85,90,0,1,0,81.6,Medium Risk
S06763,23,67,1,0,0,1,1,23,2,4,1,69,93,1,0,0,78.0,Medium Risk
S06764,23,67,1,0,0,1,1,28,2,6,1,55,100,0,2,0,76.6,Medium Risk
S06765,23,67,1,0,0,1,1,22,2,0,0,85,90,0,1,0,81.6,Medium Risk
S06766,23,67,0,1,1,1,1,23,2,4,1,69,93,1,0,0,78.0,Medium Risk
S06767,23,67,0,1,1,1,1,28,2,6,1,55,100,0,2,0,76.6,Medium Risk
S06768,23,67,0,1,1,1,1,22,2,0,0,85,90,0,1,0,81.6,Medium Risk
S06769,23,67,1,1,2,1,1,23,2,4,1,69,93,1,0,0,78.0,Medium Risk
S06770,23,67,1,1,2,1,1,28,2,6,1,55,100,0,2,0,76.6,Medium Risk
S06771,23,67,1,1,2,1,1,22,2,0,0,85,90,0,1,0,81.6,Medium Risk
S06772,23,67,1,0,1,1,1,23,2,4,1,69,93,1,0,0,78.0,Medium Risk
S06773,23,67,1,0,1,1,1,28,2,6,1,55,100,0,2,0,76.6,Medium Risk
S06774,23,67,1,0,1,1,1,22,2,0,0,85,90,0,1,0,81.6,Medium Risk
S06775,23,67,1,0,0,1,1,23,2,4,1,69,93,1,0,0,78.0,Medium Risk
S06776,23,67,1,0,0,1,1,28,2,6,1,55,100,0,2,0,76.6,Medium Risk
S06777,23,67,1,0,0,1,1,22,2,0,0,85,90,0,1,0,81.6,Medium Risk
S06778,23,67,0,1,1,1,1,23,2,4,1,69,93,1,0,0,78.0,Medium Risk
S06779,23,67,0,1,1,1,1,28,2,6,1,55,100,0,2,0,76.6,Medium Risk
S06780,23,67,0,1,1,1,1,22,2,0,0,85,90,0,1,0,81.6,Medium Risk
S06781,17,98,2,0,2,0,0,28,3,0,0,80,92,1,1,0,90.2,Low Risk
S06782,17,98,2,0,2,0,0,25,0,3,1,76,84,0,2,1,85.80000000000001,Low Risk
S06783,17,98,0,1,1,1,0,28,3,0,0,80,92,1,1,0,90.2,Low Risk
S06784,17,98,0,1,1,1,0,25,0,3,1,76,84,0,2,1,85.80000000000001,Low Risk
S06785,17,98,0,1,0,1,0,28,3,0,0,80,92,1,1,0,90.2,Low Risk
S06786,17,98,0,1,0,1,0,25,0,3,1,76,84,0,2,1,85.80000000000001,Low Risk
S06787,17,98,1,0,1,1,0,28,3,0,0,80,92,1,1,0,90.2,Low Risk
S06788,17,98,1,0,1,1,0,25,0,3,1,76,84,0,2,1,85.80000000000001,Low Risk
S06789,17,98,1,0,0,1,0,28,3,0,0,80,92,1,1,0,90.2,Low Risk
S06790,17,98,1,0,0,1,0,25,0,3,1,76,84,0,2,1,85.80000000000001,Low Risk
S06791,14,90,1,1,1,1,1,24,1,17,0,91,63,0,0,2,79.5,Low Risk
S06792,14,90,1,1,1,1,1,23,2,4,0,62,66,0,2,2,72.0,Low Risk
S06793,14,90,1,1,1,1,1,24,1,17,0,91,63,0,0,2,79.5,Low Risk
S06794,14,90,1,1,1,1,1,23,2,4,0,62,66,0,2,2,72.0,Low Risk
S06795,14,90,2,1,1,1,1,24,1,17,0,91,63,0,0,2,79.5,Low Risk
S06796,14,90,2,1,1,1,1,23,2,4,0,62,66,0,2,2,72.0,Low Risk
S06797,14,90,1,1,1,1,1,24,1,17,0,91,63,0,0,2,79.5,Low Risk
S06798,14,90,1,1,1,1,1,23,2,4,0,62,66,0,2,2,72.0,Low Risk
S06799,24,78,1,1,0,1,0,29,1,5,0,50,52,1,2,3,59.199999999999996,Low Risk
S06800,24,78,2,1,2,1,0,29,1,5,0,50,52,1,2,3,59.199999999999996,Low Risk
S06801,24,78,0,1,0,1,0,29,1,5,0,50,52,1,2,3,59.199999999999996,Low Risk
S06802,31,75,1,0,0,1,1,19,1,10,0,98,41,1,2,3,68.3,Medium Risk
S06803,31,75,1,0,0,1,1,25,1,4,1,94,48,1,1,3,69.9,Medium Risk
S06804,16,99,2,0,2,1,1,20,0,0,1,96,57,1,2,2,81.3,Low Risk
S06805,16,99,2,0,2,1,1,19,0,2,1,93,64,1,1,2,83.2,Low Risk
S06806,16,99,2,0,2,1,1,26,3,16,1,81,73,1,2,1,83.2,Low Risk
S06807,16,99,1,1,2,1,1,20,0,0,1,96,57,1,2,2,81.3,Low Risk
S06808,16,99,1,1,2,1,1,19,0,2,1,93,64,1,1,2,83.2,Low Risk
S06809,16,99,1,1,2,1,1,26,3,16,1,81,73,1,2,1,83.2,Low Risk
S06810,16,99,2,1,1,1,1,20,0,0,1,96,57,1,2,2,81.3,Low Risk
S06811,16,99,2,1,1,1,1,19,0,2,1,93,64,1,1,2,83.2,Low Risk
S06812,16,99,2,1,1,1,1,26,3,16,1,81,73,1,2,1,83.2,Low Risk
S06813,19,87,0,1,0,1,0,22,1,15,1,77,79,0,2,1,80.8,Low Risk
S06814,19,87,0,1,0,1,0,20,1,6,1,88,94,0,2,0,90.1,Low Risk
S06815,19,87,1,0,0,1,0,22,1,15,1,77,79,0,2,1,80.8,Low Risk
S06816,19,87,1,0,0,1,0,20,1,6,1,88,94,0,2,0,90.1,Low Risk
S06817,19,87,1,0,1,1,0,22,1,15,1,77,79,0,2,1,80.8,Low Risk
S06818,19,87,1,0,1,1,0,20,1,6,1,88,94,0,2,0,90.1,Low Risk
S06819,19,87,1,0,0,1,0,22,1,15,1,77,79,0,2,1,80.8,Low Risk
S06820,19,87,1,0,0,1,0,20,1,6,1,88,94,0,2,0,90.1,Low Risk
S06821,19,87,1,1,1,1,0,22,1,15,1,77,79,0,2,1,80.8,Low Risk
S06822,19,87,1,1,1,1,0,20,1,6,1,88,94,0,2,0,90.1,Low Risk
S06823,22,82,2,0,1,1,1,26,1,4,0,89,44,1,0,3,68.89999999999999,Medium Risk
S06824,22,82,2,0,1,1,1,25,0,12,1,59,91,0,2,0,78.69999999999999,Low Risk
S06825,22,82,1,0,2,1,1,26,1,4,0,89,44,1,0,3,68.89999999999999,Medium Risk
S06826,22,82,1,0,2,1,1,25,0,12,1,59,91,0,2,0,78.69999999999999,Low Risk
S06827,22,82,2,0,1,1,1,26,1,4,0,89,44,1,0,3,68.89999999999999,Medium Risk
S06828,22,82,2,0,1,1,1,25,0,12,1,59,91,0,2,0,78.69999999999999,Low Risk
S06829,22,82,0,0,1,1,1,26,1,4,0,89,44,1,0,3,68.89999999999999,Medium Risk
S06830,22,82,0,0,1,1,1,25,0,12,1,59,91,0,2,0,78.69999999999999,Low Risk
S06831,22,82,2,1,1,1,1,26,1,4,0,89,44,1,0,3,68.89999999999999,Medium Risk
S06832,22,82,2,1,1,1,1,25,0,12,1,59,91,0,2,0,78.69999999999999,Low Risk
S06833,22,82,1,1,0,1,1,26,1,4,0,89,44,1,0,3,68.89999999999999,Medium Risk
S06834,22,82,1,1,0,1,1,25,0,12,1,59,91,0,2,0,78.69999999999999,Low Risk
S06835,22,82,0,0,1,1,1,26,1,4,0,89,44,1,0,3,68.89999999999999,Medium Risk
S06836,22,82,0,0,1,1,1,25,0,12,1,59,91,0,2,0,78.69999999999999,Low Risk
S06837,12,94,2,1,0,1,0,25,1,7,1,79,81,1,1,1,84.3,Low Risk
S06838,12,94,1,1,1,1,0,25,1,7,1,79,81,1,1,1,84.3,Low Risk
S06839,29,90,2,0,1,1,0,24,3,10,0,99,61,1,2,2,81.1,Low Risk
S06840,29,90,2,0,1,1,0,25,0,8,1,55,62,1,2,2,68.3,Low Risk
S06841,29,90,1,1,1,1,0,24,3,10,0,99,61,1,2,2,81.1,Low Risk
S06842,29,90,1,1,1,1,0,25,0,8,1,55,62,1,2,2,68.3,Low Risk
S06843,29,90,0,1,0,1,0,24,3,10,0,99,61,1,2,2,81.1,Low Risk
S06844,29,90,0,1,0,1,0,25,0,8,1,55,62,1,2,2,68.3,Low Risk
S06845,29,90,1,1,1,1,0,24,3,10,0,99,61,1,2,2,81.1,Low Risk
S06846,29,90,1,1,1,1,0,25,0,8,1,55,62,1,2,2,68.3,Low Risk
S06847,22,90,2,0,2,1,1,20,3,12,1,92,46,0,2,3,73.0,Medium Risk
S06848,22,90,2,0,2,1,1,22,2,19,0,69,55,0,1,2,69.7,Low Risk
S06849,22,90,2,0,2,1,1,19,1,18,1,98,75,1,0,1,86.4,Low Risk
S06850,22,90,2,0,2,1,1,25,0,17,1,92,52,1,2,3,75.4,Low Risk
S06851,22,90,1,1,0,1,1,20,3,12,1,92,46,0,2,3,73.0,Medium Risk
S06852,22,90,1,1,0,1,1,22,2,19,0,69,55,0,1,2,69.7,Low Risk
S06853,22,90,1,1,0,1,1,19,1,18,1,98,75,1,0,1,86.4,Low Risk
S06854,22,90,1,1,0,1,1,25,0,17,1,92,52,1,2,3,75.4,Low Risk
S06855,22,90,1,0,0,1,1,20,3,12,1,92,46,0,2,3,73.0,Medium Risk
S06856,22,90,1,0,0,1,1,22,2,19,0,69,55,0,1,2,69.7,Low Risk
S06857,22,90,1,0,0,1,1,19,1,18,1,98,75,1,0,1,86.4,Low Risk
S06858,22,90,1,0,0,1,1,25,0,17,1,92,52,1,2,3,75.4,Low Risk
S06859,22,90,0,1,1,1,1,20,3,12,1,92,46,0,2,3,73.0,Medium Risk
S06860,22,90,0,1,1,1,1,22,2,19,0,69,55,0,1,2,69.7,Low Risk
S06861,22,90,0,1,1,1,1,19,1,18,1,98,75,1,0,1,86.4,Low Risk
S06862,22,90,0,1,1,1,1,25,0,17,1,92,52,1,2,3,75.4,Low Risk
S06863,22,90,1,1,1,1,1,20,3,12,1,92,46,0,2,3,73.0,Medium Risk
S06864,22,90,1,1,1,1,1,22,2,19,0,69,55,0,1,2,69.7,Low Risk
S06865,22,90,1,1,1,1,1,19,1,18,1,98,75,1,0,1,86.4,Low Risk
S06866,22,90,1,1,1,1,1,25,0,17,1,92,52,1,2,3,75.4,Low Risk
S06867,23,94,0,1,1,1,0,25,2,11,1,84,63,1,2,2,78.60000000000001,Low Risk
S06868,23,94,0,1,1,1,0,25,2,11,1,84,63,1,2,2,78.60000000000001,Low Risk
S06869,23,94,0,1,1,1,0,25,2,11,1,84,63,1,2,2,78.60000000000001,Low Risk
S06870,23,94,2,0,1,1,0,25,2,11,1,84,63,1,2,2,78.60000000000001,Low Risk
S06871,23,94,2,1,1,0,0,25,2,11,1,84,63,1,2,2,78.60000000000001,Low Risk
S06872,23,94,1,0,2,1,0,25,2,11,1,84,63,1,2,2,78.60000000000001,Low Risk
S06873,28,74,0,1,1,1,1,24,2,16,1,94,78,1,2,1,81.60000000000001,Medium Risk
S06874,28,74,0,1,1,1,1,27,1,0,1,85,91,1,2,0,84.1,Medium Risk
S06875,28,74,0,1,1,1,1,18,0,5,0,94,45,0,2,3,68.4,Medium Risk
S06876,28,74,2,0,2,1,1,24,2,16,1,94,78,1,2,1,81.60000000000001,Medium Risk
S06877,28,74,2,0,2,1,1,27,1,0,1,85,91,1,2,0,84.1,Medium Risk
S06878,28,74,2,0,2,1,1,18,0,5,0,94,45,0,2,3,68.4,Medium Risk
S06879,19,63,2,1,1,1,0,22,1,4,1,55,67,0,0,2,62.199999999999996,Medium Risk
S06880,19,63,2,1,1,1,0,27,1,1,1,70,44,1,1,3,57.5,Medium Risk
S06881,19,63,2,1,1,1,0,27,0,10,0,54,86,0,2,0,69.5,Medium Risk
S06882,19,63,2,1,1,1,0,23,3,7,0,65,54,1,2,3,60.0,Medium Risk
S06883,19,63,2,1,1,1,0,22,1,4,1,55,67,0,0,2,62.199999999999996,Medium Risk
S06884,19,63,2,1,1,1,0,27,1,1,1,70,44,1,1,3,57.5,Medium Risk
S06885,19,63,2,1,1,1,0,27,0,10,0,54,86,0,2,0,69.5,Medium Risk
S06886,19,63,2,1,1,1,0,23,3,7,0,65,54,1,2,3,60.0,Medium Risk
S06887,19,63,1,1,0,1,0,22,1,4,1,55,67,0,0,2,62.199999999999996,Medium Risk
S06888,19,63,1,1,0,1,0,27,1,1,1,70,44,1,1,3,57.5,Medium Risk
S06889,19,63,1,1,0,1,0,27,0,10,0,54,86,0,2,0,69.5,Medium Risk
S06890,19,63,1,1,0,1,0,23,3,7,0,65,54,1,2,3,60.0,Medium Risk
S06891,16,93,1,0,1,1,1,22,3,16,0,64,40,1,2,3,63.1,Medium Risk
S06892,16,93,0,1,1,1,1,22,3,16,0,64,40,1,2,3,63.1,Medium Risk
S06893,16,93,1,1,0,1,1,22,3,16,0,64,40,1,2,3,63.1,Medium Risk
S06894,16,93,2,0,1,0,1,22,3,16,0,64,40,1,2,3,63.1,Medium Risk
S06895,16,93,0,0,1,1,1,22,3,16,0,64,40,1,2,3,63.1,Medium Risk
S06896,16,93,2,0,2,1,1,22,3,16,0,64,40,1,2,3,63.1,Medium Risk
S06897,16,93,1,1,0,1,1,22,3,16,0,64,40,1,2,3,63.1,Medium Risk
S06898,16,93,0,1,1,1,1,22,3,16,0,64,40,1,2,3,63.1,Medium Risk
S06899,16,93,1,1,0,1,1,22,3,16,0,64,40,1,2,3,63.1,Medium Risk
S06900,31,67,0,0,2,1,0,28,3,3,1,83,61,0,0,2,69.39999999999999,Medium Risk
S06901,11,87,1,0,2,1,1,28,2,10,0,82,86,0,2,0,85.1,Low Risk
S06902,11,87,1,0,2,1,1,21,2,6,0,100,50,1,1,3,76.1,Low Risk
S06903,21,81,1,0,1,1,1,23,3,10,1,64,98,1,0,0,82.7,Low Risk
S06904,21,81,1,0,1,1,1,28,1,20,1,95,82,1,2,1,85.60000000000001,Low Risk
S06905,21,81,1,0,1,1,1,21,1,17,1,74,84,1,2,1,80.1,Low Risk
S06906,21,81,0,1,2,1,1,23,3,10,1,64,98,1,0,0,82.7,Low Risk
S06907,21,81,0,1,2,1,1,28,1,20,1,95,82,1,2,1,85.60000000000001,Low Risk
S06908,21,81,0,1,2,1,1,21,1,17,1,74,84,1,2,1,80.1,Low Risk
S06909,21,81,1,1,1,1,1,23,3,10,1,64,98,1,0,0,82.7,Low Risk
S06910,21,81,1,1,1,1,1,28,1,20,1,95,82,1,2,1,85.60000000000001,Low Risk
S06911,21,81,1,1,1,1,1,21,1,17,1,74,84,1,2,1,80.1,Low Risk
S06912,21,81,1,1,1,1,1,23,3,10,1,64,98,1,0,0,82.7,Low Risk
S06913,21,81,1,1,1,1,1,28,1,20,1,95,82,1,2,1,85.60000000000001,Low Risk
S06914,21,81,1,1,1,1,1,21,1,17,1,74,84,1,2,1,80.1,Low Risk
S06915,21,81,1,1,1,1,1,23,3,10,1,64,98,1,0,0,82.7,Low Risk
S06916,21,81,1,1,1,1,1,28,1,20,1,95,82,1,2,1,85.60000000000001,Low Risk
S06917,21,81,1,1,1,1,1,21,1,17,1,74,84,1,2,1,80.1,Low Risk
S06918,16,68,1,1,2,1,0,24,3,17,1,61,60,1,2,2,62.699999999999996,Medium Risk
S06919,16,68,1,1,1,1,0,24,3,17,1,61,60,1,2,2,62.699999999999996,Medium Risk
S06920,16,68,2,0,2,1,0,24,3,17,1,61,60,1,2,2,62.699999999999996,Medium Risk
S06921,9,80,2,0,0,1,0,21,3,7,1,75,78,1,2,1,77.7,Low Risk
S06922,9,80,2,0,0,1,0,26,2,20,0,100,81,1,2,1,86.4,Low Risk
S06923,9,80,2,0,0,1,0,29,1,5,0,71,93,0,1,0,82.5,Low Risk
S06924,9,80,0,1,0,1,0,21,3,7,1,75,78,1,2,1,77.7,Low Risk
S06925,9,80,0,1,0,1,0,26,2,20,0,100,81,1,2,1,86.4,Low Risk
S06926,9,80,0,1,0,1,0,29,1,5,0,71,93,0,1,0,82.5,Low Risk
S06927,5,92,1,1,1,1,0,21,3,18,1,54,44,1,0,3,61.39999999999999,Medium Risk
S06928,10,92,2,1,0,1,0,21,2,13,0,76,56,0,0,2,72.8,Low Risk
S06929,10,92,1,0,2,1,0,21,2,13,0,76,56,0,0,2,72.8,Low Risk
S06930,10,92,0,1,2,1,0,21,2,13,0,76,56,0,0,2,72.8,Low Risk
S06931,25,83,2,0,1,1,1,21,1,6,1,93,56,1,0,2,75.19999999999999,Low Risk
S06932,25,83,2,1,0,1,1,21,1,6,1,93,56,1,0,2,75.19999999999999,Low Risk
S06933,25,83,2,1,0,1,1,21,1,6,1,93,56,1,0,2,75.19999999999999,Low Risk
S06934,25,83,2,1,2,1,1,21,1,6,1,93,56,1,0,2,75.19999999999999,Low Risk
S06935,25,83,1,1,0,1,1,21,1,6,1,93,56,1,0,2,75.19999999999999,Low Risk
S06936,25,91,2,1,1,1,0,24,0,6,0,92,88,0,2,0,90.1,Low Risk
S06937,25,91,2,1,1,1,0,21,0,0,0,59,67,1,1,2,71.8,Low Risk
S06938,25,91,2,1,1,1,0,28,0,9,1,66,62,1,2,2,71.9,Low Risk
S06939,25,91,1,1,1,1,0,24,0,6,0,92,88,0,2,0,90.1,Low Risk
S06940,25,91,1,1,1,1,0,21,0,0,0,59,67,1,1,2,71.8,Low Risk
S06941,25,91,1,1,1,1,0,28,0,9,1,66,62,1,2,2,71.9,Low Risk
S06942,25,91,0,1,0,1,0,24,0,6,0,92,88,0,2,0,90.1,Low Risk
S06943,25,91,0,1,0,1,0,21,0,0,0,59,67,1,1,2,71.8,Low Risk
S06944,25,91,0,1,0,1,0,28,0,9,1,66,62,1,2,2,71.9,Low Risk
S06945,25,91,0,0,1,1,0,24,0,6,0,92,88,0,2,0,90.1,Low Risk
S06946,25,91,0,0,1,1,0,21,0,0,0,59,67,1,1,2,71.8,Low Risk
S06947,25,91,0,0,1,1,0,28,0,9,1,66,62,1,2,2,71.9,Low Risk
S06948,23,68,1,1,1,1,1,23,0,2,1,77,95,0,2,0,81.5,Medium Risk
S06949,23,68,0,1,1,0,1,23,0,2,1,77,95,0,2,0,81.5,Medium Risk
S06950,23,68,0,1,1,1,1,23,0,2,1,77,95,0,2,0,81.5,Medium Risk
S06951,23,68,1,1,1,1,1,23,0,2,1,77,95,0,2,0,81.5,Medium Risk
S06952,23,68,1,1,1,1,1,23,0,2,1,77,95,0,2,0,81.5,Medium Risk
S06953,23,68,1,1,0,1,1,23,0,2,1,77,95,0,2,0,81.5,Medium Risk
S06954,23,68,2,1,1,1,1,23,0,2,1,77,95,0,2,0,81.5,Medium Risk
S06955,29,88,2,0,0,1,0,24,1,20,1,59,54,1,2,3,65.69999999999999,Low Risk
S06956,25,76,0,1,0,1,1,29,2,17,1,73,90,0,2,0,80.7,Low Risk
S06957,25,76,1,1,1,1,1,29,2,17,1,73,90,0,2,0,80.7,Low Risk
S06958,25,76,2,0,2,1,1,29,2,17,1,73,90,0,2,0,80.7,Low Risk
S06959,25,76,1,1,1,1,1,29,2,17,1,73,90,0,2,0,80.7,Low Risk
S06960,25,76,2,1,0,0,1,29,2,17,1,73,90,0,2,0,80.7,Low Risk
S06961,25,76,2,0,1,1,1,29,2,17,1,73,90,0,2,0,80.7,Low Risk
S06962,8,72,1,1,1,1,0,29,1,6,0,72,85,1,2,0,77.19999999999999,Medium Risk
S06963,8,72,1,1,1,1,0,23,3,16,1,68,54,1,2,3,63.599999999999994,Medium Risk
S06964,8,72,1,1,1,1,0,28,0,12,1,60,43,1,2,3,56.8,Medium Risk
S06965,8,72,1,1,1,1,0,21,0,1,0,90,79,1,2,1,80.2,Medium Risk
S06966,8,72,1,1,1,1,0,25,0,0,1,81,98,0,0,0,85.1,Medium Risk
S06967,19,83,1,0,2,1,1,22,0,8,0,66,86,1,1,0,79.1,Low Risk
S06968,19,83,1,0,2,1,1,23,0,18,1,91,78,1,1,1,83.4,Low Risk
S06969,19,83,0,0,1,1,1,22,0,8,0,66,86,1,1,0,79.1,Low Risk
S06970,19,83,0,0,1,1,1,23,0,18,1,91,78,1,1,1,83.4,Low Risk
S06971,19,83,0,1,1,1,1,22,0,8,0,66,86,1,1,0,79.1,Low Risk
S06972,19,83,0,1,1,1,1,23,0,18,1,91,78,1,1,1,83.4,Low Risk
S06973,19,83,1,0,2,0,1,22,0,8,0,66,86,1,1,0,79.1,Low Risk
S06974,19,83,1,0,2,0,1,23,0,18,1,91,78,1,1,1,83.4,Low Risk
S06975,18,95,2,0,1,1,0,27,2,5,0,76,94,1,1,0,88.9,Low Risk
S06976,18,95,2,0,1,1,0,19,0,9,1,63,51,1,0,3,67.8,Low Risk
S06977,18,95,2,0,1,1,0,29,2,9,1,66,53,0,2,3,69.5,Low Risk
S06978,18,95,2,1,0,1,0,27,2,5,0,76,94,1,1,0,88.9,Low Risk
S06979,18,95,2,1,0,1,0,19,0,9,1,63,51,1,0,3,67.8,Low Risk
S06980,18,95,2,1,0,1,0,29,2,9,1,66,53,0,2,3,69.5,Low Risk
S06981,18,95,2,1,1,1,0,27,2,5,0,76,94,1,1,0,88.9,Low Risk
S06982,18,95,2,1,1,1,0,19,0,9,1,63,51,1,0,3,67.8,Low Risk
S06983,18,95,2,1,1,1,0,29,2,9,1,66,53,0,2,3,69.5,Low Risk
S06984,18,95,1,0,1,1,0,27,2,5,0,76,94,1,1,0,88.9,Low Risk
S06985,18,95,1,0,1,1,0,19,0,9,1,63,51,1,0,3,67.8,Low Risk
S06986,18,95,1,0,1,1,0,29,2,9,1,66,53,0,2,3,69.5,Low Risk
S06987,18,95,0,1,0,1,0,27,2,5,0,76,94,1,1,0,88.9,Low Risk
S06988,18,95,0,1,0,1,0,19,0,9,1,63,51,1,0,3,67.8,Low Risk
S06989,18,95,0,1,0,1,0,29,2,9,1,66,53,0,2,3,69.5,Low Risk
S06990,18,95,1,1,2,1,0,27,2,5,0,76,94,1,1,0,88.9,Low Risk
S06991,18,95,1,1,2,1,0,19,0,9,1,63,51,1,0,3,67.8,Low Risk
S06992,18,95,1,1,2,1,0,29,2,9,1,66,53,0,2,3,69.5,Low Risk
S06993,18,95,1,1,0,1,0,27,2,5,0,76,94,1,1,0,88.9,Low Risk
S06994,18,95,1,1,0,1,0,19,0,9,1,63,51,1,0,3,67.8,Low Risk
S06995,18,95,1,1,0,1,0,29,2,9,1,66,53,0,2,3,69.5,Low Risk
S06996,31,96,1,1,0,1,1,18,3,1,0,73,77,1,2,1,81.5,Low Risk
S06997,31,96,1,1,0,1,1,26,0,5,1,59,69,1,2,2,74.1,Low Risk
S06998,31,96,2,1,2,1,1,18,3,1,0,73,77,1,2,1,81.5,Low Risk
S06999,31,96,2,1,2,1,1,26,0,5,1,59,69,1,2,2,74.1,Low Risk
S07000,31,96,0,1,1,1,1,18,3,1,0,73,77,1,2,1,81.5,Low Risk
S07001,31,96,0,1,1,1,1,26,0,5,1,59,69,1,2,2,74.1,Low Risk
S07002,28,98,1,1,1,1,0,26,1,14,1,87,64,1,2,2,81.1,Low Risk
S07003,26,100,2,0,0,1,0,18,1,15,1,84,80,0,1,1,87.2,Low Risk
S07004,26,100,2,0,0,1,0,19,1,15,0,97,45,1,0,3,77.1,Medium Risk
S07005,26,100,2,1,2,1,0,18,1,15,1,84,80,0,1,1,87.2,Low Risk
S07006,26,100,2,1,2,1,0,19,1,15,0,97,45,1,0,3,77.1,Medium Risk
S07007,20,69,1,0,0,1,0,29,3,6,1,99,57,1,2,2,73.2,Medium Risk
S07008,20,69,1,0,0,1,0,20,1,2,1,65,41,1,2,3,56.60000000000001,Medium Risk
S07009,20,69,1,0,1,1,0,29,3,6,1,99,57,1,2,2,73.2,Medium Risk
S07010,20,69,1,0,1,1,0,20,1,2,1,65,41,1,2,3,56.60000000000001,Medium Risk
S07011,20,69,2,1,1,1,0,29,3,6,1,99,57,1,2,2,73.2,Medium Risk
S07012,20,69,2,1,1,1,0,20,1,2,1,65,41,1,2,3,56.60000000000001,Medium Risk
S07013,20,69,0,1,2,1,0,29,3,6,1,99,57,1,2,2,73.2,Medium Risk
S07014,20,69,0,1,2,1,0,20,1,2,1,65,41,1,2,3,56.60000000000001,Medium Risk
S07015,20,69,0,0,1,1,0,29,3,6,1,99,57,1,2,2,73.2,Medium Risk
S07016,20,69,0,0,1,1,0,20,1,2,1,65,41,1,2,3,56.60000000000001,Medium Risk
S07017,20,69,1,1,2,1,0,29,3,6,1,99,57,1,2,2,73.2,Medium Risk
S07018,20,69,1,1,2,1,0,20,1,2,1,65,41,1,2,3,56.60000000000001,Medium Risk
S07019,16,89,1,1,1,0,1,25,2,2,0,52,89,0,2,0,77.9,Low Risk
S07020,16,89,1,1,1,0,1,18,3,13,0,82,42,0,2,3,68.1,Medium Risk
S07021,16,89,1,1,1,0,1,21,2,16,1,83,69,1,1,2,79.2,Low Risk
S07022,16,89,1,0,1,1,1,25,2,2,0,52,89,0,2,0,77.9,Low Risk
S07023,16,89,1,0,1,1,1,18,3,13,0,82,42,0,2,3,68.1,Medium Risk
S07024,16,89,1,0,1,1,1,21,2,16,1,83,69,1,1,2,79.2,Low Risk
S07025,16,89,1,1,2,1,1,25,2,2,0,52,89,0,2,0,77.9,Low Risk
S07026,16,89,1,1,2,1,1,18,3,13,0,82,42,0,2,3,68.1,Medium Risk
S07027,16,89,1,1,2,1,1,21,2,16,1,83,69,1,1,2,79.2,Low Risk
S07028,16,89,1,0,1,1,1,25,2,2,0,52,89,0,2,0,77.9,Low Risk
S07029,16,89,1,0,1,1,1,18,3,13,0,82,42,0,2,3,68.1,Medium Risk
S07030,16,89,1,0,1,1,1,21,2,16,1,83,69,1,1,2,79.2,Low Risk
S07031,16,89,1,1,0,1,1,25,2,2,0,52,89,0,2,0,77.9,Low Risk
S07032,16,89,1,1,0,1,1,18,3,13,0,82,42,0,2,3,68.1,Medium Risk
S07033,16,89,1,1,0,1,1,21,2,16,1,83,69,1,1,2,79.2,Low Risk
S07034,22,60,1,0,0,1,1,22,1,14,1,69,88,0,2,0,73.9,Medium Risk
S07035,22,60,1,1,1,1,1,22,1,14,1,69,88,0,2,0,73.9,Medium Risk
S07036,22,60,1,0,1,1,1,22,1,14,1,69,88,0,2,0,73.9,Medium Risk
S07037,25,60,0,1,0,1,1,28,3,5,1,83,76,0,1,1,73.3,Medium Risk
S07038,25,60,0,0,0,1,1,28,3,5,1,83,76,0,1,1,73.3,Medium Risk
S07039,16,72,1,1,0,1,1,20,2,7,1,79,88,1,0,0,80.5,Medium Risk
S07040,16,72,1,1,0,1,1,19,3,1,1,82,73,1,0,1,75.39999999999999,Medium Risk
S07041,16,72,1,1,0,1,1,28,0,3,0,67,56,1,1,2,64.1,Medium Risk
S07042,16,72,1,1,0,1,1,23,2,0,1,85,52,1,2,3,67.89999999999999,Medium Risk
S07043,16,72,2,0,0,1,1,20,2,7,1,79,88,1,0,0,80.5,Medium Risk
S07044,16,72,2,0,0,1,1,19,3,1,1,82,73,1,0,1,75.39999999999999,Medium Risk
S07045,16,72,2,0,0,1,1,28,0,3,0,67,56,1,1,2,64.1,Medium Risk
S07046,16,72,2,0,0,1,1,23,2,0,1,85,52,1,2,3,67.89999999999999,Medium Risk
S07047,16,72,1,1,2,1,1,20,2,7,1,79,88,1,0,0,80.5,Medium Risk
S07048,16,72,1,1,2,1,1,19,3,1,1,82,73,1,0,1,75.39999999999999,Medium Risk
S07049,16,72,1,1,2,1,1,28,0,3,0,67,56,1,1,2,64.1,Medium Risk
S07050,16,72,1,1,2,1,1,23,2,0,1,85,52,1,2,3,67.89999999999999,Medium Risk
S07051,16,72,2,0,1,1,1,20,2,7,1,79,88,1,0,0,80.5,Medium Risk
S07052,16,72,2,0,1,1,1,19,3,1,1,82,73,1,0,1,75.39999999999999,Medium Risk
S07053,16,72,2,0,1,1,1,28,0,3,0,67,56,1,1,2,64.1,Medium Risk
S07054,16,72,2,0,1,1,1,23,2,0,1,85,52,1,2,3,67.89999999999999,Medium Risk
S07055,30,67,2,1,2,1,1,21,0,20,1,70,96,1,2,0,79.5,Medium Risk
S07056,30,67,2,1,2,1,1,18,0,2,0,75,87,1,1,0,77.4,Medium Risk
S07057,30,67,2,1,2,1,1,24,0,7,1,65,77,0,2,1,70.39999999999999,Medium Risk
S07058,30,67,2,1,2,1,1,23,3,2,1,50,75,1,1,1,65.1,Medium Risk
S07059,30,67,2,1,2,1,1,24,1,2,0,88,69,1,1,2,74.1,Medium Risk
S07060,30,67,1,0,2,1,1,21,0,20,1,70,96,1,2,0,79.5,Medium Risk
S07061,30,67,1,0,2,1,1,18,0,2,0,75,87,1,1,0,77.4,Medium Risk
S07062,30,67,1,0,2,1,1,24,0,7,1,65,77,0,2,1,70.39999999999999,Medium Risk
S07063,30,67,1,0,2,1,1,23,3,2,1,50,75,1,1,1,65.1,Medium Risk
S07064,30,67,1,0,2,1,1,24,1,2,0,88,69,1,1,2,74.1,Medium Risk
S07065,16,69,2,1,1,1,0,21,3,15,1,77,85,1,2,0,77.8,Medium Risk
S07066,16,69,2,1,1,1,0,21,3,15,1,77,85,1,2,0,77.8,Medium Risk
S07067,23,66,2,0,1,1,0,22,1,4,0,67,43,1,2,3,57.099999999999994,Medium Risk
S07068,23,66,2,0,1,1,0,28,0,7,0,67,58,1,2,2,63.099999999999994,Medium Risk
S07069,23,66,0,1,2,1,0,22,1,4,0,67,43,1,2,3,57.099999999999994,Medium Risk
S07070,23,66,0,1,2,1,0,28,0,7,0,67,58,1,2,2,63.099999999999994,Medium Risk
S07071,23,66,0,1,1,1,0,22,1,4,0,67,43,1,2,3,57.099999999999994,Medium Risk
S07072,23,66,0,1,1,1,0,28,0,7,0,67,58,1,2,2,63.099999999999994,Medium Risk
S07073,23,66,1,1,1,1,0,22,1,4,0,67,43,1,2,3,57.099999999999994,Medium Risk
S07074,23,66,1,1,1,1,0,28,0,7,0,67,58,1,2,2,63.099999999999994,Medium Risk
S07075,23,66,2,1,1,1,0,22,1,4,0,67,43,1,2,3,57.099999999999994,Medium Risk
S07076,23,66,2,1,1,1,0,28,0,7,0,67,58,1,2,2,63.099999999999994,Medium Risk
S07077,23,66,2,1,2,1,0,22,1,4,0,67,43,1,2,3,57.099999999999994,Medium Risk
S07078,23,66,2,1,2,1,0,28,0,7,0,67,58,1,2,2,63.099999999999994,Medium Risk
S07079,33,64,0,1,0,1,1,23,2,10,1,82,100,1,0,0,83.8,Medium Risk
S07080,33,64,1,1,1,1,1,23,2,10,1,82,100,1,0,0,83.8,Medium Risk
S07081,33,64,1,0,0,0,1,23,2,10,1,82,100,1,0,0,83.8,Medium Risk
S07082,30,79,1,0,1,1,0,25,2,4,1,64,69,1,1,2,70.5,Low Risk
S07083,30,79,1,0,1,1,0,19,0,6,1,65,84,1,2,1,76.8,Low Risk
S07084,30,79,1,0,1,1,0,25,2,4,1,64,69,1,1,2,70.5,Low Risk
S07085,30,79,1,0,1,1,0,19,0,6,1,65,84,1,2,1,76.8,Low Risk
S07086,30,79,2,0,1,1,0,25,2,4,1,64,69,1,1,2,70.5,Low Risk
S07087,30,79,2,0,1,1,0,19,0,6,1,65,84,1,2,1,76.8,Low Risk
S07088,30,79,2,0,1,0,0,25,2,4,1,64,69,1,1,2,70.5,Low Risk
S07089,30,79,2,0,1,0,0,19,0,6,1,65,84,1,2,1,76.8,Low Risk
S07090,23,63,0,1,0,1,1,28,3,5,0,96,44,1,1,3,65.3,Medium Risk
S07091,23,63,1,0,2,1,1,28,3,5,0,96,44,1,1,3,65.3,Medium Risk
S07092,23,63,1,1,2,1,1,28,3,5,0,96,44,1,1,3,65.3,Medium Risk
S07093,23,63,1,0,1,1,1,28,3,5,0,96,44,1,1,3,65.3,Medium Risk
S07094,23,63,1,1,1,1,1,28,3,5,0,96,44,1,1,3,65.3,Medium Risk
S07095,23,63,1,0,0,1,1,28,3,5,0,96,44,1,1,3,65.3,Medium Risk
S07096,24,81,2,1,1,1,1,19,3,11,1,58,83,1,0,1,74.9,Low Risk
S07097,24,81,2,1,1,1,1,25,3,17,0,64,62,1,0,2,68.3,Low Risk
S07098,24,81,2,1,1,1,1,28,2,18,0,98,55,1,2,2,75.7,Low Risk
S07099,24,81,1,1,0,1,1,19,3,11,1,58,83,1,0,1,74.9,Low Risk
S07100,24,81,1,1,0,1,1,25,3,17,0,64,62,1,0,2,68.3,Low Risk
S07101,24,81,1,1,0,1,1,28,2,18,0,98,55,1,2,2,75.7,Low Risk
S07102,24,81,1,1,1,0,1,19,3,11,1,58,83,1,0,1,74.9,Low Risk
S07103,24,81,1,1,1,0,1,25,3,17,0,64,62,1,0,2,68.3,Low Risk
S07104,24,81,1,1,1,0,1,28,2,18,0,98,55,1,2,2,75.7,Low Risk
S07105,24,81,0,1,1,1,1,19,3,11,1,58,83,1,0,1,74.9,Low Risk
S07106,24,81,0,1,1,1,1,25,3,17,0,64,62,1,0,2,68.3,Low Risk
S07107,24,81,0,1,1,1,1,28,2,18,0,98,55,1,2,2,75.7,Low Risk
S07108,24,81,1,0,1,1,1,19,3,11,1,58,83,1,0,1,74.9,Low Risk
S07109,24,81,1,0,1,1,1,25,3,17,0,64,62,1,0,2,68.3,Low Risk
S07110,24,81,1,0,1,1,1,28,2,18,0,98,55,1,2,2,75.7,Low Risk
S07111,24,81,2,1,2,1,1,19,3,11,1,58,83,1,0,1,74.9,Low Risk
S07112,24,81,2,1,2,1,1,25,3,17,0,64,62,1,0,2,68.3,Low Risk
S07113,24,81,2,1,2,1,1,28,2,18,0,98,55,1,2,2,75.7,Low Risk
S07114,24,81,1,1,1,1,1,19,3,11,1,58,83,1,0,1,74.9,Low Risk
S07115,24,81,1,1,1,1,1,25,3,17,0,64,62,1,0,2,68.3,Low Risk
S07116,24,81,1,1,1,1,1,28,2,18,0,98,55,1,2,2,75.7,Low Risk
S07117,24,81,1,1,2,1,1,19,3,11,1,58,83,1,0,1,74.9,Low Risk
S07118,24,81,1,1,2,1,1,25,3,17,0,64,62,1,0,2,68.3,Low Risk
S07119,24,81,1,1,2,1,1,28,2,18,0,98,55,1,2,2,75.7,Low Risk
S07120,24,81,1,1,2,1,1,19,3,11,1,58,83,1,0,1,74.9,Low Risk
S07121,24,81,1,1,2,1,1,25,3,17,0,64,62,1,0,2,68.3,Low Risk
S07122,24,81,1,1,2,1,1,28,2,18,0,98,55,1,2,2,75.7,Low Risk
S07123,18,97,1,0,0,1,0,29,3,18,0,72,73,1,2,1,79.89999999999999,Low Risk
S07124,18,97,1,0,0,1,0,25,3,1,1,75,53,0,2,3,72.8,Low Risk
S07125,18,97,2,0,0,1,0,29,3,18,0,72,73,1,2,1,79.89999999999999,Low Risk
S07126,18,97,2,0,0,1,0,25,3,1,1,75,53,0,2,3,72.8,Low Risk
S07127,18,97,2,1,1,1,0,29,3,18,0,72,73,1,2,1,79.89999999999999,Low Risk
S07128,18,97,2,1,1,1,0,25,3,1,1,75,53,0,2,3,72.8,Low Risk
S07129,18,97,0,0,1,1,0,29,3,18,0,72,73,1,2,1,79.89999999999999,Low Risk
S07130,18,97,0,0,1,1,0,25,3,1,1,75,53,0,2,3,72.8,Low Risk
S07131,10,82,1,0,0,1,1,28,1,6,0,57,69,0,1,2,69.3,Low Risk
S07132,10,82,1,0,0,1,1,28,3,5,0,66,76,1,2,1,74.8,Low Risk
S07133,29,91,2,1,1,0,0,27,3,6,0,66,75,1,2,1,77.1,Low Risk
S07134,29,91,1,0,0,1,0,27,3,6,0,66,75,1,2,1,77.1,Low Risk
S07135,13,71,2,0,0,1,1,22,1,8,0,56,96,1,2,0,76.5,Medium Risk
S07136,13,71,2,0,0,1,1,29,3,12,0,57,51,1,2,3,58.8,Medium Risk
S07137,13,71,1,1,1,1,1,22,1,8,0,56,96,1,2,0,76.5,Medium Risk
S07138,13,71,1,1,1,1,1,29,3,12,0,57,51,1,2,3,58.8,Medium Risk
S07139,13,71,1,0,1,1,1,22,1,8,0,56,96,1,2,0,76.5,Medium Risk
S07140,13,71,1,0,1,1,1,29,3,12,0,57,51,1,2,3,58.8,Medium Risk
S07141,13,71,0,0,0,1,1,22,1,8,0,56,96,1,2,0,76.5,Medium Risk
S07142,13,71,0,0,0,1,1,29,3,12,0,57,51,1,2,3,58.8,Medium Risk
S07143,26,93,1,0,1,1,1,28,3,10,0,98,90,1,1,0,93.30000000000001,Low Risk
S07144,26,93,1,0,1,1,1,18,1,9,1,79,94,1,0,0,89.19999999999999,Low Risk
S07145,26,93,2,1,1,1,1,28,3,10,0,98,90,1,1,0,93.30000000000001,Low Risk
S07146,26,93,2,1,1,1,1,18,1,9,1,79,94,1,0,0,89.19999999999999,Low Risk
S07147,26,93,1,0,1,1,1,28,3,10,0,98,90,1,1,0,93.30000000000001,Low Risk
S07148,26,93,1,0,1,1,1,18,1,9,1,79,94,1,0,0,89.19999999999999,Low Risk
S07149,26,93,1,0,1,1,1,28,3,10,0,98,90,1,1,0,93.30000000000001,Low Risk
S07150,26,93,1,0,1,1,1,18,1,9,1,79,94,1,0,0,89.19999999999999,Low Risk
S07151,30,93,2,1,1,1,0,22,2,8,1,73,99,0,0,0,89.4,Low Risk
S07152,25,72,2,1,1,1,1,21,1,18,0,73,57,1,1,2,66.3,Medium Risk
S07153,25,72,2,1,1,1,1,19,3,13,1,81,56,1,0,2,68.3,Medium Risk
S07154,25,72,0,1,0,1,1,21,1,18,0,73,57,1,1,2,66.3,Medium Risk
S07155,25,72,0,1,0,1,1,19,3,13,1,81,56,1,0,2,68.3,Medium Risk
S07156,25,72,1,1,0,1,1,21,1,18,0,73,57,1,1,2,66.3,Medium Risk
S07157,25,72,1,1,0,1,1,19,3,13,1,81,56,1,0,2,68.3,Medium Risk
S07158,25,72,1,0,0,1,1,21,1,18,0,73,57,1,1,2,66.3,Medium Risk
S07159,25,72,1,0,0,1,1,19,3,13,1,81,56,1,0,2,68.3,Medium Risk
S07160,25,72,1,1,0,1,1,21,1,18,0,73,57,1,1,2,66.3,Medium Risk
S07161,25,72,1,1,0,1,1,19,3,13,1,81,56,1,0,2,68.3,Medium Risk
S07162,25,72,1,1,2,1,1,21,1,18,0,73,57,1,1,2,66.3,Medium Risk
S07163,25,72,1,1,2,1,1,19,3,13,1,81,56,1,0,2,68.3,Medium Risk
S07164,25,72,0,1,2,1,1,21,1,18,0,73,57,1,1,2,66.3,Medium Risk
S07165,25,72,0,1,2,1,1,19,3,13,1,81,56,1,0,2,68.3,Medium Risk
S07166,11,69,1,0,1,1,1,19,0,5,1,76,97,0,2,0,82.30000000000001,Medium Risk
S07167,11,69,1,1,0,1,1,19,0,5,1,76,97,0,2,0,82.30000000000001,Medium Risk
S07168,11,69,1,1,0,1,1,19,0,5,1,76,97,0,2,0,82.30000000000001,Medium Risk
S07169,29,60,2,1,1,1,0,23,3,7,1,99,68,1,0,2,74.9,Medium Risk
S07170,29,60,2,1,1,1,0,21,2,17,0,55,42,1,2,3,51.3,Medium Risk
S07171,23,70,2,1,2,1,0,22,1,20,1,87,44,1,2,3,64.7,Medium Risk
S07172,23,70,2,1,2,1,0,28,3,5,0,72,90,1,2,0,78.6,Medium Risk
S07173,23,70,2,1,1,1,0,22,1,20,1,87,44,1,2,3,64.7,Medium Risk
S07174,23,70,2,1,1,1,0,28,3,5,0,72,90,1,2,0,78.6,Medium Risk
S07175,23,70,2,0,0,1,0,22,1,20,1,87,44,1,2,3,64.7,Medium Risk
S07176,23,70,2,0,0,1,0,28,3,5,0,72,90,1,2,0,78.6,Medium Risk
S07177,22,75,0,1,1,1,0,23,3,2,1,89,89,0,2,0,84.8,Low Risk
S07178,22,75,1,0,2,1,0,23,3,2,1,89,89,0,2,0,84.8,Low Risk
S07179,16,62,1,0,2,1,0,18,3,6,0,56,52,1,2,3,56.2,Medium Risk
S07180,16,62,1,0,2,1,0,21,1,5,1,63,56,1,2,2,59.89999999999999,Medium Risk
S07181,16,62,2,0,1,0,0,18,3,6,0,56,52,1,2,3,56.2,Medium Risk
S07182,16,62,2,0,1,0,0,21,1,5,1,63,56,1,2,2,59.89999999999999,Medium Risk
S07183,16,62,1,0,0,1,0,18,3,6,0,56,52,1,2,3,56.2,Medium Risk
S07184,16,62,1,0,0,1,0,21,1,5,1,63,56,1,2,2,59.89999999999999,Medium Risk
S07185,16,62,1,0,1,1,0,18,3,6,0,56,52,1,2,3,56.2,Medium Risk
S07186,16,62,1,0,1,1,0,21,1,5,1,63,56,1,2,2,59.89999999999999,Medium Risk
S07187,16,62,0,0,2,1,0,18,3,6,0,56,52,1,2,3,56.2,Medium Risk
S07188,16,62,0,0,2,1,0,21,1,5,1,63,56,1,2,2,59.89999999999999,Medium Risk
S07189,20,99,1,0,1,1,0,27,2,4,1,62,90,1,2,0,84.3,Low Risk
S07190,20,99,1,0,1,1,0,27,3,14,1,61,97,0,0,0,86.80000000000001,Low Risk
S07191,20,99,0,1,0,1,0,27,2,4,1,62,90,1,2,0,84.3,Low Risk
S07192,20,99,0,1,0,1,0,27,3,14,1,61,97,0,0,0,86.80000000000001,Low Risk
S07193,27,89,1,0,1,1,0,26,3,4,1,74,96,1,1,0,87.30000000000001,Low Risk
S07194,27,89,1,0,1,1,0,21,3,17,0,97,51,1,1,3,76.2,Low Risk
S07195,27,89,0,0,1,1,0,26,3,4,1,74,96,1,1,0,87.30000000000001,Low Risk
S07196,27,89,0,0,1,1,0,21,3,17,0,97,51,1,1,3,76.2,Low Risk
S07197,27,89,1,1,1,1,0,26,3,4,1,74,96,1,1,0,87.30000000000001,Low Risk
S07198,27,89,1,1,1,1,0,21,3,17,0,97,51,1,1,3,76.2,Low Risk
S07199,23,73,1,1,1,1,0,24,1,5,1,96,86,1,1,0,85.1,Medium Risk
S07200,23,73,1,1,1,1,0,21,0,6,0,96,82,0,2,1,83.5,Medium Risk
S07201,23,73,1,1,1,1,0,23,1,17,1,58,93,1,1,0,76.5,Medium Risk
S07202,23,73,1,1,1,1,0,27,0,0,1,92,65,0,2,2,75.5,Medium Risk
S07203,23,73,2,0,0,1,0,24,1,5,1,96,86,1,1,0,85.1,Medium Risk
S07204,23,73,2,0,0,1,0,21,0,6,0,96,82,0,2,1,83.5,Medium Risk
S07205,23,73,2,0,0,1,0,23,1,17,1,58,93,1,1,0,76.5,Medium Risk
S07206,23,73,2,0,0,1,0,27,0,0,1,92,65,0,2,2,75.5,Medium Risk
S07207,23,73,2,0,2,1,0,24,1,5,1,96,86,1,1,0,85.1,Medium Risk
S07208,23,73,2,0,2,1,0,21,0,6,0,96,82,0,2,1,83.5,Medium Risk
S07209,23,73,2,0,2,1,0,23,1,17,1,58,93,1,1,0,76.5,Medium Risk
S07210,23,73,2,0,2,1,0,27,0,0,1,92,65,0,2,2,75.5,Medium Risk
S07211,25,78,1,0,1,1,0,27,3,3,0,86,68,1,2,2,76.4,Low Risk
S07212,25,78,1,0,1,1,0,26,2,20,1,86,74,0,2,1,78.80000000000001,Low Risk
S07213,27,95,2,0,0,1,1,24,0,4,0,99,95,1,0,0,96.2,Low Risk
S07214,27,95,2,0,0,1,1,29,3,20,1,62,58,0,1,2,70.3,Low Risk
S07215,27,95,2,0,0,1,1,22,0,16,1,77,84,1,0,1,85.2,Low Risk
S07216,27,95,2,0,0,1,1,22,2,15,0,66,72,1,1,1,77.1,Low Risk
S07217,27,95,1,0,0,1,1,24,0,4,0,99,95,1,0,0,96.2,Low Risk
S07218,27,95,1,0,0,1,1,29,3,20,1,62,58,0,1,2,70.3,Low Risk
S07219,27,95,1,0,0,1,1,22,0,16,1,77,84,1,0,1,85.2,Low Risk
S07220,27,95,1,0,0,1,1,22,2,15,0,66,72,1,1,1,77.1,Low Risk
S07221,20,87,1,0,1,1,1,21,1,13,1,57,52,1,2,3,64.0,Low Risk
S07222,20,87,1,0,0,1,1,21,1,13,1,57,52,1,2,3,64.0,Low Risk
S07223,20,87,2,1,1,1,1,21,1,13,1,57,52,1,2,3,64.0,Low Risk
S07224,20,87,1,1,0,1,1,21,1,13,1,57,52,1,2,3,64.0,Low Risk
S07225,20,87,1,1,2,1,1,21,1,13,1,57,52,1,2,3,64.0,Low Risk
S07226,20,87,0,0,1,1,1,21,1,13,1,57,52,1,2,3,64.0,Low Risk
S07227,12,79,1,1,1,1,1,18,2,11,1,69,83,1,1,1,77.60000000000001,Low Risk
S07228,12,79,1,1,1,1,1,22,3,2,1,94,50,1,1,3,71.9,Low Risk
S07229,12,79,1,0,1,1,1,18,2,11,1,69,83,1,1,1,77.60000000000001,Low Risk
S07230,12,79,1,0,1,1,1,22,3,2,1,94,50,1,1,3,71.9,Low Risk
S07231,12,79,0,0,0,1,1,18,2,11,1,69,83,1,1,1,77.60000000000001,Low Risk
S07232,12,79,0,0,0,1,1,22,3,2,1,94,50,1,1,3,71.9,Low Risk
S07233,11,97,1,1,0,1,0,21,0,19,1,75,62,1,0,2,76.39999999999999,Low Risk
S07234,11,97,1,1,0,1,0,25,1,19,1,52,83,1,1,1,77.9,Low Risk
S07235,11,97,1,1,0,1,0,19,0,18,0,85,73,1,1,1,83.8,Low Risk
S07236,11,97,1,1,0,1,0,29,2,19,1,62,80,1,2,1,79.69999999999999,Low Risk
S07237,11,97,0,1,1,1,0,21,0,19,1,75,62,1,0,2,76.39999999999999,Low Risk
S07238,11,97,0,1,1,1,0,25,1,19,1,52,83,1,1,1,77.9,Low Risk
S07239,11,97,0,1,1,1,0,19,0,18,0,85,73,1,1,1,83.8,Low Risk
S07240,11,97,0,1,1,1,0,29,2,19,1,62,80,1,2,1,79.69999999999999,Low Risk
S07241,11,97,1,1,0,1,0,21,0,19,1,75,62,1,0,2,76.39999999999999,Low Risk
S07242,11,97,1,1,0,1,0,25,1,19,1,52,83,1,1,1,77.9,Low Risk
S07243,11,97,1,1,0,1,0,19,0,18,0,85,73,1,1,1,83.8,Low Risk
S07244,11,97,1,1,0,1,0,29,2,19,1,62,80,1,2,1,79.69999999999999,Low Risk
S07245,11,97,1,0,2,1,0,21,0,19,1,75,62,1,0,2,76.39999999999999,Low Risk
S07246,11,97,1,0,2,1,0,25,1,19,1,52,83,1,1,1,77.9,Low Risk
S07247,11,97,1,0,2,1,0,19,0,18,0,85,73,1,1,1,83.8,Low Risk
S07248,11,97,1,0,2,1,0,29,2,19,1,62,80,1,2,1,79.69999999999999,Low Risk
S07249,29,80,0,0,2,1,1,23,2,18,1,52,51,1,2,3,60.0,Low Risk
S07250,29,80,0,0,2,1,1,29,0,0,0,69,89,0,2,0,80.3,Low Risk
S07251,29,80,1,1,2,0,1,23,2,18,1,52,51,1,2,3,60.0,Low Risk
S07252,29,80,1,1,2,0,1,29,0,0,0,69,89,0,2,0,80.3,Low Risk
S07253,18,88,2,1,0,1,0,27,1,3,1,89,90,1,2,0,89.1,Low Risk
S07254,18,88,2,1,0,1,0,24,3,13,1,96,45,0,2,3,73.19999999999999,Medium Risk
S07255,18,88,1,0,0,1,0,27,1,3,1,89,90,1,2,0,89.1,Low Risk
S07256,18,88,1,0,0,1,0,24,3,13,1,96,45,0,2,3,73.19999999999999,Medium Risk
S07257,18,88,0,1,1,1,0,27,1,3,1,89,90,1,2,0,89.1,Low Risk
S07258,18,88,0,1,1,1,0,24,3,13,1,96,45,0,2,3,73.19999999999999,Medium Risk
S07259,18,88,1,0,1,1,0,27,1,3,1,89,90,1,2,0,89.1,Low Risk
S07260,18,88,1,0,1,1,0,24,3,13,1,96,45,0,2,3,73.19999999999999,Medium Risk
S07261,23,93,0,1,2,0,1,18,1,1,1,56,66,1,0,2,71.1,Low Risk
S07262,23,93,0,0,1,1,1,18,1,1,1,56,66,1,0,2,71.1,Low Risk
S07263,23,93,0,1,0,1,1,18,1,1,1,56,66,1,0,2,71.1,Low Risk
S07264,23,93,2,0,2,1,1,18,1,1,1,56,66,1,0,2,71.1,Low Risk
S07265,23,93,1,1,0,0,1,18,1,1,1,56,66,1,0,2,71.1,Low Risk
S07266,26,99,2,1,2,1,0,24,2,13,0,65,68,1,2,2,76.4,Low Risk
S07267,26,99,2,1,2,1,0,29,0,1,1,93,77,1,1,1,88.4,Low Risk
S07268,21,95,0,1,1,1,0,25,1,20,0,53,90,1,1,0,80.4,Low Risk
S07269,21,95,0,1,1,1,0,21,2,13,0,60,88,0,0,0,81.7,Low Risk
S07270,21,95,1,1,1,1,0,25,1,20,0,53,90,1,1,0,80.4,Low Risk
S07271,21,95,1,1,1,1,0,21,2,13,0,60,88,0,0,0,81.7,Low Risk
S07272,18,71,0,0,1,1,0,25,3,13,0,83,56,0,2,2,68.6,Medium Risk
S07273,18,71,0,0,1,1,0,20,0,14,0,67,54,1,2,3,63.0,Medium Risk
S07274,18,71,1,0,2,1,0,25,3,13,0,83,56,0,2,2,68.6,Medium Risk
S07275,18,71,1,0,2,1,0,20,0,14,0,67,54,1,2,3,63.0,Medium Risk
S07276,18,71,1,1,0,1,0,25,3,13,0,83,56,0,2,2,68.6,Medium Risk
S07277,18,71,1,1,0,1,0,20,0,14,0,67,54,1,2,3,63.0,Medium Risk
S07278,18,71,1,0,1,1,0,25,3,13,0,83,56,0,2,2,68.6,Medium Risk
S07279,18,71,1,0,1,1,0,20,0,14,0,67,54,1,2,3,63.0,Medium Risk
S07280,18,71,2,1,1,1,0,25,3,13,0,83,56,0,2,2,68.6,Medium Risk
S07281,18,71,2,1,1,1,0,20,0,14,0,67,54,1,2,3,63.0,Medium Risk
S07282,18,71,0,1,1,1,0,25,3,13,0,83,56,0,2,2,68.6,Medium Risk
S07283,18,71,0,1,1,1,0,20,0,14,0,67,54,1,2,3,63.0,Medium Risk
S07284,20,64,2,0,1,1,0,27,2,20,0,82,45,0,0,3,61.8,Medium Risk
S07285,20,64,1,1,1,1,0,27,2,20,0,82,45,0,0,3,61.8,Medium Risk
S07286,20,64,2,0,2,0,0,27,2,20,0,82,45,0,0,3,61.8,Medium Risk
S07287,20,64,1,0,1,1,0,27,2,20,0,82,45,0,0,3,61.8,Medium Risk
S07288,20,64,1,1,1,1,0,27,2,20,0,82,45,0,0,3,61.8,Medium Risk
S07289,20,64,0,1,2,1,0,27,2,20,0,82,45,0,0,3,61.8,Medium Risk
S07290,24,85,1,1,1,1,0,20,1,8,1,95,47,1,1,3,72.8,Medium Risk
S07291,24,85,1,1,1,1,0,23,0,5,1,100,64,1,1,2,81.1,Low Risk
S07292,24,85,1,1,1,0,0,20,1,8,1,95,47,1,1,3,72.8,Medium Risk
S07293,24,85,1,1,1,0,0,23,0,5,1,100,64,1,1,2,81.1,Low Risk
S07294,24,85,1,1,2,1,0,20,1,8,1,95,47,1,1,3,72.8,Medium Risk
S07295,24,85,1,1,2,1,0,23,0,5,1,100,64,1,1,2,81.1,Low Risk
S07296,24,85,1,1,0,1,0,20,1,8,1,95,47,1,1,3,72.8,Medium Risk
S07297,24,85,1,1,0,1,0,23,0,5,1,100,64,1,1,2,81.1,Low Risk
S07298,24,85,2,0,1,1,0,20,1,8,1,95,47,1,1,3,72.8,Medium Risk
S07299,24,85,2,0,1,1,0,23,0,5,1,100,64,1,1,2,81.1,Low Risk
S07300,20,85,2,0,1,1,0,19,1,0,1,89,95,0,2,0,90.2,Low Risk
S07301,20,85,2,0,1,1,0,20,1,11,1,84,42,1,0,3,67.5,Medium Risk
S07302,8,67,1,1,0,1,0,29,1,19,1,68,55,0,2,2,62.5,Medium Risk
S07303,8,67,1,1,0,1,0,29,1,19,1,72,44,1,0,3,59.3,Medium Risk
S07304,25,64,0,1,0,1,0,21,1,9,1,87,46,1,0,3,63.7,Medium Risk
S07305,25,64,0,1,0,1,0,18,1,3,1,94,84,1,1,1,81.0,Medium Risk
S07306,25,64,0,1,0,1,0,18,2,12,0,85,63,1,0,2,69.9,Medium Risk
S07307,25,64,0,1,0,1,0,26,3,1,0,98,88,1,2,0,83.8,Medium Risk
S07308,25,64,0,1,0,1,0,23,2,4,1,58,55,1,1,2,58.599999999999994,Medium Risk
S07309,25,64,0,1,0,1,0,28,3,18,0,60,99,1,2,0,76.8,Medium Risk
S07310,25,64,0,1,0,1,0,21,2,8,1,71,40,0,1,3,56.5,Medium Risk
S07311,33,74,1,0,1,1,0,20,2,15,1,87,52,1,2,3,69.1,Medium Risk
S07312,24,80,1,0,1,1,1,24,3,16,1,98,50,1,2,3,73.4,Low Risk
S07313,24,80,1,0,1,1,1,22,1,20,0,51,43,1,1,3,56.5,Medium Risk
S07314,24,80,1,0,1,1,1,27,1,1,1,96,59,0,2,2,76.4,Low Risk
S07315,24,80,1,0,1,1,1,28,1,16,0,71,96,1,2,0,83.7,Low Risk
S07316,24,80,1,0,1,1,1,28,1,15,0,88,84,0,2,1,84.0,Low Risk
S07317,24,80,2,1,2,1,1,24,3,16,1,98,50,1,2,3,73.4,Low Risk
S07318,24,80,2,1,2,1,1,22,1,20,0,51,43,1,1,3,56.5,Medium Risk
S07319,24,80,2,1,2,1,1,27,1,1,1,96,59,0,2,2,76.4,Low Risk
S07320,24,80,2,1,2,1,1,28,1,16,0,71,96,1,2,0,83.7,Low Risk
S07321,24,80,2,1,2,1,1,28,1,15,0,88,84,0,2,1,84.0,Low Risk
S07322,24,80,1,1,0,1,1,24,3,16,1,98,50,1,2,3,73.4,Low Risk
S07323,24,80,1,1,0,1,1,22,1,20,0,51,43,1,1,3,56.5,Medium Risk
S07324,24,80,1,1,0,1,1,27,1,1,1,96,59,0,2,2,76.4,Low Risk
S07325,24,80,1,1,0,1,1,28,1,16,0,71,96,1,2,0,83.7,Low Risk
S07326,24,80,1,1,0,1,1,28,1,15,0,88,84,0,2,1,84.0,Low Risk
S07327,24,80,2,0,1,1,1,24,3,16,1,98,50,1,2,3,73.4,Low Risk
S07328,24,80,2,0,1,1,1,22,1,20,0,51,43,1,1,3,56.5,Medium Risk
S07329,24,80,2,0,1,1,1,27,1,1,1,96,59,0,2,2,76.4,Low Risk
S07330,24,80,2,0,1,1,1,28,1,16,0,71,96,1,2,0,83.7,Low Risk
S07331,24,80,2,0,1,1,1,28,1,15,0,88,84,0,2,1,84.0,Low Risk
S07332,24,80,2,0,2,1,1,24,3,16,1,98,50,1,2,3,73.4,Low Risk
S07333,24,80,2,0,2,1,1,22,1,20,0,51,43,1,1,3,56.5,Medium Risk
S07334,24,80,2,0,2,1,1,27,1,1,1,96,59,0,2,2,76.4,Low Risk
S07335,24,80,2,0,2,1,1,28,1,16,0,71,96,1,2,0,83.7,Low Risk
S07336,24,80,2,0,2,1,1,28,1,15,0,88,84,0,2,1,84.0,Low Risk
S07337,24,80,1,0,0,1,1,24,3,16,1,98,50,1,2,3,73.4,Low Risk
S07338,24,80,1,0,0,1,1,22,1,20,0,51,43,1,1,3,56.5,Medium Risk
S07339,24,80,1,0,0,1,1,27,1,1,1,96,59,0,2,2,76.4,Low Risk
S07340,24,80,1,0,0,1,1,28,1,16,0,71,96,1,2,0,83.7,Low Risk
S07341,24,80,1,0,0,1,1,28,1,15,0,88,84,0,2,1,84.0,Low Risk
S07342,24,80,2,1,1,1,1,24,3,16,1,98,50,1,2,3,73.4,Low Risk
S07343,24,80,2,1,1,1,1,22,1,20,0,51,43,1,1,3,56.5,Medium Risk
S07344,24,80,2,1,1,1,1,27,1,1,1,96,59,0,2,2,76.4,Low Risk
S07345,24,80,2,1,1,1,1,28,1,16,0,71,96,1,2,0,83.7,Low Risk
S07346,24,80,2,1,1,1,1,28,1,15,0,88,84,0,2,1,84.0,Low Risk
S07347,14,77,2,0,1,1,0,21,1,5,0,68,92,1,0,0,80.3,Low Risk
S07348,14,77,2,0,1,1,0,20,1,13,1,77,97,1,2,0,85.0,Low Risk
S07349,14,77,2,0,1,1,0,18,2,20,1,67,69,1,2,2,70.8,Low Risk
S07350,14,77,0,0,0,1,0,21,1,5,0,68,92,1,0,0,80.3,Low Risk
S07351,14,77,0,0,0,1,0,20,1,13,1,77,97,1,2,0,85.0,Low Risk
S07352,14,77,0,0,0,1,0,18,2,20,1,67,69,1,2,2,70.8,Low Risk
S07353,14,77,1,1,0,1,0,21,1,5,0,68,92,1,0,0,80.3,Low Risk
S07354,14,77,1,1,0,1,0,20,1,13,1,77,97,1,2,0,85.0,Low Risk
S07355,14,77,1,1,0,1,0,18,2,20,1,67,69,1,2,2,70.8,Low Risk
S07356,16,98,0,1,1,1,1,23,0,1,1,79,59,1,2,2,76.69999999999999,Low Risk
S07357,16,98,0,1,1,1,1,28,0,11,0,63,43,1,2,3,65.5,Medium Risk
S07358,16,98,0,1,1,1,1,18,3,19,0,73,80,0,1,1,83.3,Low Risk
S07359,16,98,0,1,1,1,1,24,0,16,0,65,67,0,1,2,75.69999999999999,Low Risk
S07360,16,98,0,1,1,1,1,27,0,0,1,84,99,1,2,0,94.19999999999999,Low Risk
S07361,16,98,0,0,0,1,1,23,0,1,1,79,59,1,2,2,76.69999999999999,Low Risk
S07362,16,98,0,0,0,1,1,28,0,11,0,63,43,1,2,3,65.5,Medium Risk
S07363,16,98,0,0,0,1,1,18,3,19,0,73,80,0,1,1,83.3,Low Risk
S07364,16,98,0,0,0,1,1,24,0,16,0,65,67,0,1,2,75.69999999999999,Low Risk
S07365,16,98,0,0,0,1,1,27,0,0,1,84,99,1,2,0,94.19999999999999,Low Risk
S07366,16,98,1,1,0,1,1,23,0,1,1,79,59,1,2,2,76.69999999999999,Low Risk
S07367,16,98,1,1,0,1,1,28,0,11,0,63,43,1,2,3,65.5,Medium Risk
S07368,16,98,1,1,0,1,1,18,3,19,0,73,80,0,1,1,83.3,Low Risk
S07369,16,98,1,1,0,1,1,24,0,16,0,65,67,0,1,2,75.69999999999999,Low Risk
S07370,16,98,1,1,0,1,1,27,0,0,1,84,99,1,2,0,94.19999999999999,Low Risk
S07371,31,69,1,0,1,0,1,29,1,3,0,55,85,1,1,0,71.2,Medium Risk
S07372,31,69,1,0,1,0,1,20,1,20,0,98,64,1,2,2,75.7,Medium Risk
S07373,31,69,0,1,1,1,1,29,1,3,0,55,85,1,1,0,71.2,Medium Risk
S07374,31,69,0,1,1,1,1,20,1,20,0,98,64,1,2,2,75.7,Medium Risk
S07375,31,69,0,1,0,1,1,29,1,3,0,55,85,1,1,0,71.2,Medium Risk
S07376,31,69,0,1,0,1,1,20,1,20,0,98,64,1,2,2,75.7,Medium Risk
S07377,19,81,2,0,0,0,0,18,1,16,0,85,57,1,0,2,72.6,Low Risk
S07378,19,81,2,0,0,0,0,20,2,2,1,76,74,1,2,1,76.7,Low Risk
S07379,19,81,1,0,1,1,0,18,1,16,0,85,57,1,0,2,72.6,Low Risk
S07380,19,81,1,0,1,1,0,20,2,2,1,76,74,1,2,1,76.7,Low Risk
S07381,19,81,2,1,1,0,0,18,1,16,0,85,57,1,0,2,72.6,Low Risk
S07382,19,81,2,1,1,0,0,20,2,2,1,76,74,1,2,1,76.7,Low Risk
S07383,19,81,2,0,1,1,0,18,1,16,0,85,57,1,0,2,72.6,Low Risk
S07384,19,81,2,0,1,1,0,20,2,2,1,76,74,1,2,1,76.7,Low Risk
S07385,21,89,1,1,0,1,1,29,0,4,0,86,40,1,1,3,68.5,Medium Risk
S07386,21,89,0,1,1,1,1,29,0,4,0,86,40,1,1,3,68.5,Medium Risk
S07387,21,89,2,1,1,1,1,29,0,4,0,86,40,1,1,3,68.5,Medium Risk
S07388,21,89,1,0,1,1,1,29,0,4,0,86,40,1,1,3,68.5,Medium Risk
S07389,21,89,1,0,0,1,1,29,0,4,0,86,40,1,1,3,68.5,Medium Risk
S07390,23,97,0,1,1,1,1,23,0,11,0,86,77,1,2,1,85.7,Low Risk
S07391,23,97,0,1,1,1,1,29,1,17,0,55,76,1,1,1,76.0,Low Risk
S07392,23,97,0,1,1,1,1,20,2,9,0,60,99,1,0,0,86.7,Low Risk
S07393,23,97,2,1,0,1,1,23,0,11,0,86,77,1,2,1,85.7,Low Risk
S07394,23,97,2,1,0,1,1,29,1,17,0,55,76,1,1,1,76.0,Low Risk
S07395,23,97,2,1,0,1,1,20,2,9,0,60,99,1,0,0,86.7,Low Risk
S07396,23,97,2,0,1,0,1,23,0,11,0,86,77,1,2,1,85.7,Low Risk
S07397,23,97,2,0,1,0,1,29,1,17,0,55,76,1,1,1,76.0,Low Risk
S07398,23,97,2,0,1,0,1,20,2,9,0,60,99,1,0,0,86.7,Low Risk
S07399,23,97,1,1,1,1,1,23,0,11,0,86,77,1,2,1,85.7,Low Risk
S07400,23,97,1,1,1,1,1,29,1,17,0,55,76,1,1,1,76.0,Low Risk
S07401,23,97,1,1,1,1,1,20,2,9,0,60,99,1,0,0,86.7,Low Risk
S07402,23,97,2,1,0,0,1,23,0,11,0,86,77,1,2,1,85.7,Low Risk
S07403,23,97,2,1,0,0,1,29,1,17,0,55,76,1,1,1,76.0,Low Risk
S07404,23,97,2,1,0,0,1,20,2,9,0,60,99,1,0,0,86.7,Low Risk
S07405,23,97,0,1,2,1,1,23,0,11,0,86,77,1,2,1,85.7,Low Risk
S07406,23,97,0,1,2,1,1,29,1,17,0,55,76,1,1,1,76.0,Low Risk
S07407,23,97,0,1,2,1,1,20,2,9,0,60,99,1,0,0,86.7,Low Risk
S07408,23,97,2,1,0,1,1,23,0,11,0,86,77,1,2,1,85.7,Low Risk
S07409,23,97,2,1,0,1,1,29,1,17,0,55,76,1,1,1,76.0,Low Risk
S07410,23,97,2,1,0,1,1,20,2,9,0,60,99,1,0,0,86.7,Low Risk
S07411,23,97,2,1,1,1,1,23,0,11,0,86,77,1,2,1,85.7,Low Risk
S07412,23,97,2,1,1,1,1,29,1,17,0,55,76,1,1,1,76.0,Low Risk
S07413,23,97,2,1,1,1,1,20,2,9,0,60,99,1,0,0,86.7,Low Risk
S07414,21,75,1,1,0,1,1,18,1,12,1,100,55,0,2,2,74.5,Low Risk
S07415,21,75,1,1,0,1,1,25,1,2,1,56,56,1,2,2,61.7,Low Risk
S07416,21,75,1,1,0,1,1,25,2,12,1,86,56,0,2,2,70.7,Low Risk
S07417,21,75,1,1,0,1,1,20,1,10,0,69,49,0,1,3,62.8,Medium Risk
S07418,21,75,1,1,0,1,1,19,3,9,1,50,90,1,1,0,73.5,Low Risk
S07419,21,75,2,1,1,1,1,18,1,12,1,100,55,0,2,2,74.5,Low Risk
S07420,21,75,2,1,1,1,1,25,1,2,1,56,56,1,2,2,61.7,Low Risk
S07421,21,75,2,1,1,1,1,25,2,12,1,86,56,0,2,2,70.7,Low Risk
S07422,21,75,2,1,1,1,1,20,1,10,0,69,49,0,1,3,62.8,Medium Risk
S07423,21,75,2,1,1,1,1,19,3,9,1,50,90,1,1,0,73.5,Low Risk
S07424,21,75,0,1,2,1,1,18,1,12,1,100,55,0,2,2,74.5,Low Risk
S07425,21,75,0,1,2,1,1,25,1,2,1,56,56,1,2,2,61.7,Low Risk
S07426,21,75,0,1,2,1,1,25,2,12,1,86,56,0,2,2,70.7,Low Risk
S07427,21,75,0,1,2,1,1,20,1,10,0,69,49,0,1,3,62.8,Medium Risk
S07428,21,75,0,1,2,1,1,19,3,9,1,50,90,1,1,0,73.5,Low Risk
S07429,21,75,1,1,1,1,1,18,1,12,1,100,55,0,2,2,74.5,Low Risk
S07430,21,75,1,1,1,1,1,25,1,2,1,56,56,1,2,2,61.7,Low Risk
S07431,21,75,1,1,1,1,1,25,2,12,1,86,56,0,2,2,70.7,Low Risk
S07432,21,75,1,1,1,1,1,20,1,10,0,69,49,0,1,3,62.8,Medium Risk
S07433,21,75,1,1,1,1,1,19,3,9,1,50,90,1,1,0,73.5,Low Risk
S07434,21,75,0,1,1,1,1,18,1,12,1,100,55,0,2,2,74.5,Low Risk
S07435,21,75,0,1,1,1,1,25,1,2,1,56,56,1,2,2,61.7,Low Risk
S07436,21,75,0,1,1,1,1,25,2,12,1,86,56,0,2,2,70.7,Low Risk
S07437,21,75,0,1,1,1,1,20,1,10,0,69,49,0,1,3,62.8,Medium Risk
S07438,21,75,0,1,1,1,1,19,3,9,1,50,90,1,1,0,73.5,Low Risk
S07439,34,64,1,0,2,1,0,26,3,2,0,85,74,1,1,1,74.3,Medium Risk
S07440,21,72,2,0,0,0,0,25,2,13,1,94,61,1,1,2,74.2,Medium Risk
S07441,21,72,2,0,0,0,0,23,2,3,0,84,89,0,2,0,82.39999999999999,Medium Risk
S07442,21,72,2,1,0,1,0,25,2,13,1,94,61,1,1,2,74.2,Medium Risk
S07443,21,72,2,1,0,1,0,23,2,3,0,84,89,0,2,0,82.39999999999999,Medium Risk
S07444,21,72,0,1,0,1,0,25,2,13,1,94,61,1,1,2,74.2,Medium Risk
S07445,21,72,0,1,0,1,0,23,2,3,0,84,89,0,2,0,82.39999999999999,Medium Risk
S07446,26,66,1,0,1,1,0,27,3,8,1,66,47,1,2,3,58.400000000000006,Medium Risk
S07447,26,66,1,0,1,1,0,24,3,14,0,57,88,1,1,0,72.1,Medium Risk
S07448,26,66,1,0,1,1,0,22,3,0,0,90,83,0,0,1,80.0,Medium Risk
S07449,26,66,1,1,2,1,0,27,3,8,1,66,47,1,2,3,58.400000000000006,Medium Risk
S07450,26,66,1,1,2,1,0,24,3,14,0,57,88,1,1,0,72.1,Medium Risk
S07451,26,66,1,1,2,1,0,22,3,0,0,90,83,0,0,1,80.0,Medium Risk
S07452,26,66,2,0,2,1,0,27,3,8,1,66,47,1,2,3,58.400000000000006,Medium Risk
S07453,26,66,2,0,2,1,0,24,3,14,0,57,88,1,1,0,72.1,Medium Risk
S07454,26,66,2,0,2,1,0,22,3,0,0,90,83,0,0,1,80.0,Medium Risk
S07455,26,66,2,1,1,1,0,27,3,8,1,66,47,1,2,3,58.400000000000006,Medium Risk
S07456,26,66,2,1,1,1,0,24,3,14,0,57,88,1,1,0,72.1,Medium Risk
S07457,26,66,2,1,1,1,0,22,3,0,0,90,83,0,0,1,80.0,Medium Risk
S07458,27,82,2,0,0,1,1,26,1,16,0,55,88,1,2,0,76.3,Low Risk
S07459,27,82,2,0,0,1,1,27,1,11,1,69,44,0,1,3,62.89999999999999,Medium Risk
S07460,27,82,2,0,0,1,1,27,3,17,1,73,47,1,1,3,65.3,Medium Risk
S07461,27,82,2,0,0,1,1,19,3,1,0,62,56,0,1,2,65.6,Low Risk
S07462,27,82,1,1,0,1,1,26,1,16,0,55,88,1,2,0,76.3,Low Risk
S07463,27,82,1,1,0,1,1,27,1,11,1,69,44,0,1,3,62.89999999999999,Medium Risk
S07464,27,82,1,1,0,1,1,27,3,17,1,73,47,1,1,3,65.3,Medium Risk
S07465,27,82,1,1,0,1,1,19,3,1,0,62,56,0,1,2,65.6,Low Risk
S07466,27,82,1,1,0,0,1,26,1,16,0,55,88,1,2,0,76.3,Low Risk
S07467,27,82,1,1,0,0,1,27,1,11,1,69,44,0,1,3,62.89999999999999,Medium Risk
S07468,27,82,1,1,0,0,1,27,3,17,1,73,47,1,1,3,65.3,Medium Risk
S07469,27,82,1,1,0,0,1,19,3,1,0,62,56,0,1,2,65.6,Low Risk
S07470,27,82,1,0,2,1,1,26,1,16,0,55,88,1,2,0,76.3,Low Risk
S07471,27,82,1,0,2,1,1,27,1,11,1,69,44,0,1,3,62.89999999999999,Medium Risk
S07472,27,82,1,0,2,1,1,27,3,17,1,73,47,1,1,3,65.3,Medium Risk
S07473,27,82,1,0,2,1,1,19,3,1,0,62,56,0,1,2,65.6,Low Risk
S07474,27,82,0,1,1,1,1,26,1,16,0,55,88,1,2,0,76.3,Low Risk
S07475,27,82,0,1,1,1,1,27,1,11,1,69,44,0,1,3,62.89999999999999,Medium Risk
S07476,27,82,0,1,1,1,1,27,3,17,1,73,47,1,1,3,65.3,Medium Risk
S07477,27,82,0,1,1,1,1,19,3,1,0,62,56,0,1,2,65.6,Low Risk
S07478,27,81,1,0,1,1,1,21,3,17,1,95,99,0,1,0,92.39999999999999,Low Risk
S07479,27,81,1,0,1,1,1,18,2,5,1,59,98,1,0,0,81.2,Low Risk
S07480,27,81,1,0,1,1,1,25,2,7,0,89,94,1,0,0,88.6,Low Risk
S07481,27,81,0,1,1,1,1,21,3,17,1,95,99,0,1,0,92.39999999999999,Low Risk
S07482,27,81,0,1,1,1,1,18,2,5,1,59,98,1,0,0,81.2,Low Risk
S07483,27,81,0,1,1,1,1,25,2,7,0,89,94,1,0,0,88.6,Low Risk
S07484,27,81,2,0,0,1,1,21,3,17,1,95,99,0,1,0,92.39999999999999,Low Risk
S07485,27,81,2,0,0,1,1,18,2,5,1,59,98,1,0,0,81.2,Low Risk
S07486,27,81,2,0,0,1,1,25,2,7,0,89,94,1,0,0,88.6,Low Risk
S07487,13,88,0,1,0,1,0,25,2,20,1,95,82,1,0,1,87.7,Low Risk
S07488,13,88,1,0,0,1,0,25,2,20,1,95,82,1,0,1,87.7,Low Risk
S07489,13,88,1,1,1,1,0,25,2,20,1,95,82,1,0,1,87.7,Low Risk
S07490,13,88,1,1,2,1,0,25,2,20,1,95,82,1,0,1,87.7,Low Risk
S07491,30,85,1,1,0,1,0,18,1,2,1,76,83,1,0,1,81.5,Low Risk
S07492,30,85,1,1,0,1,0,29,1,16,1,57,72,0,2,1,71.4,Low Risk
S07493,30,85,1,1,0,1,0,28,3,1,1,72,73,0,0,1,76.3,Low Risk
S07494,30,85,1,1,0,1,0,28,1,10,1,99,92,1,2,0,92.0,Low Risk
S07495,30,85,1,1,0,1,0,19,2,7,1,53,52,0,2,3,62.2,Low Risk
S07496,30,85,0,1,2,1,0,18,1,2,1,76,83,1,0,1,81.5,Low Risk
S07497,30,85,0,1,2,1,0,29,1,16,1,57,72,0,2,1,71.4,Low Risk
S07498,30,85,0,1,2,1,0,28,3,1,1,72,73,0,0,1,76.3,Low Risk
S07499,30,85,0,1,2,1,0,28,1,10,1,99,92,1,2,0,92.0,Low Risk
S07500,30,85,0,1,2,1,0,19,2,7,1,53,52,0,2,3,62.2,Low Risk
S07501,30,85,1,0,1,1,0,18,1,2,1,76,83,1,0,1,81.5,Low Risk
S07502,30,85,1,0,1,1,0,29,1,16,1,57,72,0,2,1,71.4,Low Risk
S07503,30,85,1,0,1,1,0,28,3,1,1,72,73,0,0,1,76.3,Low Risk
S07504,30,85,1,0,1,1,0,28,1,10,1,99,92,1,2,0,92.0,Low Risk
S07505,30,85,1,0,1,1,0,19,2,7,1,53,52,0,2,3,62.2,Low Risk
S07506,30,85,1,0,0,1,0,18,1,2,1,76,83,1,0,1,81.5,Low Risk
S07507,30,85,1,0,0,1,0,29,1,16,1,57,72,0,2,1,71.4,Low Risk
S07508,30,85,1,0,0,1,0,28,3,1,1,72,73,0,0,1,76.3,Low Risk
S07509,30,85,1,0,0,1,0,28,1,10,1,99,92,1,2,0,92.0,Low Risk
S07510,30,85,1,0,0,1,0,19,2,7,1,53,52,0,2,3,62.2,Low Risk
S07511,13,68,1,1,1,1,1,19,2,10,0,78,60,1,2,2,67.8,Medium Risk
S07512,13,68,1,1,1,1,1,25,0,9,0,88,54,1,1,3,68.4,Medium Risk
S07513,13,68,1,1,1,1,1,27,3,17,0,93,90,1,2,0,84.3,Medium Risk
S07514,13,68,0,1,1,1,1,19,2,10,0,78,60,1,2,2,67.8,Medium Risk
S07515,13,68,0,1,1,1,1,25,0,9,0,88,54,1,1,3,68.4,Medium Risk
S07516,13,68,0,1,1,1,1,27,3,17,0,93,90,1,2,0,84.3,Medium Risk
S07517,13,68,1,1,1,1,1,19,2,10,0,78,60,1,2,2,67.8,Medium Risk
S07518,13,68,1,1,1,1,1,25,0,9,0,88,54,1,1,3,68.4,Medium Risk
S07519,13,68,1,1,1,1,1,27,3,17,0,93,90,1,2,0,84.3,Medium Risk
S07520,30,98,0,1,2,1,1,21,2,10,1,60,44,1,2,3,65.0,Medium Risk
S07521,30,98,0,1,1,1,1,21,2,10,1,60,44,1,2,3,65.0,Medium Risk
S07522,30,98,2,0,2,1,1,21,2,10,1,60,44,1,2,3,65.0,Medium Risk
S07523,30,98,1,0,2,1,1,21,2,10,1,60,44,1,2,3,65.0,Medium Risk
S07524,30,98,1,1,1,1,1,21,2,10,1,60,44,1,2,3,65.0,Medium Risk
S07525,23,87,2,0,1,1,0,22,2,13,1,62,66,1,1,2,71.1,Low Risk
S07526,23,87,2,0,1,1,0,22,2,1,1,81,53,1,2,3,71.6,Low Risk
S07527,23,87,0,0,0,1,0,22,2,13,1,62,66,1,1,2,71.1,Low Risk
S07528,23,87,0,0,0,1,0,22,2,1,1,81,53,1,2,3,71.6,Low Risk
S07529,23,87,2,0,2,1,0,22,2,13,1,62,66,1,1,2,71.1,Low Risk
S07530,23,87,2,0,2,1,0,22,2,1,1,81,53,1,2,3,71.6,Low Risk
S07531,23,87,2,1,2,1,0,22,2,13,1,62,66,1,1,2,71.1,Low Risk
S07532,23,87,2,1,2,1,0,22,2,1,1,81,53,1,2,3,71.6,Low Risk
S07533,23,87,1,0,1,1,0,22,2,13,1,62,66,1,1,2,71.1,Low Risk
S07534,23,87,1,0,1,1,0,22,2,1,1,81,53,1,2,3,71.6,Low Risk
S07535,23,87,0,1,1,1,0,22,2,13,1,62,66,1,1,2,71.1,Low Risk
S07536,23,87,0,1,1,1,0,22,2,1,1,81,53,1,2,3,71.6,Low Risk
S07537,26,78,2,1,0,1,0,19,2,15,0,53,73,1,2,1,68.5,Low Risk
S07538,26,78,2,1,0,1,0,18,1,14,1,65,48,1,1,3,62.1,Medium Risk
S07539,26,78,2,1,0,1,0,20,0,5,0,59,71,1,2,1,69.5,Low Risk
S07540,26,78,2,1,0,1,0,25,0,13,0,78,66,0,1,2,73.19999999999999,Low Risk
S07541,26,78,2,1,1,0,0,19,2,15,0,53,73,1,2,1,68.5,Low Risk
S07542,26,78,2,1,1,0,0,18,1,14,1,65,48,1,1,3,62.1,Medium Risk
S07543,26,78,2,1,1,0,0,20,0,5,0,59,71,1,2,1,69.5,Low Risk
S07544,26,78,2,1,1,0,0,25,0,13,0,78,66,0,1,2,73.19999999999999,Low Risk
S07545,26,78,1,0,1,1,0,19,2,15,0,53,73,1,2,1,68.5,Low Risk
S07546,26,78,1,0,1,1,0,18,1,14,1,65,48,1,1,3,62.1,Medium Risk
S07547,26,78,1,0,1,1,0,20,0,5,0,59,71,1,2,1,69.5,Low Risk
S07548,26,78,1,0,1,1,0,25,0,13,0,78,66,0,1,2,73.19999999999999,Low Risk
S07549,26,78,1,0,1,1,0,19,2,15,0,53,73,1,2,1,68.5,Low Risk
S07550,26,78,1,0,1,1,0,18,1,14,1,65,48,1,1,3,62.1,Medium Risk
S07551,26,78,1,0,1,1,0,20,0,5,0,59,71,1,2,1,69.5,Low Risk
S07552,26,78,1,0,1,1,0,25,0,13,0,78,66,0,1,2,73.19999999999999,Low Risk
S07553,27,96,2,1,0,0,1,28,2,0,0,89,46,1,2,3,73.9,Medium Risk
S07554,27,96,0,1,1,1,1,28,2,0,0,89,46,1,2,3,73.9,Medium Risk
S07555,27,96,1,0,1,1,1,28,2,0,0,89,46,1,2,3,73.9,Medium Risk
S07556,13,64,0,1,1,1,1,21,1,11,1,72,92,0,2,0,77.60000000000001,Medium Risk
S07557,13,64,2,1,0,1,1,21,1,11,1,72,92,0,2,0,77.60000000000001,Medium Risk
S07558,13,64,0,1,2,1,1,21,1,11,1,72,92,0,2,0,77.60000000000001,Medium Risk
S07559,13,64,2,1,1,1,1,21,1,11,1,72,92,0,2,0,77.60000000000001,Medium Risk
S07560,18,63,2,0,1,1,0,21,0,18,1,85,87,0,1,0,79.2,Medium Risk
S07561,18,63,2,0,1,1,0,27,1,18,1,93,54,0,2,3,68.4,Medium Risk
S07562,18,63,2,0,1,1,0,21,0,18,1,85,87,0,1,0,79.2,Medium Risk
S07563,18,63,2,0,1,1,0,27,1,18,1,93,54,0,2,3,68.4,Medium Risk
S07564,18,63,0,0,1,1,0,21,0,18,1,85,87,0,1,0,79.2,Medium Risk
S07565,18,63,0,0,1,1,0,27,1,18,1,93,54,0,2,3,68.4,Medium Risk
S07566,18,63,2,1,1,1,0,21,0,18,1,85,87,0,1,0,79.2,Medium Risk
S07567,18,63,2,1,1,1,0,27,1,18,1,93,54,0,2,3,68.4,Medium Risk
S07568,18,63,1,1,0,1,0,21,0,18,1,85,87,0,1,0,79.2,Medium Risk
S07569,18,63,1,1,0,1,0,27,1,18,1,93,54,0,2,3,68.4,Medium Risk
S07570,28,97,1,0,0,1,0,21,1,3,1,98,71,1,2,1,86.89999999999999,Low Risk
S07571,28,97,0,1,0,1,0,21,1,3,1,98,71,1,2,1,86.89999999999999,Low Risk
S07572,19,75,1,0,2,1,1,19,3,18,0,57,45,0,0,3,57.599999999999994,Medium Risk
S07573,19,75,1,0,2,1,1,28,3,1,0,57,48,0,2,3,58.8,Medium Risk
S07574,19,75,2,1,2,1,1,19,3,18,0,57,45,0,0,3,57.599999999999994,Medium Risk
S07575,19,75,2,1,2,1,1,28,3,1,0,57,48,0,2,3,58.8,Medium Risk
S07576,19,75,1,0,0,1,1,19,3,18,0,57,45,0,0,3,57.599999999999994,Medium Risk
S07577,19,75,1,0,0,1,1,28,3,1,0,57,48,0,2,3,58.8,Medium Risk
S07578,19,75,1,1,0,1,1,19,3,18,0,57,45,0,0,3,57.599999999999994,Medium Risk
S07579,19,75,1,1,0,1,1,28,3,1,0,57,48,0,2,3,58.8,Medium Risk
S07580,20,78,1,0,0,1,0,22,3,3,1,93,67,1,2,2,78.1,Low Risk
S07581,20,78,1,0,0,1,0,21,1,9,1,51,57,0,2,2,61.5,Low Risk
S07582,20,78,1,0,0,1,0,19,1,10,0,51,88,1,0,0,73.9,Low Risk
S07583,20,78,2,1,1,1,0,22,3,3,1,93,67,1,2,2,78.1,Low Risk
S07584,20,78,2,1,1,1,0,21,1,9,1,51,57,0,2,2,61.5,Low Risk
S07585,20,78,2,1,1,1,0,19,1,10,0,51,88,1,0,0,73.9,Low Risk
S07586,20,78,1,0,2,0,0,22,3,3,1,93,67,1,2,2,78.1,Low Risk
S07587,20,78,1,0,2,0,0,21,1,9,1,51,57,0,2,2,61.5,Low Risk
S07588,20,78,1,0,2,0,0,19,1,10,0,51,88,1,0,0,73.9,Low Risk
S07589,20,78,0,0,1,1,0,22,3,3,1,93,67,1,2,2,78.1,Low Risk
S07590,20,78,0,0,1,1,0,21,1,9,1,51,57,0,2,2,61.5,Low Risk
S07591,20,78,0,0,1,1,0,19,1,10,0,51,88,1,0,0,73.9,Low Risk
S07592,13,85,2,1,1,0,0,27,0,2,1,75,82,0,2,1,80.80000000000001,Low Risk
S07593,13,85,2,1,1,0,0,28,1,18,1,75,53,0,1,3,69.2,Low Risk
S07594,13,85,0,1,1,1,0,27,0,2,1,75,82,0,2,1,80.80000000000001,Low Risk
S07595,13,85,0,1,1,1,0,28,1,18,1,75,53,0,1,3,69.2,Low Risk
S07596,13,85,2,1,1,1,0,27,0,2,1,75,82,0,2,1,80.80000000000001,Low Risk
S07597,13,85,2,1,1,1,0,28,1,18,1,75,53,0,1,3,69.2,Low Risk
S07598,13,85,2,1,1,1,0,27,0,2,1,75,82,0,2,1,80.80000000000001,Low Risk
S07599,13,85,2,1,1,1,0,28,1,18,1,75,53,0,1,3,69.2,Low Risk
S07600,13,85,2,1,2,1,0,27,0,2,1,75,82,0,2,1,80.80000000000001,Low Risk
S07601,13,85,2,1,2,1,0,28,1,18,1,75,53,0,1,3,69.2,Low Risk
S07602,30,61,2,0,0,1,1,27,0,17,1,75,63,1,0,2,66.0,Medium Risk
S07603,14,67,2,0,0,1,0,26,1,16,1,89,73,1,1,1,76.0,Medium Risk
S07604,14,67,2,0,0,1,0,19,1,2,0,91,77,1,2,1,78.2,Medium Risk
S07605,14,67,2,0,0,1,0,29,0,19,1,78,77,1,2,1,74.3,Medium Risk
S07606,14,67,2,0,0,1,0,21,0,13,1,75,86,1,2,0,77.0,Medium Risk
S07607,14,67,2,0,0,1,0,29,1,15,1,78,82,1,0,1,76.3,Medium Risk
S07608,14,67,0,0,1,1,0,26,1,16,1,89,73,1,1,1,76.0,Medium Risk
S07609,14,67,0,0,1,1,0,19,1,2,0,91,77,1,2,1,78.2,Medium Risk
S07610,14,67,0,0,1,1,0,29,0,19,1,78,77,1,2,1,74.3,Medium Risk
S07611,14,67,0,0,1,1,0,21,0,13,1,75,86,1,2,0,77.0,Medium Risk
S07612,14,67,0,0,1,1,0,29,1,15,1,78,82,1,0,1,76.3,Medium Risk
S07613,14,67,0,1,0,1,0,26,1,16,1,89,73,1,1,1,76.0,Medium Risk
S07614,14,67,0,1,0,1,0,19,1,2,0,91,77,1,2,1,78.2,Medium Risk
S07615,14,67,0,1,0,1,0,29,0,19,1,78,77,1,2,1,74.3,Medium Risk
S07616,14,67,0,1,0,1,0,21,0,13,1,75,86,1,2,0,77.0,Medium Risk
S07617,14,67,0,1,0,1,0,29,1,15,1,78,82,1,0,1,76.3,Medium Risk
S07618,14,67,1,1,1,0,0,26,1,16,1,89,73,1,1,1,76.0,Medium Risk
S07619,14,67,1,1,1,0,0,19,1,2,0,91,77,1,2,1,78.2,Medium Risk
S07620,14,67,1,1,1,0,0,29,0,19,1,78,77,1,2,1,74.3,Medium Risk
S07621,14,67,1,1,1,0,0,21,0,13,1,75,86,1,2,0,77.0,Medium Risk
S07622,14,67,1,1,1,0,0,29,1,15,1,78,82,1,0,1,76.3,Medium Risk
S07623,7,74,2,0,2,1,1,26,3,13,1,61,52,1,1,3,61.3,Medium Risk
S07624,7,74,1,0,2,1,1,26,3,13,1,61,52,1,1,3,61.3,Medium Risk
S07625,16,74,0,0,2,1,0,18,0,15,1,72,93,0,1,0,81.0,Medium Risk
S07626,16,74,0,0,2,1,0,21,1,17,1,59,46,1,0,3,58.3,Medium Risk
S07627,16,74,1,1,0,1,0,18,0,15,1,72,93,0,1,0,81.0,Medium Risk
S07628,16,74,1,1,0,1,0,21,1,17,1,59,46,1,0,3,58.3,Medium Risk
S07629,16,74,2,1,1,1,0,18,0,15,1,72,93,0,1,0,81.0,Medium Risk
S07630,16,74,2,1,1,1,0,21,1,17,1,59,46,1,0,3,58.3,Medium Risk
S07631,16,74,2,1,0,1,0,18,0,15,1,72,93,0,1,0,81.0,Medium Risk
S07632,16,74,2,1,0,1,0,21,1,17,1,59,46,1,0,3,58.3,Medium Risk
S07633,16,74,0,1,1,1,0,18,0,15,1,72,93,0,1,0,81.0,Medium Risk
S07634,16,74,0,1,1,1,0,21,1,17,1,59,46,1,0,3,58.3,Medium Risk
S07635,16,74,1,0,1,1,0,18,0,15,1,72,93,0,1,0,81.0,Medium Risk
S07636,16,74,1,0,1,1,0,21,1,17,1,59,46,1,0,3,58.3,Medium Risk
S07637,12,79,2,0,1,1,0,26,3,8,0,50,67,1,2,2,65.5,Low Risk
S07638,12,79,1,0,2,1,0,26,3,8,0,50,67,1,2,2,65.5,Low Risk
S07639,12,79,1,1,0,1,0,26,3,8,0,50,67,1,2,2,65.5,Low Risk
S07640,30,73,1,0,1,1,1,29,0,12,0,64,94,1,1,0,78.69999999999999,Medium Risk
S07641,30,73,1,0,1,1,1,25,0,18,1,65,91,0,1,0,77.8,Medium Risk
S07642,30,73,1,0,1,1,1,27,2,5,1,65,79,1,0,1,73.0,Medium Risk
S07643,30,73,1,0,1,1,1,28,1,4,1,74,89,1,2,0,79.69999999999999,Medium Risk
S07644,30,73,1,0,1,1,1,22,2,16,1,89,73,1,2,1,77.80000000000001,Medium Risk
S07645,30,73,1,1,0,1,1,29,0,12,0,64,94,1,1,0,78.69999999999999,Medium Risk
S07646,30,73,1,1,0,1,1,25,0,18,1,65,91,0,1,0,77.8,Medium Risk
S07647,30,73,1,1,0,1,1,27,2,5,1,65,79,1,0,1,73.0,Medium Risk
S07648,30,73,1,1,0,1,1,28,1,4,1,74,89,1,2,0,79.69999999999999,Medium Risk
S07649,30,73,1,1,0,1,1,22,2,16,1,89,73,1,2,1,77.80000000000001,Medium Risk
S07650,26,64,2,0,0,1,1,28,0,12,1,52,87,1,1,0,69.60000000000001,Medium Risk
S07651,26,64,2,0,0,1,1,27,1,2,1,53,84,1,1,1,68.7,Medium Risk
S07652,26,64,1,0,2,1,1,28,0,12,1,52,87,1,1,0,69.60000000000001,Medium Risk
S07653,26,64,1,0,2,1,1,27,1,2,1,53,84,1,1,1,68.7,Medium Risk
S07654,26,64,2,0,1,1,1,28,0,12,1,52,87,1,1,0,69.60000000000001,Medium Risk
S07655,26,64,2,0,1,1,1,27,1,2,1,53,84,1,1,1,68.7,Medium Risk
S07656,26,64,1,0,1,1,1,28,0,12,1,52,87,1,1,0,69.60000000000001,Medium Risk
S07657,26,64,1,0,1,1,1,27,1,2,1,53,84,1,1,1,68.7,Medium Risk
S07658,26,64,0,1,0,1,1,28,0,12,1,52,87,1,1,0,69.60000000000001,Medium Risk
S07659,26,64,0,1,0,1,1,27,1,2,1,53,84,1,1,1,68.7,Medium Risk
S07660,26,64,2,0,1,1,1,28,0,12,1,52,87,1,1,0,69.60000000000001,Medium Risk
S07661,26,64,2,0,1,1,1,27,1,2,1,53,84,1,1,1,68.7,Medium Risk
S07662,26,64,1,1,2,1,1,28,0,12,1,52,87,1,1,0,69.60000000000001,Medium Risk
S07663,26,64,1,1,2,1,1,27,1,2,1,53,84,1,1,1,68.7,Medium Risk
S07664,26,64,2,1,1,0,1,28,0,12,1,52,87,1,1,0,69.60000000000001,Medium Risk
S07665,26,64,2,1,1,0,1,27,1,2,1,53,84,1,1,1,68.7,Medium Risk
S07666,16,66,0,0,0,1,1,29,3,20,0,57,70,1,0,1,64.89999999999999,Medium Risk
S07667,16,66,0,0,0,1,1,26,1,13,0,82,81,0,2,1,76.8,Medium Risk
S07668,16,66,0,0,0,1,1,25,3,7,1,66,64,0,2,2,65.2,Medium Risk
S07669,16,66,1,1,1,1,1,29,3,20,0,57,70,1,0,1,64.89999999999999,Medium Risk
S07670,16,66,1,1,1,1,1,26,1,13,0,82,81,0,2,1,76.8,Medium Risk
S07671,16,66,1,1,1,1,1,25,3,7,1,66,64,0,2,2,65.2,Medium Risk
S07672,16,66,1,0,1,1,1,29,3,20,0,57,70,1,0,1,64.89999999999999,Medium Risk
S07673,16,66,1,0,1,1,1,26,1,13,0,82,81,0,2,1,76.8,Medium Risk
S07674,16,66,1,0,1,1,1,25,3,7,1,66,64,0,2,2,65.2,Medium Risk
S07675,16,66,1,1,0,1,1,29,3,20,0,57,70,1,0,1,64.89999999999999,Medium Risk
S07676,16,66,1,1,0,1,1,26,1,13,0,82,81,0,2,1,76.8,Medium Risk
S07677,16,66,1,1,0,1,1,25,3,7,1,66,64,0,2,2,65.2,Medium Risk
S07678,16,66,2,0,1,1,1,29,3,20,0,57,70,1,0,1,64.89999999999999,Medium Risk
S07679,16,66,2,0,1,1,1,26,1,13,0,82,81,0,2,1,76.8,Medium Risk
S07680,16,66,2,0,1,1,1,25,3,7,1,66,64,0,2,2,65.2,Medium Risk
S07681,16,66,2,0,2,0,1,29,3,20,0,57,70,1,0,1,64.89999999999999,Medium Risk
S07682,16,66,2,0,2,0,1,26,1,13,0,82,81,0,2,1,76.8,Medium Risk
S07683,16,66,2,0,2,0,1,25,3,7,1,66,64,0,2,2,65.2,Medium Risk
S07684,16,66,1,1,1,1,1,29,3,20,0,57,70,1,0,1,64.89999999999999,Medium Risk
S07685,16,66,1,1,1,1,1,26,1,13,0,82,81,0,2,1,76.8,Medium Risk
S07686,16,66,1,1,1,1,1,25,3,7,1,66,64,0,2,2,65.2,Medium Risk
S07687,16,66,1,1,0,1,1,29,3,20,0,57,70,1,0,1,64.89999999999999,Medium Risk
S07688,16,66,1,1,0,1,1,26,1,13,0,82,81,0,2,1,76.8,Medium Risk
S07689,16,66,1,1,0,1,1,25,3,7,1,66,64,0,2,2,65.2,Medium Risk
S07690,16,66,1,1,2,1,1,29,3,20,0,57,70,1,0,1,64.89999999999999,Medium Risk
S07691,16,66,1,1,2,1,1,26,1,13,0,82,81,0,2,1,76.8,Medium Risk
S07692,16,66,1,1,2,1,1,25,3,7,1,66,64,0,2,2,65.2,Medium Risk
S07693,34,61,1,0,1,1,1,28,3,11,1,97,80,1,1,1,79.39999999999999,Medium Risk
S07694,34,61,1,0,1,1,1,20,1,10,0,53,60,1,1,2,58.2,Medium Risk
S07695,34,61,1,0,1,1,1,21,1,15,1,69,52,1,2,3,59.8,Medium Risk
S07696,34,61,1,0,1,1,1,29,3,9,1,51,64,1,1,2,59.2,Medium Risk
S07697,34,61,1,1,2,1,1,28,3,11,1,97,80,1,1,1,79.39999999999999,Medium Risk
S07698,34,61,1,1,2,1,1,20,1,10,0,53,60,1,1,2,58.2,Medium Risk
S07699,34,61,1,1,2,1,1,21,1,15,1,69,52,1,2,3,59.8,Medium Risk
S07700,34,61,1,1,2,1,1,29,3,9,1,51,64,1,1,2,59.2,Medium Risk
S07701,26,79,0,0,1,1,1,25,2,13,1,93,47,1,2,3,70.4,Medium Risk
S07702,26,79,0,0,1,1,1,29,2,20,1,90,75,1,1,1,80.7,Low Risk
S07703,26,79,0,0,1,1,1,27,3,0,0,89,76,1,1,1,80.8,Low Risk
S07704,26,79,0,0,1,1,1,25,3,7,0,55,83,0,0,1,73.4,Low Risk
S07705,26,79,2,0,1,1,1,25,2,13,1,93,47,1,2,3,70.4,Medium Risk
S07706,26,79,2,0,1,1,1,29,2,20,1,90,75,1,1,1,80.7,Low Risk
S07707,26,79,2,0,1,1,1,27,3,0,0,89,76,1,1,1,80.8,Low Risk
S07708,26,79,2,0,1,1,1,25,3,7,0,55,83,0,0,1,73.4,Low Risk
S07709,26,79,0,0,1,1,1,25,2,13,1,93,47,1,2,3,70.4,Medium Risk
S07710,26,79,0,0,1,1,1,29,2,20,1,90,75,1,1,1,80.7,Low Risk
S07711,26,79,0,0,1,1,1,27,3,0,0,89,76,1,1,1,80.8,Low Risk
S07712,26,79,0,0,1,1,1,25,3,7,0,55,83,0,0,1,73.4,Low Risk
S07713,26,79,0,1,1,1,1,25,2,13,1,93,47,1,2,3,70.4,Medium Risk
S07714,26,79,0,1,1,1,1,29,2,20,1,90,75,1,1,1,80.7,Low Risk
S07715,26,79,0,1,1,1,1,27,3,0,0,89,76,1,1,1,80.8,Low Risk
S07716,26,79,0,1,1,1,1,25,3,7,0,55,83,0,0,1,73.4,Low Risk
S07717,26,79,2,1,0,0,1,25,2,13,1,93,47,1,2,3,70.4,Medium Risk
S07718,26,79,2,1,0,0,1,29,2,20,1,90,75,1,1,1,80.7,Low Risk
S07719,26,79,2,1,0,0,1,27,3,0,0,89,76,1,1,1,80.8,Low Risk
S07720,26,79,2,1,0,0,1,25,3,7,0,55,83,0,0,1,73.4,Low Risk
S07721,18,98,0,0,1,1,1,26,0,8,1,72,48,1,2,3,70.19999999999999,Medium Risk
S07722,18,98,2,1,1,1,1,26,0,8,1,72,48,1,2,3,70.19999999999999,Medium Risk
S07723,18,98,0,0,1,1,1,26,0,8,1,72,48,1,2,3,70.19999999999999,Medium Risk
S07724,18,98,1,1,1,1,1,26,0,8,1,72,48,1,2,3,70.19999999999999,Medium Risk
S07725,18,98,1,0,1,1,1,26,0,8,1,72,48,1,2,3,70.19999999999999,Medium Risk
S07726,18,98,2,1,1,1,1,26,0,8,1,72,48,1,2,3,70.19999999999999,Medium Risk
S07727,18,98,1,0,0,1,1,26,0,8,1,72,48,1,2,3,70.19999999999999,Medium Risk
S07728,18,98,0,1,0,1,1,26,0,8,1,72,48,1,2,3,70.19999999999999,Medium Risk
S07729,18,98,0,0,1,1,1,26,0,8,1,72,48,1,2,3,70.19999999999999,Medium Risk
S07730,5,65,2,1,0,1,1,28,0,16,0,62,100,1,0,0,78.1,Medium Risk
S07731,5,65,2,1,0,1,1,19,2,19,1,55,83,1,1,1,69.2,Medium Risk
S07732,5,65,2,1,0,1,1,21,3,8,1,90,40,0,2,3,62.5,Medium Risk
S07733,5,65,2,0,1,1,1,28,0,16,0,62,100,1,0,0,78.1,Medium Risk
S07734,5,65,2,0,1,1,1,19,2,19,1,55,83,1,1,1,69.2,Medium Risk
S07735,5,65,2,0,1,1,1,21,3,8,1,90,40,0,2,3,62.5,Medium Risk
S07736,34,98,2,0,1,1,1,26,2,11,1,64,44,0,2,3,66.19999999999999,Medium Risk
S07737,34,98,2,0,1,1,1,20,1,10,1,53,48,0,1,3,64.5,Medium Risk
S07738,34,98,2,0,1,1,1,25,3,0,1,82,50,0,1,3,74.0,Low Risk
S07739,12,89,1,1,1,1,1,23,3,9,0,65,42,1,2,3,63.0,Medium Risk
S07740,12,89,1,1,1,1,1,29,0,11,1,93,92,1,1,0,91.4,Low Risk
S07741,12,89,1,1,1,1,1,19,2,19,1,88,96,0,1,0,91.50000000000001,Low Risk
S07742,12,89,1,1,1,1,1,29,1,14,0,58,41,1,2,3,60.5,Medium Risk
S07743,12,89,1,1,1,1,1,27,2,18,1,55,83,1,2,1,76.4,Low Risk
S07744,12,89,0,1,0,1,1,23,3,9,0,65,42,1,2,3,63.0,Medium Risk
S07745,12,89,0,1,0,1,1,29,0,11,1,93,92,1,1,0,91.4,Low Risk
S07746,12,89,0,1,0,1,1,19,2,19,1,88,96,0,1,0,91.50000000000001,Low Risk
S07747,12,89,0,1,0,1,1,29,1,14,0,58,41,1,2,3,60.5,Medium Risk
S07748,12,89,0,1,0,1,1,27,2,18,1,55,83,1,2,1,76.4,Low Risk
S07749,12,89,0,1,1,1,1,23,3,9,0,65,42,1,2,3,63.0,Medium Risk
S07750,12,89,0,1,1,1,1,29,0,11,1,93,92,1,1,0,91.4,Low Risk
S07751,12,89,0,1,1,1,1,19,2,19,1,88,96,0,1,0,91.50000000000001,Low Risk
S07752,12,89,0,1,1,1,1,29,1,14,0,58,41,1,2,3,60.5,Medium Risk
S07753,12,89,0,1,1,1,1,27,2,18,1,55,83,1,2,1,76.4,Low Risk
S07754,12,89,2,0,1,0,1,23,3,9,0,65,42,1,2,3,63.0,Medium Risk
S07755,12,89,2,0,1,0,1,29,0,11,1,93,92,1,1,0,91.4,Low Risk
S07756,12,89,2,0,1,0,1,19,2,19,1,88,96,0,1,0,91.50000000000001,Low Risk
S07757,12,89,2,0,1,0,1,29,1,14,0,58,41,1,2,3,60.5,Medium Risk
S07758,12,89,2,0,1,0,1,27,2,18,1,55,83,1,2,1,76.4,Low Risk
S07759,10,85,1,1,0,1,1,25,1,2,1,59,68,0,2,2,70.4,Low Risk
S07760,10,85,0,1,2,1,1,25,1,2,1,59,68,0,2,2,70.4,Low Risk
S07761,26,86,2,1,1,1,0,19,1,9,1,91,91,1,0,0,89.5,Low Risk
S07762,26,86,0,0,0,1,0,19,1,9,1,91,91,1,0,0,89.5,Low Risk
S07763,26,86,0,0,1,1,0,19,1,9,1,91,91,1,0,0,89.5,Low Risk
S07764,26,86,2,1,1,1,0,19,1,9,1,91,91,1,0,0,89.5,Low Risk
S07765,35,93,1,1,1,1,0,26,3,16,0,88,84,1,2,1,87.9,Low Risk
S07766,35,93,1,1,1,1,0,23,3,5,1,62,96,1,2,0,84.9,Low Risk
S07767,28,64,2,1,0,1,1,23,3,19,1,80,79,1,1,1,74.8,Medium Risk
S07768,28,64,2,1,0,1,1,20,0,2,1,100,64,1,1,2,74.8,Medium Risk
S07769,28,64,2,1,0,1,1,24,0,10,0,63,60,0,1,2,62.099999999999994,Medium Risk
S07770,28,64,1,1,1,1,1,23,3,19,1,80,79,1,1,1,74.8,Medium Risk
S07771,28,64,1,1,1,1,1,20,0,2,1,100,64,1,1,2,74.8,Medium Risk
S07772,28,64,1,1,1,1,1,24,0,10,0,63,60,0,1,2,62.099999999999994,Medium Risk
S07773,28,64,1,1,1,1,1,23,3,19,1,80,79,1,1,1,74.8,Medium Risk
S07774,28,64,1,1,1,1,1,20,0,2,1,100,64,1,1,2,74.8,Medium Risk
S07775,28,64,1,1,1,1,1,24,0,10,0,63,60,0,1,2,62.099999999999994,Medium Risk
S07776,28,64,0,1,1,1,1,23,3,19,1,80,79,1,1,1,74.8,Medium Risk
S07777,28,64,0,1,1,1,1,20,0,2,1,100,64,1,1,2,74.8,Medium Risk
S07778,28,64,0,1,1,1,1,24,0,10,0,63,60,0,1,2,62.099999999999994,Medium Risk
S07779,28,64,1,0,0,1,1,23,3,19,1,80,79,1,1,1,74.8,Medium Risk
S07780,28,64,1,0,0,1,1,20,0,2,1,100,64,1,1,2,74.8,Medium Risk
S07781,28,64,1,0,0,1,1,24,0,10,0,63,60,0,1,2,62.099999999999994,Medium Risk
S07782,28,64,1,1,1,1,1,23,3,19,1,80,79,1,1,1,74.8,Medium Risk
S07783,28,64,1,1,1,1,1,20,0,2,1,100,64,1,1,2,74.8,Medium Risk
S07784,28,64,1,1,1,1,1,24,0,10,0,63,60,0,1,2,62.099999999999994,Medium Risk
S07785,28,64,1,0,0,1,1,23,3,19,1,80,79,1,1,1,74.8,Medium Risk
S07786,28,64,1,0,0,1,1,20,0,2,1,100,64,1,1,2,74.8,Medium Risk
S07787,28,64,1,0,0,1,1,24,0,10,0,63,60,0,1,2,62.099999999999994,Medium Risk
S07788,24,88,1,0,0,1,0,25,0,11,1,96,61,0,1,2,79.6,Low Risk
S07789,24,88,1,0,0,1,0,23,1,5,0,66,99,0,2,0,85.80000000000001,Low Risk
S07790,24,88,1,0,0,1,0,20,3,6,1,62,45,1,2,3,62.99999999999999,Medium Risk
S07791,24,88,1,0,0,1,0,24,0,6,1,61,65,1,2,2,70.69999999999999,Low Risk
S07792,24,88,1,1,1,1,0,25,0,11,1,96,61,0,1,2,79.6,Low Risk
S07793,24,88,1,1,1,1,0,23,1,5,0,66,99,0,2,0,85.80000000000001,Low Risk
S07794,24,88,1,1,1,1,0,20,3,6,1,62,45,1,2,3,62.99999999999999,Medium Risk
S07795,24,88,1,1,1,1,0,24,0,6,1,61,65,1,2,2,70.69999999999999,Low Risk
S07796,24,88,2,0,1,1,0,25,0,11,1,96,61,0,1,2,79.6,Low Risk
S07797,24,88,2,0,1,1,0,23,1,5,0,66,99,0,2,0,85.80000000000001,Low Risk
S07798,24,88,2,0,1,1,0,20,3,6,1,62,45,1,2,3,62.99999999999999,Medium Risk
S07799,24,88,2,0,1,1,0,24,0,6,1,61,65,1,2,2,70.69999999999999,Low Risk
S07800,15,75,2,1,2,1,0,23,0,18,0,56,87,0,0,0,74.10000000000001,Low Risk
S07801,15,75,1,0,0,0,0,23,0,18,0,56,87,0,0,0,74.10000000000001,Low Risk
S07802,15,75,1,1,1,1,0,23,0,18,0,56,87,0,0,0,74.10000000000001,Low Risk
S07803,15,75,2,0,0,1,0,23,0,18,0,56,87,0,0,0,74.10000000000001,Low Risk
S07804,18,74,1,0,2,1,0,22,3,13,1,84,60,1,0,2,71.4,Medium Risk
S07805,18,74,1,0,2,1,0,28,1,16,1,77,55,1,2,2,67.3,Medium Risk
S07806,18,74,1,0,2,1,0,27,1,18,0,53,82,0,2,1,70.9,Medium Risk
S07807,18,74,1,0,2,1,0,20,3,12,0,85,53,1,2,3,68.9,Medium Risk
S07808,18,74,1,0,2,1,0,21,1,8,0,52,48,1,1,3,57.0,Medium Risk
S07809,18,74,0,0,2,1,0,22,3,13,1,84,60,1,0,2,71.4,Medium Risk
S07810,18,74,0,0,2,1,0,28,1,16,1,77,55,1,2,2,67.3,Medium Risk
S07811,18,74,0,0,2,1,0,27,1,18,0,53,82,0,2,1,70.9,Medium Risk
S07812,18,74,0,0,2,1,0,20,3,12,0,85,53,1,2,3,68.9,Medium Risk
S07813,18,74,0,0,2,1,0,21,1,8,0,52,48,1,1,3,57.0,Medium Risk
S07814,18,74,2,1,1,1,0,22,3,13,1,84,60,1,0,2,71.4,Medium Risk
S07815,18,74,2,1,1,1,0,28,1,16,1,77,55,1,2,2,67.3,Medium Risk
S07816,18,74,2,1,1,1,0,27,1,18,0,53,82,0,2,1,70.9,Medium Risk
S07817,18,74,2,1,1,1,0,20,3,12,0,85,53,1,2,3,68.9,Medium Risk
S07818,18,74,2,1,1,1,0,21,1,8,0,52,48,1,1,3,57.0,Medium Risk
S07819,18,74,1,0,1,1,0,22,3,13,1,84,60,1,0,2,71.4,Medium Risk
S07820,18,74,1,0,1,1,0,28,1,16,1,77,55,1,2,2,67.3,Medium Risk
S07821,18,74,1,0,1,1,0,27,1,18,0,53,82,0,2,1,70.9,Medium Risk
S07822,18,74,1,0,1,1,0,20,3,12,0,85,53,1,2,3,68.9,Medium Risk
S07823,18,74,1,0,1,1,0,21,1,8,0,52,48,1,1,3,57.0,Medium Risk
S07824,10,85,1,1,0,1,0,27,3,14,1,55,85,1,1,0,76.0,Low Risk
S07825,10,85,1,1,1,1,0,27,3,14,1,55,85,1,1,0,76.0,Low Risk
S07826,10,85,2,1,1,1,0,27,3,14,1,55,85,1,1,0,76.0,Low Risk
S07827,26,62,2,0,1,1,1,28,2,6,1,70,53,1,0,3,60.8,Medium Risk
S07828,26,62,2,0,1,1,1,27,2,14,1,82,97,0,0,0,82.0,Medium Risk
S07829,26,62,1,1,1,1,1,28,2,6,1,70,53,1,0,3,60.8,Medium Risk
S07830,26,62,1,1,1,1,1,27,2,14,1,82,97,0,0,0,82.0,Medium Risk
S07831,26,62,2,0,1,1,1,28,2,6,1,70,53,1,0,3,60.8,Medium Risk
S07832,26,62,2,0,1,1,1,27,2,14,1,82,97,0,0,0,82.0,Medium Risk
S07833,26,62,1,0,1,1,1,28,2,6,1,70,53,1,0,3,60.8,Medium Risk
S07834,26,62,1,0,1,1,1,27,2,14,1,82,97,0,0,0,82.0,Medium Risk
S07835,11,62,2,1,2,0,0,20,3,3,1,58,73,0,2,1,65.2,Medium Risk
S07836,11,62,2,1,2,0,0,19,3,15,0,80,53,1,1,3,63.8,Medium Risk
S07837,11,62,2,1,2,0,0,26,2,16,0,50,46,0,0,3,52.0,Medium Risk
S07838,11,62,2,1,2,0,0,28,0,0,0,86,45,1,1,3,62.39999999999999,Medium Risk
S07839,14,75,0,1,0,1,0,20,1,13,1,88,68,1,1,2,76.1,Low Risk
S07840,14,75,0,0,1,1,0,20,1,13,1,88,68,1,1,2,76.1,Low Risk
S07841,26,73,1,1,2,1,1,29,3,9,1,92,41,1,1,3,65.9,Medium Risk
S07842,26,73,1,1,2,1,1,23,1,17,0,89,86,1,2,0,83.0,Medium Risk
S07843,26,73,2,0,0,1,1,29,3,9,1,92,41,1,1,3,65.9,Medium Risk
S07844,26,73,2,0,0,1,1,23,1,17,0,89,86,1,2,0,83.0,Medium Risk
S07845,26,73,1,0,1,1,1,29,3,9,1,92,41,1,1,3,65.9,Medium Risk
S07846,26,73,1,0,1,1,1,23,1,17,0,89,86,1,2,0,83.0,Medium Risk
S07847,26,73,2,1,0,1,1,29,3,9,1,92,41,1,1,3,65.9,Medium Risk
S07848,26,73,2,1,0,1,1,23,1,17,0,89,86,1,2,0,83.0,Medium Risk
S07849,26,73,2,0,1,1,1,29,3,9,1,92,41,1,1,3,65.9,Medium Risk
S07850,26,73,2,0,1,1,1,23,1,17,0,89,86,1,2,0,83.0,Medium Risk
S07851,26,73,2,0,1,1,1,29,3,9,1,92,41,1,1,3,65.9,Medium Risk
S07852,26,73,2,0,1,1,1,23,1,17,0,89,86,1,2,0,83.0,Medium Risk
S07853,26,73,1,0,1,1,1,29,3,9,1,92,41,1,1,3,65.9,Medium Risk
S07854,26,73,1,0,1,1,1,23,1,17,0,89,86,1,2,0,83.0,Medium Risk
S07855,19,90,1,0,0,1,1,26,1,16,1,64,74,0,2,1,75.8,Low Risk
S07856,19,90,1,1,1,1,1,26,1,16,1,64,74,0,2,1,75.8,Low Risk
S07857,19,90,1,0,1,1,1,26,1,16,1,64,74,0,2,1,75.8,Low Risk
S07858,19,90,2,0,1,1,1,26,1,16,1,64,74,0,2,1,75.8,Low Risk
S07859,19,90,0,1,2,1,1,26,1,16,1,64,74,0,2,1,75.8,Low Risk
S07860,19,90,2,0,0,1,1,26,1,16,1,64,74,0,2,1,75.8,Low Risk
S07861,23,62,2,0,2,1,0,27,1,11,1,84,83,0,0,1,77.0,Medium Risk
S07862,23,62,2,0,2,1,0,26,3,20,1,72,45,0,2,3,58.19999999999999,Medium Risk
S07863,23,62,0,1,2,1,0,27,1,11,1,84,83,0,0,1,77.0,Medium Risk
S07864,23,62,0,1,2,1,0,26,3,20,1,72,45,0,2,3,58.19999999999999,Medium Risk
S07865,23,62,0,0,1,1,0,27,1,11,1,84,83,0,0,1,77.0,Medium Risk
S07866,23,62,0,0,1,1,0,26,3,20,1,72,45,0,2,3,58.19999999999999,Medium Risk
S07867,23,62,0,1,1,1,0,27,1,11,1,84,83,0,0,1,77.0,Medium Risk
S07868,23,62,0,1,1,1,0,26,3,20,1,72,45,0,2,3,58.19999999999999,Medium Risk
S07869,23,62,2,1,0,1,0,27,1,11,1,84,83,0,0,1,77.0,Medium Risk
S07870,23,62,2,1,0,1,0,26,3,20,1,72,45,0,2,3,58.19999999999999,Medium Risk
S07871,14,69,2,0,2,1,1,20,3,5,1,97,63,1,0,2,75.0,Medium Risk
S07872,14,69,2,0,2,1,1,18,2,20,0,61,49,1,1,3,58.60000000000001,Medium Risk
S07873,14,69,2,1,0,0,1,20,3,5,1,97,63,1,0,2,75.0,Medium Risk
S07874,14,69,2,1,0,0,1,18,2,20,0,61,49,1,1,3,58.60000000000001,Medium Risk
S07875,14,69,1,0,1,1,1,20,3,5,1,97,63,1,0,2,75.0,Medium Risk
S07876,14,69,1,0,1,1,1,18,2,20,0,61,49,1,1,3,58.60000000000001,Medium Risk
S07877,14,69,1,0,1,1,1,20,3,5,1,97,63,1,0,2,75.0,Medium Risk
S07878,14,69,1,0,1,1,1,18,2,20,0,61,49,1,1,3,58.60000000000001,Medium Risk
S07879,22,65,1,1,2,1,1,27,1,3,1,66,69,1,2,2,66.9,Medium Risk
S07880,22,65,1,1,2,1,1,28,0,15,1,86,48,1,1,3,64.5,Medium Risk
S07881,22,65,0,1,1,1,1,27,1,3,1,66,69,1,2,2,66.9,Medium Risk
S07882,22,65,0,1,1,1,1,28,0,15,1,86,48,1,1,3,64.5,Medium Risk
S07883,22,65,1,1,2,1,1,27,1,3,1,66,69,1,2,2,66.9,Medium Risk
S07884,22,65,1,1,2,1,1,28,0,15,1,86,48,1,1,3,64.5,Medium Risk
S07885,22,65,0,1,0,0,1,27,1,3,1,66,69,1,2,2,66.9,Medium Risk
S07886,22,65,0,1,0,0,1,28,0,15,1,86,48,1,1,3,64.5,Medium Risk
S07887,22,65,1,0,1,0,1,27,1,3,1,66,69,1,2,2,66.9,Medium Risk
S07888,22,65,1,0,1,0,1,28,0,15,1,86,48,1,1,3,64.5,Medium Risk
S07889,22,65,1,0,1,1,1,27,1,3,1,66,69,1,2,2,66.9,Medium Risk
S07890,22,65,1,0,1,1,1,28,0,15,1,86,48,1,1,3,64.5,Medium Risk
S07891,22,65,1,1,2,1,1,27,1,3,1,66,69,1,2,2,66.9,Medium Risk
S07892,22,65,1,1,2,1,1,28,0,15,1,86,48,1,1,3,64.5,Medium Risk
S07893,10,98,1,1,1,1,1,28,0,1,1,83,89,1,0,0,89.9,Low Risk
S07894,10,98,1,1,1,1,1,25,2,1,0,50,100,1,2,0,84.4,Low Risk
S07895,10,98,1,1,1,1,1,27,3,5,0,71,87,1,2,0,85.5,Low Risk
S07896,10,98,1,1,1,1,1,20,0,8,1,81,42,0,2,3,70.5,Medium Risk
S07897,10,98,1,1,1,1,1,24,0,14,0,95,61,1,0,2,82.30000000000001,Low Risk
S07898,10,98,1,1,1,1,1,28,0,1,1,83,89,1,0,0,89.9,Low Risk
S07899,10,98,1,1,1,1,1,25,2,1,0,50,100,1,2,0,84.4,Low Risk
S07900,10,98,1,1,1,1,1,27,3,5,0,71,87,1,2,0,85.5,Low Risk
S07901,10,98,1,1,1,1,1,20,0,8,1,81,42,0,2,3,70.5,Medium Risk
S07902,10,98,1,1,1,1,1,24,0,14,0,95,61,1,0,2,82.30000000000001,Low Risk
S07903,10,98,2,0,0,1,1,28,0,1,1,83,89,1,0,0,89.9,Low Risk
S07904,10,98,2,0,0,1,1,25,2,1,0,50,100,1,2,0,84.4,Low Risk
S07905,10,98,2,0,0,1,1,27,3,5,0,71,87,1,2,0,85.5,Low Risk
S07906,10,98,2,0,0,1,1,20,0,8,1,81,42,0,2,3,70.5,Medium Risk
S07907,10,98,2,0,0,1,1,24,0,14,0,95,61,1,0,2,82.30000000000001,Low Risk
S07908,20,67,2,0,2,1,0,21,2,2,1,72,43,1,0,3,58.89999999999999,Medium Risk
S07909,20,67,2,0,2,1,0,23,1,15,1,81,63,1,2,2,69.6,Medium Risk
S07910,20,67,2,0,2,1,0,28,2,7,1,91,69,0,2,2,75.0,Medium Risk
S07911,20,67,2,0,2,1,0,27,3,19,0,86,57,1,2,2,68.7,Medium Risk
S07912,20,67,2,0,0,1,0,21,2,2,1,72,43,1,0,3,58.89999999999999,Medium Risk
S07913,20,67,2,0,0,1,0,23,1,15,1,81,63,1,2,2,69.6,Medium Risk
S07914,20,67,2,0,0,1,0,28,2,7,1,91,69,0,2,2,75.0,Medium Risk
S07915,20,67,2,0,0,1,0,27,3,19,0,86,57,1,2,2,68.7,Medium Risk
S07916,20,67,1,0,2,1,0,21,2,2,1,72,43,1,0,3,58.89999999999999,Medium Risk
S07917,20,67,1,0,2,1,0,23,1,15,1,81,63,1,2,2,69.6,Medium Risk
S07918,20,67,1,0,2,1,0,28,2,7,1,91,69,0,2,2,75.0,Medium Risk
S07919,20,67,1,0,2,1,0,27,3,19,0,86,57,1,2,2,68.7,Medium Risk
S07920,23,76,1,1,2,1,0,24,1,9,1,54,66,1,1,2,65.4,Low Risk
S07921,23,76,1,1,2,1,0,21,3,3,1,61,71,1,0,1,69.5,Low Risk
S07922,23,76,1,0,2,1,0,24,1,9,1,54,66,1,1,2,65.4,Low Risk
S07923,23,76,1,0,2,1,0,21,3,3,1,61,71,1,0,1,69.5,Low Risk
S07924,23,76,0,1,1,1,0,24,1,9,1,54,66,1,1,2,65.4,Low Risk
S07925,23,76,0,1,1,1,0,21,3,3,1,61,71,1,0,1,69.5,Low Risk
S07926,23,76,1,1,0,1,0,24,1,9,1,54,66,1,1,2,65.4,Low Risk
S07927,23,76,1,1,0,1,0,21,3,3,1,61,71,1,0,1,69.5,Low Risk
S07928,23,76,2,1,0,1,0,24,1,9,1,54,66,1,1,2,65.4,Low Risk
S07929,23,76,2,1,0,1,0,21,3,3,1,61,71,1,0,1,69.5,Low Risk
S07930,23,76,2,1,1,1,0,24,1,9,1,54,66,1,1,2,65.4,Low Risk
S07931,23,76,2,1,1,1,0,21,3,3,1,61,71,1,0,1,69.5,Low Risk
S07932,23,76,1,0,1,1,0,24,1,9,1,54,66,1,1,2,65.4,Low Risk
S07933,23,76,1,0,1,1,0,21,3,3,1,61,71,1,0,1,69.5,Low Risk
S07934,28,92,1,0,1,1,0,21,2,11,0,66,69,0,1,2,75.0,Low Risk
S07935,28,92,1,0,1,1,0,23,0,6,0,61,59,1,0,2,69.5,Low Risk
S07936,28,92,1,1,0,1,0,21,2,11,0,66,69,0,1,2,75.0,Low Risk
S07937,28,92,1,1,0,1,0,23,0,6,0,61,59,1,0,2,69.5,Low Risk
S07938,21,90,1,1,2,1,0,26,2,2,1,99,41,0,1,3,73.1,Medium Risk
S07939,21,90,0,1,0,1,0,26,2,2,1,99,41,0,1,3,73.1,Medium Risk
S07940,21,90,1,0,1,1,0,26,2,2,1,99,41,0,1,3,73.1,Medium Risk
S07941,21,90,1,0,1,1,0,26,2,2,1,99,41,0,1,3,73.1,Medium Risk
S07942,21,90,0,0,1,1,0,26,2,2,1,99,41,0,1,3,73.1,Medium Risk
S07943,21,90,0,0,1,1,0,26,2,2,1,99,41,0,1,3,73.1,Medium Risk
S07944,21,90,2,1,2,1,0,26,2,2,1,99,41,0,1,3,73.1,Medium Risk
S07945,21,90,1,0,1,1,0,26,2,2,1,99,41,0,1,3,73.1,Medium Risk
S07946,20,75,0,1,1,1,1,22,2,13,0,72,55,0,2,2,66.1,Low Risk
S07947,20,75,0,1,1,1,1,26,0,20,0,90,96,1,1,0,87.9,Low Risk
S07948,20,75,1,0,2,1,1,22,2,13,0,72,55,0,2,2,66.1,Low Risk
S07949,20,75,1,0,2,1,1,26,0,20,0,90,96,1,1,0,87.9,Low Risk
S07950,20,75,2,1,2,1,1,22,2,13,0,72,55,0,2,2,66.1,Low Risk
S07951,20,75,2,1,2,1,1,26,0,20,0,90,96,1,1,0,87.9,Low Risk
S07952,20,75,2,0,1,1,1,22,2,13,0,72,55,0,2,2,66.1,Low Risk
S07953,20,75,2,0,1,1,1,26,0,20,0,90,96,1,1,0,87.9,Low Risk
S07954,20,75,1,0,1,1,1,22,2,13,0,72,55,0,2,2,66.1,Low Risk
S07955,20,75,1,0,1,1,1,26,0,20,0,90,96,1,1,0,87.9,Low Risk
S07956,16,80,2,1,0,1,0,23,2,13,1,89,98,1,2,0,89.9,Low Risk
S07957,16,80,2,1,0,1,0,19,1,1,1,94,89,1,2,0,87.8,Low Risk
S07958,16,80,2,1,0,1,0,21,0,15,1,59,52,0,2,3,62.5,Low Risk
S07959,16,80,0,0,0,1,0,23,2,13,1,89,98,1,2,0,89.9,Low Risk
S07960,16,80,0,0,0,1,0,19,1,1,1,94,89,1,2,0,87.8,Low Risk
S07961,16,80,0,0,0,1,0,21,0,15,1,59,52,0,2,3,62.5,Low Risk
S07962,12,70,2,0,1,1,1,19,2,0,1,95,40,0,2,3,65.5,Medium Risk
S07963,12,70,2,0,1,1,1,22,2,7,1,56,47,1,2,3,56.6,Medium Risk
S07964,12,70,2,1,1,1,1,19,2,0,1,95,40,0,2,3,65.5,Medium Risk
S07965,12,70,2,1,1,1,1,22,2,7,1,56,47,1,2,3,56.6,Medium Risk
S07966,12,70,1,1,0,1,1,19,2,0,1,95,40,0,2,3,65.5,Medium Risk
S07967,12,70,1,1,0,1,1,22,2,7,1,56,47,1,2,3,56.6,Medium Risk
S07968,12,70,2,0,2,1,1,19,2,0,1,95,40,0,2,3,65.5,Medium Risk
S07969,12,70,2,0,2,1,1,22,2,7,1,56,47,1,2,3,56.6,Medium Risk
S07970,30,76,1,1,0,1,0,28,1,11,0,50,94,1,2,0,75.4,Low Risk
S07971,30,76,1,1,0,1,0,20,2,5,0,68,95,1,2,0,81.2,Low Risk
S07972,30,76,1,1,0,1,0,22,1,8,1,61,40,1,1,3,57.099999999999994,Medium Risk
S07973,30,76,1,1,0,1,0,24,1,5,1,51,90,0,2,0,74.1,Low Risk
S07974,30,76,1,1,0,1,0,25,1,3,0,51,59,1,2,2,61.7,Low Risk
S07975,30,76,1,1,0,1,0,25,2,14,1,91,98,0,0,0,89.3,Low Risk
S07976,13,61,0,0,0,0,1,21,3,20,1,99,72,1,2,1,76.8,Medium Risk
S07977,13,61,0,0,0,0,1,21,2,19,0,55,69,0,2,2,62.400000000000006,Medium Risk
S07978,13,61,1,1,2,0,1,21,3,20,1,99,72,1,2,1,76.8,Medium Risk
S07979,13,61,1,1,2,0,1,21,2,19,0,55,69,0,2,2,62.400000000000006,Medium Risk
S07980,13,61,0,1,1,1,1,21,3,20,1,99,72,1,2,1,76.8,Medium Risk
S07981,13,61,0,1,1,1,1,21,2,19,0,55,69,0,2,2,62.400000000000006,Medium Risk
S07982,25,62,1,0,0,1,0,21,0,19,1,79,77,0,2,1,73.1,Medium Risk
S07983,25,62,1,0,0,1,0,19,2,2,0,56,74,1,1,1,65.0,Medium Risk
S07984,25,62,1,0,0,1,0,21,3,4,1,69,78,1,2,1,70.5,Medium Risk
S07985,25,62,0,1,1,1,0,21,0,19,1,79,77,0,2,1,73.1,Medium Risk
S07986,25,62,0,1,1,1,0,19,2,2,0,56,74,1,1,1,65.0,Medium Risk
S07987,25,62,0,1,1,1,0,21,3,4,1,69,78,1,2,1,70.5,Medium Risk
S07988,25,62,0,0,2,1,0,21,0,19,1,79,77,0,2,1,73.1,Medium Risk
S07989,25,62,0,0,2,1,0,19,2,2,0,56,74,1,1,1,65.0,Medium Risk
S07990,25,62,0,0,2,1,0,21,3,4,1,69,78,1,2,1,70.5,Medium Risk
S07991,18,86,0,1,0,1,1,21,0,3,0,59,64,1,1,2,69.1,Low Risk
S07992,18,86,0,1,0,1,1,21,2,9,0,62,84,1,2,1,78.0,Low Risk
S07993,18,86,1,0,1,1,1,21,0,3,0,59,64,1,1,2,69.1,Low Risk
S07994,18,86,1,0,1,1,1,21,2,9,0,62,84,1,2,1,78.0,Low Risk
S07995,18,86,1,1,1,1,1,21,0,3,0,59,64,1,1,2,69.1,Low Risk
S07996,18,86,1,1,1,1,1,21,2,9,0,62,84,1,2,1,78.0,Low Risk
S07997,18,86,1,0,2,1,1,21,0,3,0,59,64,1,1,2,69.1,Low Risk
S07998,18,86,1,0,2,1,1,21,2,9,0,62,84,1,2,1,78.0,Low Risk
S07999,18,86,1,0,0,1,1,21,0,3,0,59,64,1,1,2,69.1,Low Risk
S08000,18,86,1,0,0,1,1,21,2,9,0,62,84,1,2,1,78.0,Low Risk
S08001,27,91,2,1,1,1,1,18,2,12,0,63,62,1,2,2,71.0,Low Risk
S08002,27,91,2,1,1,1,1,22,3,11,0,98,97,1,0,0,95.5,Low Risk
S08003,27,91,2,1,0,1,1,18,2,12,0,63,62,1,2,2,71.0,Low Risk
S08004,27,91,2,1,0,1,1,22,3,11,0,98,97,1,0,0,95.5,Low Risk
S08005,27,91,0,0,1,1,1,18,2,12,0,63,62,1,2,2,71.0,Low Risk
S08006,27,91,0,0,1,1,1,22,3,11,0,98,97,1,0,0,95.5,Low Risk
S08007,27,91,1,1,0,1,1,18,2,12,0,63,62,1,2,2,71.0,Low Risk
S08008,27,91,1,1,0,1,1,22,3,11,0,98,97,1,0,0,95.5,Low Risk
S08009,27,91,1,0,0,1,1,18,2,12,0,63,62,1,2,2,71.0,Low Risk
S08010,27,91,1,0,0,1,1,22,3,11,0,98,97,1,0,0,95.5,Low Risk
S08011,22,80,1,0,0,1,1,26,1,0,0,100,92,1,0,0,90.80000000000001,Low Risk
S08012,22,80,1,0,0,1,1,22,3,0,1,86,74,0,2,1,79.4,Low Risk
S08013,22,80,2,1,1,1,1,26,1,0,0,100,92,1,0,0,90.80000000000001,Low Risk
S08014,22,80,2,1,1,1,1,22,3,0,1,86,74,0,2,1,79.4,Low Risk
S08015,22,80,2,0,1,1,1,26,1,0,0,100,92,1,0,0,90.80000000000001,Low Risk
S08016,22,80,2,0,1,1,1,22,3,0,1,86,74,0,2,1,79.4,Low Risk
S08017,22,80,0,0,0,1,1,26,1,0,0,100,92,1,0,0,90.80000000000001,Low Risk
S08018,22,80,0,0,0,1,1,22,3,0,1,86,74,0,2,1,79.4,Low Risk
S08019,22,80,1,1,2,1,1,26,1,0,0,100,92,1,0,0,90.80000000000001,Low Risk
S08020,22,80,1,1,2,1,1,22,3,0,1,86,74,0,2,1,79.4,Low Risk
S08021,15,68,1,1,0,1,0,25,2,1,1,69,66,0,1,2,67.5,Medium Risk
S08022,15,68,1,1,0,1,0,25,2,1,0,72,84,1,1,1,75.6,Medium Risk
S08023,15,68,1,1,0,1,0,21,1,4,1,97,89,0,2,0,85.1,Medium Risk
S08024,15,68,1,1,0,1,0,23,1,20,1,98,92,1,2,0,86.6,Medium Risk
S08025,15,68,1,1,0,1,0,24,2,20,1,71,89,1,2,0,77.30000000000001,Medium Risk
S08026,15,68,1,1,1,1,0,25,2,1,1,69,66,0,1,2,67.5,Medium Risk
S08027,15,68,1,1,1,1,0,25,2,1,0,72,84,1,1,1,75.6,Medium Risk
S08028,15,68,1,1,1,1,0,21,1,4,1,97,89,0,2,0,85.1,Medium Risk
S08029,15,68,1,1,1,1,0,23,1,20,1,98,92,1,2,0,86.6,Medium Risk
S08030,15,68,1,1,1,1,0,24,2,20,1,71,89,1,2,0,77.30000000000001,Medium Risk
S08031,15,68,1,0,0,1,0,25,2,1,1,69,66,0,1,2,67.5,Medium Risk
S08032,15,68,1,0,0,1,0,25,2,1,0,72,84,1,1,1,75.6,Medium Risk
S08033,15,68,1,0,0,1,0,21,1,4,1,97,89,0,2,0,85.1,Medium Risk
S08034,15,68,1,0,0,1,0,23,1,20,1,98,92,1,2,0,86.6,Medium Risk
S08035,15,68,1,0,0,1,0,24,2,20,1,71,89,1,2,0,77.30000000000001,Medium Risk
S08036,15,68,2,0,2,1,0,25,2,1,1,69,66,0,1,2,67.5,Medium Risk
S08037,15,68,2,0,2,1,0,25,2,1,0,72,84,1,1,1,75.6,Medium Risk
S08038,15,68,2,0,2,1,0,21,1,4,1,97,89,0,2,0,85.1,Medium Risk
S08039,15,68,2,0,2,1,0,23,1,20,1,98,92,1,2,0,86.6,Medium Risk
S08040,15,68,2,0,2,1,0,24,2,20,1,71,89,1,2,0,77.30000000000001,Medium Risk
S08041,15,68,2,0,1,0,0,25,2,1,1,69,66,0,1,2,67.5,Medium Risk
S08042,15,68,2,0,1,0,0,25,2,1,0,72,84,1,1,1,75.6,Medium Risk
S08043,15,68,2,0,1,0,0,21,1,4,1,97,89,0,2,0,85.1,Medium Risk
S08044,15,68,2,0,1,0,0,23,1,20,1,98,92,1,2,0,86.6,Medium Risk
S08045,15,68,2,0,1,0,0,24,2,20,1,71,89,1,2,0,77.30000000000001,Medium Risk
S08046,15,68,1,0,1,1,0,25,2,1,1,69,66,0,1,2,67.5,Medium Risk
S08047,15,68,1,0,1,1,0,25,2,1,0,72,84,1,1,1,75.6,Medium Risk
S08048,15,68,1,0,1,1,0,21,1,4,1,97,89,0,2,0,85.1,Medium Risk
S08049,15,68,1,0,1,1,0,23,1,20,1,98,92,1,2,0,86.6,Medium Risk
S08050,15,68,1,0,1,1,0,24,2,20,1,71,89,1,2,0,77.30000000000001,Medium Risk
S08051,33,89,1,0,1,1,1,20,0,11,1,65,57,1,1,2,69.0,Low Risk
S08052,20,88,0,0,0,1,1,19,0,8,1,98,65,1,0,2,81.8,Low Risk
S08053,20,88,0,0,0,1,1,26,2,5,1,97,78,0,2,1,86.69999999999999,Low Risk
S08054,20,88,0,0,0,1,1,29,0,7,1,73,62,1,1,2,73.1,Low Risk
S08055,20,88,1,1,1,1,1,19,0,8,1,98,65,1,0,2,81.8,Low Risk
S08056,20,88,1,1,1,1,1,26,2,5,1,97,78,0,2,1,86.69999999999999,Low Risk
S08057,20,88,1,1,1,1,1,29,0,7,1,73,62,1,1,2,73.1,Low Risk
S08058,20,88,1,0,0,1,1,19,0,8,1,98,65,1,0,2,81.8,Low Risk
S08059,20,88,1,0,0,1,1,26,2,5,1,97,78,0,2,1,86.69999999999999,Low Risk
S08060,20,88,1,0,0,1,1,29,0,7,1,73,62,1,1,2,73.1,Low Risk
S08061,20,88,2,1,1,0,1,19,0,8,1,98,65,1,0,2,81.8,Low Risk
S08062,20,88,2,1,1,0,1,26,2,5,1,97,78,0,2,1,86.69999999999999,Low Risk
S08063,20,88,2,1,1,0,1,29,0,7,1,73,62,1,1,2,73.1,Low Risk
S08064,19,98,1,1,1,1,1,22,0,19,1,86,100,1,2,0,95.19999999999999,Low Risk
S08065,19,98,1,1,1,1,1,23,0,3,1,89,49,1,2,3,75.69999999999999,Medium Risk
S08066,19,98,1,1,1,1,1,25,3,12,0,61,50,1,1,3,67.69999999999999,Low Risk
S08067,19,98,1,1,1,1,1,19,1,5,1,74,65,0,1,2,77.6,Low Risk
S08068,19,98,0,1,1,0,1,22,0,19,1,86,100,1,2,0,95.19999999999999,Low Risk
S08069,19,98,0,1,1,0,1,23,0,3,1,89,49,1,2,3,75.69999999999999,Medium Risk
S08070,19,98,0,1,1,0,1,25,3,12,0,61,50,1,1,3,67.69999999999999,Low Risk
S08071,19,98,0,1,1,0,1,19,1,5,1,74,65,0,1,2,77.6,Low Risk
S08072,19,98,0,1,1,1,1,22,0,19,1,86,100,1,2,0,95.19999999999999,Low Risk
S08073,19,98,0,1,1,1,1,23,0,3,1,89,49,1,2,3,75.69999999999999,Medium Risk
S08074,19,98,0,1,1,1,1,25,3,12,0,61,50,1,1,3,67.69999999999999,Low Risk
S08075,19,98,0,1,1,1,1,19,1,5,1,74,65,0,1,2,77.6,Low Risk
S08076,19,98,2,1,1,1,1,22,0,19,1,86,100,1,2,0,95.19999999999999,Low Risk
S08077,19,98,2,1,1,1,1,23,0,3,1,89,49,1,2,3,75.69999999999999,Medium Risk
S08078,19,98,2,1,1,1,1,25,3,12,0,61,50,1,1,3,67.69999999999999,Low Risk
S08079,19,98,2,1,1,1,1,19,1,5,1,74,65,0,1,2,77.6,Low Risk
S08080,19,98,2,1,2,1,1,22,0,19,1,86,100,1,2,0,95.19999999999999,Low Risk
S08081,19,98,2,1,2,1,1,23,0,3,1,89,49,1,2,3,75.69999999999999,Medium Risk
S08082,19,98,2,1,2,1,1,25,3,12,0,61,50,1,1,3,67.69999999999999,Low Risk
S08083,19,98,2,1,2,1,1,19,1,5,1,74,65,0,1,2,77.6,Low Risk
S08084,33,68,0,1,1,1,1,22,2,11,1,59,61,1,2,2,62.5,Medium Risk
S08085,33,68,0,1,1,1,1,23,3,2,1,79,41,1,2,3,60.5,Medium Risk
S08086,33,68,0,1,1,1,1,26,2,15,0,51,76,1,2,1,66.1,Medium Risk
S08087,33,68,0,1,1,1,1,24,0,19,1,94,62,0,0,2,73.4,Medium Risk
S08088,12,63,2,0,0,1,1,18,3,4,0,54,68,1,0,2,62.300000000000004,Medium Risk
S08089,12,63,2,0,0,1,1,24,2,7,1,75,71,1,1,1,69.80000000000001,Medium Risk
S08090,12,63,1,0,0,1,1,18,3,4,0,54,68,1,0,2,62.300000000000004,Medium Risk
S08091,12,63,1,0,0,1,1,24,2,7,1,75,71,1,1,1,69.80000000000001,Medium Risk
S08092,19,76,2,1,1,1,0,24,1,14,1,63,80,1,1,1,73.7,Low Risk
S08093,19,76,2,1,1,1,0,29,0,0,1,51,61,1,0,2,62.5,Low Risk
S08094,19,76,1,1,1,1,0,24,1,14,1,63,80,1,1,1,73.7,Low Risk
S08095,19,76,1,1,1,1,0,29,0,0,1,51,61,1,0,2,62.5,Low Risk
S08096,19,76,2,0,0,1,0,24,1,14,1,63,80,1,1,1,73.7,Low Risk
S08097,19,76,2,0,0,1,0,29,0,0,1,51,61,1,0,2,62.5,Low Risk
S08098,19,76,0,1,1,1,0,24,1,14,1,63,80,1,1,1,73.7,Low Risk
S08099,19,76,0,1,1,1,0,29,0,0,1,51,61,1,0,2,62.5,Low Risk
S08100,19,76,0,1,1,1,0,24,1,14,1,63,80,1,1,1,73.7,Low Risk
S08101,19,76,0,1,1,1,0,29,0,0,1,51,61,1,0,2,62.5,Low Risk
S08102,19,76,1,1,1,1,0,24,1,14,1,63,80,1,1,1,73.7,Low Risk
S08103,19,76,1,1,1,1,0,29,0,0,1,51,61,1,0,2,62.5,Low Risk
S08104,19,76,2,1,0,1,0,24,1,14,1,63,80,1,1,1,73.7,Low Risk
S08105,19,76,2,1,0,1,0,29,0,0,1,51,61,1,0,2,62.5,Low Risk
S08106,19,76,0,1,0,1,0,24,1,14,1,63,80,1,1,1,73.7,Low Risk
S08107,19,76,0,1,0,1,0,29,0,0,1,51,61,1,0,2,62.5,Low Risk
S08108,35,90,1,1,0,0,1,21,1,0,1,55,93,1,2,0,80.7,Low Risk
S08109,35,90,1,1,0,0,1,20,3,5,1,89,92,1,1,0,90.5,Low Risk
S08110,35,90,1,1,0,0,1,28,3,5,1,78,72,1,2,1,79.2,Low Risk
S08111,15,75,2,1,2,1,1,20,3,16,0,87,48,0,2,3,67.8,Medium Risk
S08112,15,75,2,1,2,1,1,27,1,7,1,85,77,1,1,1,78.8,Low Risk
S08113,15,75,2,1,2,1,1,29,3,4,0,91,41,0,0,3,66.2,Medium Risk
S08114,15,75,1,0,1,1,1,20,3,16,0,87,48,0,2,3,67.8,Medium Risk
S08115,15,75,1,0,1,1,1,27,1,7,1,85,77,1,1,1,78.8,Low Risk
S08116,15,75,1,0,1,1,1,29,3,4,0,91,41,0,0,3,66.2,Medium Risk
S08117,30,73,1,1,1,1,0,19,0,10,0,65,87,1,2,0,76.2,Medium Risk
S08118,30,73,0,0,1,1,0,19,0,10,0,65,87,1,2,0,76.2,Medium Risk
S08119,30,84,1,0,0,1,1,19,0,8,0,84,61,1,2,2,74.8,Low Risk
S08120,30,84,1,0,0,1,1,23,1,13,1,55,60,1,2,2,65.7,Low Risk
S08121,30,84,1,0,0,1,1,27,1,6,1,98,87,0,2,0,89.4,Low Risk
S08122,30,84,1,0,0,1,1,25,2,12,1,65,84,1,2,1,78.3,Low Risk
S08123,30,84,1,0,0,1,1,21,2,17,0,82,87,1,0,0,84.60000000000001,Low Risk
S08124,30,84,1,0,0,1,1,19,1,17,0,88,90,1,2,0,87.6,Low Risk
S08125,30,84,1,0,1,1,1,19,0,8,0,84,61,1,2,2,74.8,Low Risk
S08126,30,84,1,0,1,1,1,23,1,13,1,55,60,1,2,2,65.7,Low Risk
S08127,30,84,1,0,1,1,1,27,1,6,1,98,87,0,2,0,89.4,Low Risk
S08128,30,84,1,0,1,1,1,25,2,12,1,65,84,1,2,1,78.3,Low Risk
S08129,30,84,1,0,1,1,1,21,2,17,0,82,87,1,0,0,84.60000000000001,Low Risk
S08130,30,84,1,0,1,1,1,19,1,17,0,88,90,1,2,0,87.6,Low Risk
S08131,30,84,1,1,1,1,1,19,0,8,0,84,61,1,2,2,74.8,Low Risk
S08132,30,84,1,1,1,1,1,23,1,13,1,55,60,1,2,2,65.7,Low Risk
S08133,30,84,1,1,1,1,1,27,1,6,1,98,87,0,2,0,89.4,Low Risk
S08134,30,84,1,1,1,1,1,25,2,12,1,65,84,1,2,1,78.3,Low Risk
S08135,30,84,1,1,1,1,1,21,2,17,0,82,87,1,0,0,84.60000000000001,Low Risk
S08136,30,84,1,1,1,1,1,19,1,17,0,88,90,1,2,0,87.6,Low Risk
S08137,17,95,2,0,1,1,0,29,1,1,1,66,94,0,2,0,85.9,Low Risk
S08138,17,95,2,0,1,1,0,25,0,10,0,74,81,0,2,1,83.1,Low Risk
S08139,17,95,2,0,1,1,0,22,3,18,0,71,88,1,2,0,85.0,Low Risk
S08140,17,95,0,1,0,0,0,29,1,1,1,66,94,0,2,0,85.9,Low Risk
S08141,17,95,0,1,0,0,0,25,0,10,0,74,81,0,2,1,83.1,Low Risk
S08142,17,95,0,1,0,0,0,22,3,18,0,71,88,1,2,0,85.0,Low Risk
S08143,17,95,1,0,0,1,0,29,1,1,1,66,94,0,2,0,85.9,Low Risk
S08144,17,95,1,0,0,1,0,25,0,10,0,74,81,0,2,1,83.1,Low Risk
S08145,17,95,1,0,0,1,0,22,3,18,0,71,88,1,2,0,85.0,Low Risk
S08146,23,62,2,1,1,1,1,24,1,15,0,58,98,0,2,0,75.2,Medium Risk
S08147,23,62,2,1,1,1,1,26,0,0,1,93,91,1,0,0,82.89999999999999,Medium Risk
S08148,23,62,0,0,1,1,1,24,1,15,0,58,98,0,2,0,75.2,Medium Risk
S08149,23,62,0,0,1,1,1,26,0,0,1,93,91,1,0,0,82.89999999999999,Medium Risk
S08150,23,62,1,0,1,1,1,24,1,15,0,58,98,0,2,0,75.2,Medium Risk
S08151,23,62,1,0,1,1,1,26,0,0,1,93,91,1,0,0,82.89999999999999,Medium Risk
S08152,23,62,2,1,0,1,1,24,1,15,0,58,98,0,2,0,75.2,Medium Risk
S08153,23,62,2,1,0,1,1,26,0,0,1,93,91,1,0,0,82.89999999999999,Medium Risk
S08154,23,62,1,1,0,1,1,24,1,15,0,58,98,0,2,0,75.2,Medium Risk
S08155,23,62,1,1,0,1,1,26,0,0,1,93,91,1,0,0,82.89999999999999,Medium Risk
S08156,23,62,1,0,2,0,1,24,1,15,0,58,98,0,2,0,75.2,Medium Risk
S08157,23,62,1,0,2,0,1,26,0,0,1,93,91,1,0,0,82.89999999999999,Medium Risk
S08158,18,66,1,0,1,1,0,19,2,19,1,58,83,0,1,1,70.4,Medium Risk
S08159,18,66,1,0,1,1,0,27,0,4,0,83,42,1,0,3,61.5,Medium Risk
S08160,18,66,1,0,1,1,0,28,2,15,0,66,49,1,2,3,59.2,Medium Risk
S08161,18,66,1,0,1,1,0,22,1,14,0,82,83,1,1,1,77.6,Medium Risk
S08162,18,66,2,1,1,1,0,19,2,19,1,58,83,0,1,1,70.4,Medium Risk
S08163,18,66,2,1,1,1,0,27,0,4,0,83,42,1,0,3,61.5,Medium Risk
S08164,18,66,2,1,1,1,0,28,2,15,0,66,49,1,2,3,59.2,Medium Risk
S08165,18,66,2,1,1,1,0,22,1,14,0,82,83,1,1,1,77.6,Medium Risk
S08166,18,66,1,1,1,1,0,19,2,19,1,58,83,0,1,1,70.4,Medium Risk
S08167,18,66,1,1,1,1,0,27,0,4,0,83,42,1,0,3,61.5,Medium Risk
S08168,18,66,1,1,1,1,0,28,2,15,0,66,49,1,2,3,59.2,Medium Risk
S08169,18,66,1,1,1,1,0,22,1,14,0,82,83,1,1,1,77.6,Medium Risk
S08170,18,66,1,1,1,1,0,19,2,19,1,58,83,0,1,1,70.4,Medium Risk
S08171,18,66,1,1,1,1,0,27,0,4,0,83,42,1,0,3,61.5,Medium Risk
S08172,18,66,1,1,1,1,0,28,2,15,0,66,49,1,2,3,59.2,Medium Risk
S08173,18,66,1,1,1,1,0,22,1,14,0,82,83,1,1,1,77.6,Medium Risk
S08174,18,66,2,0,1,1,0,19,2,19,1,58,83,0,1,1,70.4,Medium Risk
S08175,18,66,2,0,1,1,0,27,0,4,0,83,42,1,0,3,61.5,Medium Risk
S08176,18,66,2,0,1,1,0,28,2,15,0,66,49,1,2,3,59.2,Medium Risk
S08177,18,66,2,0,1,1,0,22,1,14,0,82,83,1,1,1,77.6,Medium Risk
S08178,17,64,1,0,1,1,0,25,1,11,1,66,86,1,1,0,73.4,Medium Risk
S08179,17,64,1,0,1,1,0,20,1,6,1,84,54,1,0,3,66.0,Medium Risk
S08180,17,64,2,0,1,1,0,25,1,11,1,66,86,1,1,0,73.4,Medium Risk
S08181,17,64,2,0,1,1,0,20,1,6,1,84,54,1,0,3,66.0,Medium Risk
S08182,17,64,0,1,0,1,0,25,1,11,1,66,86,1,1,0,73.4,Medium Risk
S08183,17,64,0,1,0,1,0,20,1,6,1,84,54,1,0,3,66.0,Medium Risk
S08184,17,64,2,0,1,1,0,25,1,11,1,66,86,1,1,0,73.4,Medium Risk
S08185,17,64,2,0,1,1,0,20,1,6,1,84,54,1,0,3,66.0,Medium Risk
S08186,17,64,0,1,1,1,0,25,1,11,1,66,86,1,1,0,73.4,Medium Risk
S08187,17,64,0,1,1,1,0,20,1,6,1,84,54,1,0,3,66.0,Medium Risk
S08188,15,61,2,1,1,1,1,26,1,7,0,100,85,1,2,0,82.3,Medium Risk
S08189,15,61,1,0,1,1,1,26,1,7,0,100,85,1,2,0,82.3,Medium Risk
S08190,15,61,0,1,1,1,1,26,1,7,0,100,85,1,2,0,82.3,Medium Risk
S08191,15,61,1,0,2,1,1,26,1,7,0,100,85,1,2,0,82.3,Medium Risk
S08192,22,79,1,0,0,1,0,22,3,11,0,67,99,1,2,0,83.4,Low Risk
S08193,22,79,1,0,0,1,0,21,2,5,1,73,47,1,1,3,64.4,Medium Risk
S08194,22,79,1,0,0,1,0,29,2,2,1,86,47,1,2,3,68.3,Medium Risk
S08195,22,79,1,0,0,1,0,25,1,5,0,94,78,0,2,1,83.10000000000001,Low Risk
S08196,22,79,1,0,0,1,0,27,1,19,1,62,73,1,1,1,71.5,Low Risk
S08197,22,79,1,0,0,1,0,29,1,16,0,99,72,1,2,1,82.2,Low Risk
S08198,22,79,1,0,0,1,0,21,3,5,1,52,80,1,0,1,71.3,Low Risk
S08199,22,79,1,0,0,1,0,26,1,12,1,88,94,0,0,0,87.7,Low Risk
S08200,22,79,1,0,0,1,0,22,2,12,1,65,81,1,2,1,75.6,Low Risk
S08201,22,79,1,0,1,0,0,22,3,11,0,67,99,1,2,0,83.4,Low Risk
S08202,22,79,1,0,1,0,0,21,2,5,1,73,47,1,1,3,64.4,Medium Risk
S08203,22,79,1,0,1,0,0,29,2,2,1,86,47,1,2,3,68.3,Medium Risk
S08204,22,79,1,0,1,0,0,25,1,5,0,94,78,0,2,1,83.10000000000001,Low Risk
S08205,22,79,1,0,1,0,0,27,1,19,1,62,73,1,1,1,71.5,Low Risk
S08206,22,79,1,0,1,0,0,29,1,16,0,99,72,1,2,1,82.2,Low Risk
S08207,22,79,1,0,1,0,0,21,3,5,1,52,80,1,0,1,71.3,Low Risk
S08208,22,79,1,0,1,0,0,26,1,12,1,88,94,0,0,0,87.7,Low Risk
S08209,22,79,1,0,1,0,0,22,2,12,1,65,81,1,2,1,75.6,Low Risk
S08210,22,79,1,1,1,1,0,22,3,11,0,67,99,1,2,0,83.4,Low Risk
S08211,22,79,1,1,1,1,0,21,2,5,1,73,47,1,1,3,64.4,Medium Risk
S08212,22,79,1,1,1,1,0,29,2,2,1,86,47,1,2,3,68.3,Medium Risk
S08213,22,79,1,1,1,1,0,25,1,5,0,94,78,0,2,1,83.10000000000001,Low Risk
S08214,22,79,1,1,1,1,0,27,1,19,1,62,73,1,1,1,71.5,Low Risk
S08215,22,79,1,1,1,1,0,29,1,16,0,99,72,1,2,1,82.2,Low Risk
S08216,22,79,1,1,1,1,0,21,3,5,1,52,80,1,0,1,71.3,Low Risk
S08217,22,79,1,1,1,1,0,26,1,12,1,88,94,0,0,0,87.7,Low Risk
S08218,22,79,1,1,1,1,0,22,2,12,1,65,81,1,2,1,75.6,Low Risk
S08219,22,79,2,1,1,1,0,22,3,11,0,67,99,1,2,0,83.4,Low Risk
S08220,22,79,2,1,1,1,0,21,2,5,1,73,47,1,1,3,64.4,Medium Risk
S08221,22,79,2,1,1,1,0,29,2,2,1,86,47,1,2,3,68.3,Medium Risk
S08222,22,79,2,1,1,1,0,25,1,5,0,94,78,0,2,1,83.10000000000001,Low Risk
S08223,22,79,2,1,1,1,0,27,1,19,1,62,73,1,1,1,71.5,Low Risk
S08224,22,79,2,1,1,1,0,29,1,16,0,99,72,1,2,1,82.2,Low Risk
S08225,22,79,2,1,1,1,0,21,3,5,1,52,80,1,0,1,71.3,Low Risk
S08226,22,79,2,1,1,1,0,26,1,12,1,88,94,0,0,0,87.7,Low Risk
S08227,22,79,2,1,1,1,0,22,2,12,1,65,81,1,2,1,75.6,Low Risk
S08228,8,73,1,1,2,1,1,26,1,12,1,75,93,1,2,0,81.6,Medium Risk
S08229,8,73,2,1,1,1,1,26,1,12,1,75,93,1,2,0,81.6,Medium Risk
S08230,8,73,2,0,2,1,1,26,1,12,1,75,93,1,2,0,81.6,Medium Risk
S08231,8,73,2,1,0,1,1,26,1,12,1,75,93,1,2,0,81.6,Medium Risk
S08232,27,75,1,1,2,1,1,25,3,16,0,88,84,1,2,1,82.5,Low Risk
S08233,27,75,0,1,1,1,1,25,3,16,0,88,84,1,2,1,82.5,Low Risk
S08234,13,87,1,1,0,1,1,26,1,10,1,83,85,1,1,0,85.0,Low Risk
S08235,13,87,1,1,0,1,1,21,0,13,1,80,65,1,2,2,76.1,Low Risk
S08236,13,87,1,1,0,1,1,26,1,10,1,83,85,1,1,0,85.0,Low Risk
S08237,13,87,1,1,0,1,1,21,0,13,1,80,65,1,2,2,76.1,Low Risk
S08238,30,91,1,1,2,1,1,28,2,6,1,83,43,1,2,3,69.39999999999999,Medium Risk
S08239,20,68,1,0,2,1,0,18,1,13,1,61,42,1,2,3,55.5,Medium Risk
S08240,20,68,1,0,2,1,0,23,2,4,1,88,79,1,1,1,78.4,Medium Risk
S08241,20,68,1,0,2,1,0,27,3,8,0,67,95,1,1,0,78.5,Medium Risk
S08242,20,68,1,0,2,1,0,25,2,16,0,93,44,1,2,3,65.9,Medium Risk
S08243,20,68,1,0,2,1,0,23,0,0,1,84,97,1,2,0,84.4,Medium Risk
S08244,20,68,1,1,0,1,0,18,1,13,1,61,42,1,2,3,55.5,Medium Risk
S08245,20,68,1,1,0,1,0,23,2,4,1,88,79,1,1,1,78.4,Medium Risk
S08246,20,68,1,1,0,1,0,27,3,8,0,67,95,1,1,0,78.5,Medium Risk
S08247,20,68,1,1,0,1,0,25,2,16,0,93,44,1,2,3,65.9,Medium Risk
S08248,20,68,1,1,0,1,0,23,0,0,1,84,97,1,2,0,84.4,Medium Risk
S08249,20,68,0,1,2,1,0,18,1,13,1,61,42,1,2,3,55.5,Medium Risk
S08250,20,68,0,1,2,1,0,23,2,4,1,88,79,1,1,1,78.4,Medium Risk
S08251,20,68,0,1,2,1,0,27,3,8,0,67,95,1,1,0,78.5,Medium Risk
S08252,20,68,0,1,2,1,0,25,2,16,0,93,44,1,2,3,65.9,Medium Risk
S08253,20,68,0,1,2,1,0,23,0,0,1,84,97,1,2,0,84.4,Medium Risk
S08254,20,68,2,1,1,0,0,18,1,13,1,61,42,1,2,3,55.5,Medium Risk
S08255,20,68,2,1,1,0,0,23,2,4,1,88,79,1,1,1,78.4,Medium Risk
S08256,20,68,2,1,1,0,0,27,3,8,0,67,95,1,1,0,78.5,Medium Risk
S08257,20,68,2,1,1,0,0,25,2,16,0,93,44,1,2,3,65.9,Medium Risk
S08258,20,68,2,1,1,0,0,23,0,0,1,84,97,1,2,0,84.4,Medium Risk
S08259,20,68,1,1,2,1,0,18,1,13,1,61,42,1,2,3,55.5,Medium Risk
S08260,20,68,1,1,2,1,0,23,2,4,1,88,79,1,1,1,78.4,Medium Risk
S08261,20,68,1,1,2,1,0,27,3,8,0,67,95,1,1,0,78.5,Medium Risk
S08262,20,68,1,1,2,1,0,25,2,16,0,93,44,1,2,3,65.9,Medium Risk
S08263,20,68,1,1,2,1,0,23,0,0,1,84,97,1,2,0,84.4,Medium Risk
S08264,20,68,1,1,1,1,0,18,1,13,1,61,42,1,2,3,55.5,Medium Risk
S08265,20,68,1,1,1,1,0,23,2,4,1,88,79,1,1,1,78.4,Medium Risk
S08266,20,68,1,1,1,1,0,27,3,8,0,67,95,1,1,0,78.5,Medium Risk
S08267,20,68,1,1,1,1,0,25,2,16,0,93,44,1,2,3,65.9,Medium Risk
S08268,20,68,1,1,1,1,0,23,0,0,1,84,97,1,2,0,84.4,Medium Risk
S08269,20,68,2,1,1,1,0,18,1,13,1,61,42,1,2,3,55.5,Medium Risk
S08270,20,68,2,1,1,1,0,23,2,4,1,88,79,1,1,1,78.4,Medium Risk
S08271,20,68,2,1,1,1,0,27,3,8,0,67,95,1,1,0,78.5,Medium Risk
S08272,20,68,2,1,1,1,0,25,2,16,0,93,44,1,2,3,65.9,Medium Risk
S08273,20,68,2,1,1,1,0,23,0,0,1,84,97,1,2,0,84.4,Medium Risk
S08274,20,68,2,1,1,1,0,18,1,13,1,61,42,1,2,3,55.5,Medium Risk
S08275,20,68,2,1,1,1,0,23,2,4,1,88,79,1,1,1,78.4,Medium Risk
S08276,20,68,2,1,1,1,0,27,3,8,0,67,95,1,1,0,78.5,Medium Risk
S08277,20,68,2,1,1,1,0,25,2,16,0,93,44,1,2,3,65.9,Medium Risk
S08278,20,68,2,1,1,1,0,23,0,0,1,84,97,1,2,0,84.4,Medium Risk
S08279,20,68,2,0,0,1,0,18,1,13,1,61,42,1,2,3,55.5,Medium Risk
S08280,20,68,2,0,0,1,0,23,2,4,1,88,79,1,1,1,78.4,Medium Risk
S08281,20,68,2,0,0,1,0,27,3,8,0,67,95,1,1,0,78.5,Medium Risk
S08282,20,68,2,0,0,1,0,25,2,16,0,93,44,1,2,3,65.9,Medium Risk
S08283,20,68,2,0,0,1,0,23,0,0,1,84,97,1,2,0,84.4,Medium Risk
S08284,20,68,1,1,0,1,0,18,1,13,1,61,42,1,2,3,55.5,Medium Risk
S08285,20,68,1,1,0,1,0,23,2,4,1,88,79,1,1,1,78.4,Medium Risk
S08286,20,68,1,1,0,1,0,27,3,8,0,67,95,1,1,0,78.5,Medium Risk
S08287,20,68,1,1,0,1,0,25,2,16,0,93,44,1,2,3,65.9,Medium Risk
S08288,20,68,1,1,0,1,0,23,0,0,1,84,97,1,2,0,84.4,Medium Risk
S08289,21,81,1,1,1,1,0,23,2,6,1,68,70,1,2,1,72.7,Low Risk
S08290,21,81,1,1,2,1,0,23,2,6,1,68,70,1,2,1,72.7,Low Risk
S08291,12,83,0,1,1,1,0,28,1,2,0,71,58,1,2,2,69.4,Low Risk
S08292,12,83,1,0,1,1,0,28,1,2,0,71,58,1,2,2,69.4,Low Risk
S08293,12,83,1,1,0,1,0,28,1,2,0,71,58,1,2,2,69.4,Low Risk
S08294,15,68,1,1,2,1,1,27,3,4,1,73,46,1,1,3,60.699999999999996,Medium Risk
S08295,15,68,0,1,1,0,1,27,3,4,1,73,46,1,1,3,60.699999999999996,Medium Risk
S08296,15,68,1,1,1,1,1,27,3,4,1,73,46,1,1,3,60.699999999999996,Medium Risk
S08297,16,86,1,1,1,1,0,25,2,17,1,60,89,0,0,0,79.4,Low Risk
S08298,16,86,1,1,1,1,0,23,1,2,0,89,41,0,2,3,68.9,Medium Risk
S08299,16,86,1,1,1,1,0,23,3,8,1,54,84,1,2,1,75.6,Low Risk
S08300,16,86,1,1,0,1,0,25,2,17,1,60,89,0,0,0,79.4,Low Risk
S08301,16,86,1,1,0,1,0,23,1,2,0,89,41,0,2,3,68.9,Medium Risk
S08302,16,86,1,1,0,1,0,23,3,8,1,54,84,1,2,1,75.6,Low Risk
S08303,16,86,0,1,0,1,0,25,2,17,1,60,89,0,0,0,79.4,Low Risk
S08304,16,86,0,1,0,1,0,23,1,2,0,89,41,0,2,3,68.9,Medium Risk
S08305,16,86,0,1,0,1,0,23,3,8,1,54,84,1,2,1,75.6,Low Risk
S08306,16,86,2,1,0,1,0,25,2,17,1,60,89,0,0,0,79.4,Low Risk
S08307,16,86,2,1,0,1,0,23,1,2,0,89,41,0,2,3,68.9,Medium Risk
S08308,16,86,2,1,0,1,0,23,3,8,1,54,84,1,2,1,75.6,Low Risk
S08309,24,70,2,0,1,1,0,25,3,2,0,73,79,0,0,1,74.5,Medium Risk
S08310,24,70,0,1,2,1,0,25,3,2,0,73,79,0,0,1,74.5,Medium Risk
S08311,24,70,2,0,0,1,0,25,3,2,0,73,79,0,0,1,74.5,Medium Risk
S08312,18,62,2,1,2,0,1,26,1,3,1,67,70,1,1,1,66.69999999999999,Medium Risk
S08313,18,62,2,1,2,0,1,29,0,16,0,88,50,1,1,3,65.0,Medium Risk
S08314,18,62,1,1,1,1,1,26,1,3,1,67,70,1,1,1,66.69999999999999,Medium Risk
S08315,18,62,1,1,1,1,1,29,0,16,0,88,50,1,1,3,65.0,Medium Risk
S08316,18,62,2,0,0,1,1,26,1,3,1,67,70,1,1,1,66.69999999999999,Medium Risk
S08317,18,62,2,0,0,1,1,29,0,16,0,88,50,1,1,3,65.0,Medium Risk
S08318,18,62,1,1,1,1,1,26,1,3,1,67,70,1,1,1,66.69999999999999,Medium Risk
S08319,18,62,1,1,1,1,1,29,0,16,0,88,50,1,1,3,65.0,Medium Risk
S08320,27,72,0,1,1,1,0,24,3,16,0,71,89,1,2,0,78.5,Medium Risk
S08321,27,72,0,1,1,1,0,18,3,18,1,78,54,1,2,3,66.6,Medium Risk
S08322,27,72,2,1,1,1,0,24,3,16,0,71,89,1,2,0,78.5,Medium Risk
S08323,27,72,2,1,1,1,0,18,3,18,1,78,54,1,2,3,66.6,Medium Risk
S08324,27,72,1,0,1,1,0,24,3,16,0,71,89,1,2,0,78.5,Medium Risk
S08325,27,72,1,0,1,1,0,18,3,18,1,78,54,1,2,3,66.6,Medium Risk
S08326,34,62,0,0,0,1,0,22,2,12,1,81,88,0,2,0,78.1,Medium Risk
S08327,22,69,2,1,1,1,0,24,0,5,0,76,85,1,1,0,77.5,Medium Risk
S08328,22,69,2,1,1,1,0,25,1,17,1,93,98,1,2,0,87.8,Medium Risk
S08329,22,69,2,1,1,1,0,23,2,0,1,65,56,0,2,2,62.60000000000001,Medium Risk
S08330,22,69,2,0,0,1,0,24,0,5,0,76,85,1,1,0,77.5,Medium Risk
S08331,22,69,2,0,0,1,0,25,1,17,1,93,98,1,2,0,87.8,Medium Risk
S08332,22,69,2,0,0,1,0,23,2,0,1,65,56,0,2,2,62.60000000000001,Medium Risk
S08333,22,69,1,0,0,1,0,24,0,5,0,76,85,1,1,0,77.5,Medium Risk
S08334,22,69,1,0,0,1,0,25,1,17,1,93,98,1,2,0,87.8,Medium Risk
S08335,22,69,1,0,0,1,0,23,2,0,1,65,56,0,2,2,62.60000000000001,Medium Risk
S08336,22,69,1,0,2,1,0,24,0,5,0,76,85,1,1,0,77.5,Medium Risk
S08337,22,69,1,0,2,1,0,25,1,17,1,93,98,1,2,0,87.8,Medium Risk
S08338,22,69,1,0,2,1,0,23,2,0,1,65,56,0,2,2,62.60000000000001,Medium Risk
S08339,22,69,1,0,0,0,0,24,0,5,0,76,85,1,1,0,77.5,Medium Risk
S08340,22,69,1,0,0,0,0,25,1,17,1,93,98,1,2,0,87.8,Medium Risk
S08341,22,69,1,0,0,0,0,23,2,0,1,65,56,0,2,2,62.60000000000001,Medium Risk
S08342,22,69,2,1,1,1,0,24,0,5,0,76,85,1,1,0,77.5,Medium Risk
S08343,22,69,2,1,1,1,0,25,1,17,1,93,98,1,2,0,87.8,Medium Risk
S08344,22,69,2,1,1,1,0,23,2,0,1,65,56,0,2,2,62.60000000000001,Medium Risk
S08345,26,66,1,1,1,1,1,29,1,16,1,90,63,1,1,2,72.0,Medium Risk
S08346,26,66,1,1,1,1,1,22,3,1,0,97,84,1,1,1,82.5,Medium Risk
S08347,9,98,1,0,1,1,1,27,0,2,1,89,55,1,0,2,78.1,Low Risk
S08348,9,98,1,0,1,1,1,18,1,19,1,68,65,1,0,2,75.8,Low Risk
S08349,9,98,1,0,1,1,1,21,2,16,0,67,65,0,1,2,75.5,Low Risk
S08350,9,98,1,0,0,1,1,27,0,2,1,89,55,1,0,2,78.1,Low Risk
S08351,9,98,1,0,0,1,1,18,1,19,1,68,65,1,0,2,75.8,Low Risk
S08352,9,98,1,0,0,1,1,21,2,16,0,67,65,0,1,2,75.5,Low Risk
S08353,9,98,2,0,1,1,1,27,0,2,1,89,55,1,0,2,78.1,Low Risk
S08354,9,98,2,0,1,1,1,18,1,19,1,68,65,1,0,2,75.8,Low Risk
S08355,9,98,2,0,1,1,1,21,2,16,0,67,65,0,1,2,75.5,Low Risk
S08356,9,98,1,1,1,1,1,27,0,2,1,89,55,1,0,2,78.1,Low Risk
S08357,9,98,1,1,1,1,1,18,1,19,1,68,65,1,0,2,75.8,Low Risk
S08358,9,98,1,1,1,1,1,21,2,16,0,67,65,0,1,2,75.5,Low Risk
S08359,13,80,2,1,2,1,0,20,0,13,0,82,75,1,2,1,78.6,Low Risk
S08360,13,80,2,1,2,1,0,27,3,13,0,67,62,1,1,2,68.9,Low Risk
S08361,13,80,2,1,2,1,0,24,0,7,1,56,52,1,0,3,61.6,Low Risk
S08362,13,80,2,1,2,1,0,22,2,1,1,84,46,1,2,3,67.6,Medium Risk
S08363,13,80,2,1,2,1,0,19,3,3,0,82,44,1,0,3,66.2,Medium Risk
S08364,13,80,2,1,2,1,0,29,3,5,1,98,79,1,1,1,85.0,Low Risk
S08365,13,80,1,1,2,1,0,20,0,13,0,82,75,1,2,1,78.6,Low Risk
S08366,13,80,1,1,2,1,0,27,3,13,0,67,62,1,1,2,68.9,Low Risk
S08367,13,80,1,1,2,1,0,24,0,7,1,56,52,1,0,3,61.6,Low Risk
S08368,13,80,1,1,2,1,0,22,2,1,1,84,46,1,2,3,67.6,Medium Risk
S08369,13,80,1,1,2,1,0,19,3,3,0,82,44,1,0,3,66.2,Medium Risk
S08370,13,80,1,1,2,1,0,29,3,5,1,98,79,1,1,1,85.0,Low Risk
S08371,13,80,1,0,1,1,0,20,0,13,0,82,75,1,2,1,78.6,Low Risk
S08372,13,80,1,0,1,1,0,27,3,13,0,67,62,1,1,2,68.9,Low Risk
S08373,13,80,1,0,1,1,0,24,0,7,1,56,52,1,0,3,61.6,Low Risk
S08374,13,80,1,0,1,1,0,22,2,1,1,84,46,1,2,3,67.6,Medium Risk
S08375,13,80,1,0,1,1,0,19,3,3,0,82,44,1,0,3,66.2,Medium Risk
S08376,13,80,1,0,1,1,0,29,3,5,1,98,79,1,1,1,85.0,Low Risk
S08377,7,73,1,1,1,1,0,27,2,0,0,69,68,1,0,2,69.80000000000001,Medium Risk
S08378,7,73,1,1,1,1,0,29,2,2,1,92,40,0,2,3,65.5,Medium Risk
S08379,7,73,1,1,1,1,0,29,0,18,1,88,99,1,0,0,87.9,Medium Risk
S08380,7,73,1,1,1,1,0,21,1,15,1,65,58,0,1,2,64.6,Medium Risk
S08381,7,73,1,1,1,1,0,21,1,5,1,60,76,1,0,1,70.30000000000001,Medium Risk
S08382,35,61,2,1,0,1,1,25,1,15,1,80,47,0,1,3,61.099999999999994,Medium Risk
S08383,35,61,2,1,0,1,1,19,1,18,0,61,56,0,2,2,59.0,Medium Risk
S08384,25,93,2,0,0,1,1,28,2,17,1,50,82,1,1,1,75.7,Low Risk
S08385,25,93,2,0,0,1,1,22,0,15,0,72,71,0,1,1,77.9,Low Risk
S08386,25,93,2,0,2,1,1,28,2,17,1,50,82,1,1,1,75.7,Low Risk
S08387,25,93,2,0,2,1,1,22,0,15,0,72,71,0,1,1,77.9,Low Risk
S08388,25,93,1,1,0,1,1,28,2,17,1,50,82,1,1,1,75.7,Low Risk
S08389,25,93,1,1,0,1,1,22,0,15,0,72,71,0,1,1,77.9,Low Risk
S08390,25,93,1,0,1,1,1,28,2,17,1,50,82,1,1,1,75.7,Low Risk
S08391,25,93,1,0,1,1,1,22,0,15,0,72,71,0,1,1,77.9,Low Risk
S08392,25,93,1,0,1,1,1,28,2,17,1,50,82,1,1,1,75.7,Low Risk
S08393,25,93,1,0,1,1,1,22,0,15,0,72,71,0,1,1,77.9,Low Risk
S08394,26,71,0,0,1,1,0,23,3,3,1,62,64,1,1,2,65.5,Medium Risk
S08395,26,71,0,0,1,1,0,27,0,3,0,55,71,0,0,1,66.2,Medium Risk
S08396,26,71,0,0,1,1,0,19,3,17,1,61,89,1,2,0,75.2,Medium Risk
S08397,26,71,0,0,1,1,0,18,1,13,1,50,72,1,1,1,65.1,Medium Risk
S08398,26,71,0,0,1,1,0,28,3,13,0,97,47,1,0,3,69.2,Medium Risk
S08399,26,71,0,0,1,1,0,18,1,12,1,60,90,1,2,0,75.3,Medium Risk
S08400,26,71,0,0,1,1,0,25,3,12,0,57,100,1,2,0,78.39999999999999,Medium Risk
S08401,26,71,2,0,0,1,0,23,3,3,1,62,64,1,1,2,65.5,Medium Risk
S08402,26,71,2,0,0,1,0,27,0,3,0,55,71,0,0,1,66.2,Medium Risk
S08403,26,71,2,0,0,1,0,19,3,17,1,61,89,1,2,0,75.2,Medium Risk
S08404,26,71,2,0,0,1,0,18,1,13,1,50,72,1,1,1,65.1,Medium Risk
S08405,26,71,2,0,0,1,0,28,3,13,0,97,47,1,0,3,69.2,Medium Risk
S08406,26,71,2,0,0,1,0,18,1,12,1,60,90,1,2,0,75.3,Medium Risk
S08407,26,71,2,0,0,1,0,25,3,12,0,57,100,1,2,0,78.39999999999999,Medium Risk
S08408,26,71,1,1,1,0,0,23,3,3,1,62,64,1,1,2,65.5,Medium Risk
S08409,26,71,1,1,1,0,0,27,0,3,0,55,71,0,0,1,66.2,Medium Risk
S08410,26,71,1,1,1,0,0,19,3,17,1,61,89,1,2,0,75.2,Medium Risk
S08411,26,71,1,1,1,0,0,18,1,13,1,50,72,1,1,1,65.1,Medium Risk
S08412,26,71,1,1,1,0,0,28,3,13,0,97,47,1,0,3,69.2,Medium Risk
S08413,26,71,1,1,1,0,0,18,1,12,1,60,90,1,2,0,75.3,Medium Risk
S08414,26,71,1,1,1,0,0,25,3,12,0,57,100,1,2,0,78.39999999999999,Medium Risk
S08415,22,93,1,0,0,1,1,28,0,7,1,92,43,0,2,3,72.69999999999999,Medium Risk
S08416,22,93,2,1,2,1,1,28,0,7,1,92,43,0,2,3,72.69999999999999,Medium Risk
S08417,22,93,0,1,1,1,1,28,0,7,1,92,43,0,2,3,72.69999999999999,Medium Risk
S08418,22,93,1,1,2,1,1,28,0,7,1,92,43,0,2,3,72.69999999999999,Medium Risk
S08419,16,99,1,1,0,1,0,19,0,0,1,55,57,0,2,2,69.0,Low Risk
S08420,16,99,2,1,2,1,0,19,0,0,1,55,57,0,2,2,69.0,Low Risk
S08421,16,99,1,0,0,0,0,19,0,0,1,55,57,0,2,2,69.0,Low Risk
S08422,16,99,1,0,2,0,0,19,0,0,1,55,57,0,2,2,69.0,Low Risk
S08423,16,99,1,0,0,1,0,19,0,0,1,55,57,0,2,2,69.0,Low Risk
S08424,16,99,2,1,2,1,0,19,0,0,1,55,57,0,2,2,69.0,Low Risk
S08425,16,99,1,1,1,1,0,19,0,0,1,55,57,0,2,2,69.0,Low Risk
S08426,15,82,2,1,1,1,1,22,2,1,1,97,55,1,2,2,75.69999999999999,Low Risk
S08427,15,82,2,1,1,1,1,26,1,14,1,80,51,1,1,3,69.0,Low Risk
S08428,15,82,2,1,1,1,1,24,1,15,1,67,90,0,2,0,80.69999999999999,Low Risk
S08429,15,82,2,1,1,1,1,27,3,17,0,75,90,1,1,0,83.1,Low Risk
S08430,15,82,2,1,1,1,1,25,2,6,1,81,49,0,1,3,68.5,Medium Risk
S08431,15,82,2,1,2,0,1,22,2,1,1,97,55,1,2,2,75.69999999999999,Low Risk
S08432,15,82,2,1,2,0,1,26,1,14,1,80,51,1,1,3,69.0,Low Risk
S08433,15,82,2,1,2,0,1,24,1,15,1,67,90,0,2,0,80.69999999999999,Low Risk
S08434,15,82,2,1,2,0,1,27,3,17,0,75,90,1,1,0,83.1,Low Risk
S08435,15,82,2,1,2,0,1,25,2,6,1,81,49,0,1,3,68.5,Medium Risk
S08436,23,92,0,1,2,1,1,24,2,0,1,80,55,1,2,2,73.6,Low Risk
S08437,23,92,1,1,0,1,1,24,2,0,1,80,55,1,2,2,73.6,Low Risk
S08438,23,92,1,1,1,1,1,24,2,0,1,80,55,1,2,2,73.6,Low Risk
S08439,23,92,2,0,1,1,1,24,2,0,1,80,55,1,2,2,73.6,Low Risk
S08440,23,92,2,1,2,1,1,24,2,0,1,80,55,1,2,2,73.6,Low Risk
S08441,20,91,1,1,1,1,1,25,3,20,1,59,84,1,0,1,78.6,Low Risk
S08442,20,91,2,1,0,1,1,25,3,20,1,59,84,1,0,1,78.6,Low Risk
S08443,20,91,0,1,1,1,1,25,3,20,1,59,84,1,0,1,78.6,Low Risk
S08444,20,91,1,0,1,1,1,25,3,20,1,59,84,1,0,1,78.6,Low Risk
S08445,20,91,1,0,1,1,1,25,3,20,1,59,84,1,0,1,78.6,Low Risk
S08446,20,91,1,1,2,1,1,25,3,20,1,59,84,1,0,1,78.6,Low Risk
S08447,16,74,2,1,0,1,1,19,3,1,0,61,66,1,2,2,66.9,Medium Risk
S08448,16,74,2,1,0,1,1,28,0,13,1,82,68,1,0,2,74.0,Medium Risk
S08449,16,74,2,1,0,1,1,19,3,1,0,61,66,1,2,2,66.9,Medium Risk
S08450,16,74,2,1,0,1,1,28,0,13,1,82,68,1,0,2,74.0,Medium Risk
S08451,16,74,2,0,0,1,1,19,3,1,0,61,66,1,2,2,66.9,Medium Risk
S08452,16,74,2,0,0,1,1,28,0,13,1,82,68,1,0,2,74.0,Medium Risk
S08453,16,74,2,0,1,1,1,19,3,1,0,61,66,1,2,2,66.9,Medium Risk
S08454,16,74,2,0,1,1,1,28,0,13,1,82,68,1,0,2,74.0,Medium Risk
S08455,19,82,2,1,1,1,1,23,0,12,1,64,59,0,1,2,67.39999999999999,Low Risk
S08456,19,82,2,1,1,1,1,29,1,18,1,86,76,0,2,1,80.8,Low Risk
S08457,19,82,2,1,1,1,1,29,1,13,0,99,62,1,2,2,79.1,Low Risk
S08458,19,82,2,1,1,1,1,18,0,5,1,68,90,0,1,0,81.0,Low Risk
S08459,19,82,0,0,1,1,1,23,0,12,1,64,59,0,1,2,67.39999999999999,Low Risk
S08460,19,82,0,0,1,1,1,29,1,18,1,86,76,0,2,1,80.8,Low Risk
S08461,19,82,0,0,1,1,1,29,1,13,0,99,62,1,2,2,79.1,Low Risk
S08462,19,82,0,0,1,1,1,18,0,5,1,68,90,0,1,0,81.0,Low Risk
S08463,19,82,1,0,0,1,1,23,0,12,1,64,59,0,1,2,67.39999999999999,Low Risk
S08464,19,82,1,0,0,1,1,29,1,18,1,86,76,0,2,1,80.8,Low Risk
S08465,19,82,1,0,0,1,1,29,1,13,0,99,62,1,2,2,79.1,Low Risk
S08466,19,82,1,0,0,1,1,18,0,5,1,68,90,0,1,0,81.0,Low Risk
S08467,19,82,1,0,1,1,1,23,0,12,1,64,59,0,1,2,67.39999999999999,Low Risk
S08468,19,82,1,0,1,1,1,29,1,18,1,86,76,0,2,1,80.8,Low Risk
S08469,19,82,1,0,1,1,1,29,1,13,0,99,62,1,2,2,79.1,Low Risk
S08470,19,82,1,0,1,1,1,18,0,5,1,68,90,0,1,0,81.0,Low Risk
S08471,19,82,1,0,1,1,1,23,0,12,1,64,59,0,1,2,67.39999999999999,Low Risk
S08472,19,82,1,0,1,1,1,29,1,18,1,86,76,0,2,1,80.8,Low Risk
S08473,19,82,1,0,1,1,1,29,1,13,0,99,62,1,2,2,79.1,Low Risk
S08474,19,82,1,0,1,1,1,18,0,5,1,68,90,0,1,0,81.0,Low Risk
S08475,23,69,1,1,2,1,0,25,1,2,0,67,53,0,2,3,62.0,Medium Risk
S08476,23,69,1,1,2,1,0,22,3,3,0,86,40,1,0,3,62.5,Medium Risk
S08477,8,80,0,0,2,1,0,23,1,4,1,67,43,1,2,3,61.3,Medium Risk
S08478,19,71,2,0,2,1,0,28,0,17,0,67,66,1,2,2,67.8,Medium Risk
S08479,19,71,2,0,2,1,0,22,0,2,1,68,57,1,2,2,64.5,Medium Risk
S08480,19,71,2,0,2,1,0,23,1,3,1,73,77,1,2,1,74.0,Medium Risk
S08481,19,71,1,1,1,1,0,28,0,17,0,67,66,1,2,2,67.8,Medium Risk
S08482,19,71,1,1,1,1,0,22,0,2,1,68,57,1,2,2,64.5,Medium Risk
S08483,19,71,1,1,1,1,0,23,1,3,1,73,77,1,2,1,74.0,Medium Risk
S08484,19,71,1,1,1,1,0,28,0,17,0,67,66,1,2,2,67.8,Medium Risk
S08485,19,71,1,1,1,1,0,22,0,2,1,68,57,1,2,2,64.5,Medium Risk
S08486,19,71,1,1,1,1,0,23,1,3,1,73,77,1,2,1,74.0,Medium Risk
S08487,19,71,1,1,0,1,0,28,0,17,0,67,66,1,2,2,67.8,Medium Risk
S08488,19,71,1,1,0,1,0,22,0,2,1,68,57,1,2,2,64.5,Medium Risk
S08489,19,71,1,1,0,1,0,23,1,3,1,73,77,1,2,1,74.0,Medium Risk
S08490,19,71,2,1,0,1,0,28,0,17,0,67,66,1,2,2,67.8,Medium Risk
S08491,19,71,2,1,0,1,0,22,0,2,1,68,57,1,2,2,64.5,Medium Risk
S08492,19,71,2,1,0,1,0,23,1,3,1,73,77,1,2,1,74.0,Medium Risk
S08493,13,67,1,1,2,1,1,19,1,12,0,78,62,0,2,2,68.3,Medium Risk
S08494,13,67,1,1,2,1,1,26,0,19,1,77,52,1,1,3,64.0,Medium Risk
S08495,13,67,1,1,2,1,1,26,0,2,0,50,54,1,1,3,56.7,Medium Risk
S08496,13,67,1,1,1,1,1,19,1,12,0,78,62,0,2,2,68.3,Medium Risk
S08497,13,67,1,1,1,1,1,26,0,19,1,77,52,1,1,3,64.0,Medium Risk
S08498,13,67,1,1,1,1,1,26,0,2,0,50,54,1,1,3,56.7,Medium Risk
S08499,13,67,0,1,1,1,1,19,1,12,0,78,62,0,2,2,68.3,Medium Risk
S08500,13,67,0,1,1,1,1,26,0,19,1,77,52,1,1,3,64.0,Medium Risk
S08501,13,67,0,1,1,1,1,26,0,2,0,50,54,1,1,3,56.7,Medium Risk
S08502,13,67,2,1,1,1,1,19,1,12,0,78,62,0,2,2,68.3,Medium Risk
S08503,13,67,2,1,1,1,1,26,0,19,1,77,52,1,1,3,64.0,Medium Risk
S08504,13,67,2,1,1,1,1,26,0,2,0,50,54,1,1,3,56.7,Medium Risk
S08505,16,93,1,1,1,1,0,27,1,6,1,84,46,1,1,3,71.5,Medium Risk
S08506,16,93,1,1,1,1,0,27,1,6,1,84,46,1,1,3,71.5,Medium Risk
S08507,16,93,2,1,0,1,0,27,1,6,1,84,46,1,1,3,71.5,Medium Risk
S08508,18,68,1,0,2,1,0,25,2,11,1,80,80,1,2,1,76.4,Medium Risk
S08509,18,68,1,0,2,1,0,20,1,10,0,55,79,0,1,1,68.5,Medium Risk
S08510,18,68,2,0,1,1,0,25,2,11,1,80,80,1,2,1,76.4,Medium Risk
S08511,18,68,2,0,1,1,0,20,1,10,0,55,79,0,1,1,68.5,Medium Risk
S08512,18,67,1,0,1,1,0,27,3,0,1,57,79,0,2,1,68.8,Medium Risk
S08513,18,67,1,0,1,1,0,24,0,15,1,62,85,1,2,0,72.69999999999999,Medium Risk
S08514,18,67,1,0,1,1,0,27,1,9,1,61,76,0,2,1,68.8,Medium Risk
S08515,18,67,2,1,0,1,0,27,3,0,1,57,79,0,2,1,68.8,Medium Risk
S08516,18,67,2,1,0,1,0,24,0,15,1,62,85,1,2,0,72.69999999999999,Medium Risk
S08517,18,67,2,1,0,1,0,27,1,9,1,61,76,0,2,1,68.8,Medium Risk
S08518,21,66,1,0,0,0,1,21,2,16,0,68,72,0,2,1,69.0,Medium Risk
S08519,21,66,1,0,1,1,1,21,2,16,0,68,72,0,2,1,69.0,Medium Risk
S08520,21,66,1,1,1,1,1,21,2,16,0,68,72,0,2,1,69.0,Medium Risk
S08521,26,90,2,0,0,1,0,21,0,3,1,62,81,0,2,1,78.0,Low Risk
S08522,26,90,2,0,0,1,0,29,0,7,0,63,97,1,2,0,84.7,Low Risk
S08523,26,90,2,0,0,1,0,28,0,11,0,67,55,1,1,2,69.1,Low Risk
S08524,26,90,2,0,0,1,0,21,3,8,1,88,94,1,2,0,91.0,Low Risk
S08525,26,90,2,0,0,1,0,21,2,1,1,80,62,1,2,2,75.8,Low Risk
S08526,26,90,1,1,1,1,0,21,0,3,1,62,81,0,2,1,78.0,Low Risk
S08527,26,90,1,1,1,1,0,29,0,7,0,63,97,1,2,0,84.7,Low Risk
S08528,26,90,1,1,1,1,0,28,0,11,0,67,55,1,1,2,69.1,Low Risk
S08529,26,90,1,1,1,1,0,21,3,8,1,88,94,1,2,0,91.0,Low Risk
S08530,26,90,1,1,1,1,0,21,2,1,1,80,62,1,2,2,75.8,Low Risk
S08531,26,90,1,0,2,1,0,21,0,3,1,62,81,0,2,1,78.0,Low Risk
S08532,26,90,1,0,2,1,0,29,0,7,0,63,97,1,2,0,84.7,Low Risk
S08533,26,90,1,0,2,1,0,28,0,11,0,67,55,1,1,2,69.1,Low Risk
S08534,26,90,1,0,2,1,0,21,3,8,1,88,94,1,2,0,91.0,Low Risk
S08535,26,90,1,0,2,1,0,21,2,1,1,80,62,1,2,2,75.8,Low Risk
S08536,11,84,1,1,2,1,0,27,1,6,1,75,43,1,2,3,64.9,Medium Risk
S08537,11,84,1,0,0,1,0,27,1,6,1,75,43,1,2,3,64.9,Medium Risk
S08538,11,84,0,1,0,1,0,27,1,6,1,75,43,1,2,3,64.9,Medium Risk
S08539,11,84,1,1,2,1,0,27,1,6,1,75,43,1,2,3,64.9,Medium Risk
S08540,5,87,0,0,1,1,0,26,0,19,1,77,59,0,1,2,72.8,Low Risk
S08541,19,86,0,0,0,1,1,20,0,20,1,56,70,1,2,1,70.6,Low Risk
S08542,19,86,2,1,2,1,1,20,0,20,1,56,70,1,2,1,70.6,Low Risk
S08543,19,86,1,0,1,1,1,20,0,20,1,56,70,1,2,1,70.6,Low Risk
S08544,19,86,1,1,0,1,1,20,0,20,1,56,70,1,2,1,70.6,Low Risk
S08545,13,60,1,1,1,1,1,28,0,8,0,71,92,0,1,0,76.10000000000001,Medium Risk
S08546,13,60,1,0,0,1,1,28,0,8,0,71,92,0,1,0,76.10000000000001,Medium Risk
S08547,13,60,0,0,0,1,1,28,0,8,0,71,92,0,1,0,76.10000000000001,Medium Risk
S08548,13,60,1,0,2,1,1,28,0,8,0,71,92,0,1,0,76.10000000000001,Medium Risk
S08549,13,60,1,1,1,1,1,28,0,8,0,71,92,0,1,0,76.10000000000001,Medium Risk
S08550,9,61,1,1,0,0,1,25,1,3,0,70,83,1,1,1,72.5,Medium Risk
S08551,9,61,2,1,1,1,1,25,1,3,0,70,83,1,1,1,72.5,Medium Risk
S08552,17,71,2,1,0,1,0,19,2,2,0,55,46,1,0,3,56.2,Medium Risk
S08553,17,71,2,1,0,1,0,29,0,14,0,72,44,1,1,3,60.5,Medium Risk
S08554,17,71,2,1,0,1,0,25,2,16,1,58,69,1,2,2,66.3,Medium Risk
S08555,17,71,2,1,0,1,0,19,2,2,0,55,46,1,0,3,56.2,Medium Risk
S08556,17,71,2,1,0,1,0,29,0,14,0,72,44,1,1,3,60.5,Medium Risk
S08557,17,71,2,1,0,1,0,25,2,16,1,58,69,1,2,2,66.3,Medium Risk
S08558,17,71,0,0,1,1,0,19,2,2,0,55,46,1,0,3,56.2,Medium Risk
S08559,17,71,0,0,1,1,0,29,0,14,0,72,44,1,1,3,60.5,Medium Risk
S08560,17,71,0,0,1,1,0,25,2,16,1,58,69,1,2,2,66.3,Medium Risk
S08561,17,71,1,0,0,1,0,19,2,2,0,55,46,1,0,3,56.2,Medium Risk
S08562,17,71,1,0,0,1,0,29,0,14,0,72,44,1,1,3,60.5,Medium Risk
S08563,17,71,1,0,0,1,0,25,2,16,1,58,69,1,2,2,66.3,Medium Risk
S08564,11,61,1,1,2,1,0,27,1,20,1,80,55,1,0,2,64.3,Medium Risk
S08565,11,61,1,1,2,1,0,19,0,10,1,53,46,0,2,3,52.599999999999994,Medium Risk
S08566,11,61,1,1,2,1,0,28,3,8,0,72,84,1,2,1,73.5,Medium Risk
S08567,20,74,2,0,0,1,1,21,2,19,1,59,53,1,2,3,61.10000000000001,Medium Risk
S08568,20,74,2,0,0,1,1,27,2,6,1,96,88,1,2,0,86.2,Medium Risk
S08569,20,74,1,1,2,1,1,21,2,19,1,59,53,1,2,3,61.10000000000001,Medium Risk
S08570,20,74,1,1,2,1,1,27,2,6,1,96,88,1,2,0,86.2,Medium Risk
S08571,20,74,1,0,2,1,1,21,2,19,1,59,53,1,2,3,61.10000000000001,Medium Risk
S08572,20,74,1,0,2,1,1,27,2,6,1,96,88,1,2,0,86.2,Medium Risk
S08573,20,74,1,1,1,1,1,21,2,19,1,59,53,1,2,3,61.10000000000001,Medium Risk
S08574,20,74,1,1,1,1,1,27,2,6,1,96,88,1,2,0,86.2,Medium Risk
S08575,20,74,1,0,1,1,1,21,2,19,1,59,53,1,2,3,61.10000000000001,Medium Risk
S08576,20,74,1,0,1,1,1,27,2,6,1,96,88,1,2,0,86.2,Medium Risk
S08577,20,74,1,1,1,1,1,21,2,19,1,59,53,1,2,3,61.10000000000001,Medium Risk
S08578,20,74,1,1,1,1,1,27,2,6,1,96,88,1,2,0,86.2,Medium Risk
S08579,23,64,1,0,1,1,1,29,2,3,0,86,95,1,1,0,83.0,Medium Risk
S08580,23,64,1,0,1,1,1,25,1,9,0,64,75,0,2,1,68.4,Medium Risk
S08581,23,64,1,1,2,1,1,29,2,3,0,86,95,1,1,0,83.0,Medium Risk
S08582,23,64,1,1,2,1,1,25,1,9,0,64,75,0,2,1,68.4,Medium Risk
S08583,23,64,2,1,1,1,1,29,2,3,0,86,95,1,1,0,83.0,Medium Risk
S08584,23,64,2,1,1,1,1,25,1,9,0,64,75,0,2,1,68.4,Medium Risk
S08585,23,64,0,1,1,1,1,29,2,3,0,86,95,1,1,0,83.0,Medium Risk
S08586,23,64,0,1,1,1,1,25,1,9,0,64,75,0,2,1,68.4,Medium Risk
S08587,23,64,2,0,0,1,1,29,2,3,0,86,95,1,1,0,83.0,Medium Risk
S08588,23,64,2,0,0,1,1,25,1,9,0,64,75,0,2,1,68.4,Medium Risk
S08589,23,64,1,1,1,1,1,29,2,3,0,86,95,1,1,0,83.0,Medium Risk
S08590,23,64,1,1,1,1,1,25,1,9,0,64,75,0,2,1,68.4,Medium Risk
S08591,21,80,2,0,1,1,0,25,2,0,1,50,75,1,2,1,69.0,Low Risk
S08592,21,80,2,0,1,1,0,25,0,15,1,96,87,0,1,0,87.6,Low Risk
S08593,21,80,2,0,1,1,0,22,0,16,1,64,88,1,0,0,78.4,Low Risk
S08594,21,80,2,1,1,1,0,25,2,0,1,50,75,1,2,1,69.0,Low Risk
S08595,21,80,2,1,1,1,0,25,0,15,1,96,87,0,1,0,87.6,Low Risk
S08596,21,80,2,1,1,1,0,22,0,16,1,64,88,1,0,0,78.4,Low Risk
S08597,21,80,2,1,0,1,0,25,2,0,1,50,75,1,2,1,69.0,Low Risk
S08598,21,80,2,1,0,1,0,25,0,15,1,96,87,0,1,0,87.6,Low Risk
S08599,21,80,2,1,0,1,0,22,0,16,1,64,88,1,0,0,78.4,Low Risk
S08600,21,80,0,1,1,1,0,25,2,0,1,50,75,1,2,1,69.0,Low Risk
S08601,21,80,0,1,1,1,0,25,0,15,1,96,87,0,1,0,87.6,Low Risk
S08602,21,80,0,1,1,1,0,22,0,16,1,64,88,1,0,0,78.4,Low Risk
S08603,21,80,1,1,0,1,0,25,2,0,1,50,75,1,2,1,69.0,Low Risk
S08604,21,80,1,1,0,1,0,25,0,15,1,96,87,0,1,0,87.6,Low Risk
S08605,21,80,1,1,0,1,0,22,0,16,1,64,88,1,0,0,78.4,Low Risk
S08606,21,80,0,0,1,1,0,25,2,0,1,50,75,1,2,1,69.0,Low Risk
S08607,21,80,0,0,1,1,0,25,0,15,1,96,87,0,1,0,87.6,Low Risk
S08608,21,80,0,0,1,1,0,22,0,16,1,64,88,1,0,0,78.4,Low Risk
S08609,14,91,1,1,1,1,1,26,0,16,0,86,79,1,1,1,84.7,Low Risk
S08610,14,91,1,1,1,1,1,26,0,16,0,86,79,1,1,1,84.7,Low Risk
S08611,14,91,1,1,1,1,1,26,0,16,0,86,79,1,1,1,84.7,Low Risk
S08612,14,91,2,1,1,1,1,26,0,16,0,86,79,1,1,1,84.7,Low Risk
S08613,14,91,1,1,1,1,1,26,0,16,0,86,79,1,1,1,84.7,Low Risk
S08614,27,69,1,0,1,1,1,23,2,16,0,77,87,0,0,0,78.60000000000001,Medium Risk
S08615,27,69,2,1,0,1,1,23,2,16,0,77,87,0,0,0,78.60000000000001,Medium Risk
S08616,27,69,0,1,1,1,1,23,2,16,0,77,87,0,0,0,78.60000000000001,Medium Risk
S08617,14,100,1,0,0,1,1,22,0,10,1,79,56,1,1,2,76.1,Low Risk
S08618,14,100,1,0,0,1,1,26,1,5,1,73,72,0,2,1,80.7,Low Risk
S08619,30,66,2,0,0,1,1,23,2,0,1,55,63,1,2,2,61.5,Medium Risk
S08620,30,66,2,0,0,0,1,23,2,0,1,55,63,1,2,2,61.5,Medium Risk
S08621,26,90,0,1,0,1,1,19,0,18,1,73,47,0,1,3,67.7,Medium Risk
S08622,26,90,2,1,1,1,1,19,0,18,1,73,47,0,1,3,67.7,Medium Risk
S08623,26,90,2,1,1,1,1,19,0,18,1,73,47,0,1,3,67.7,Medium Risk
S08624,26,90,2,1,1,1,1,19,0,18,1,73,47,0,1,3,67.7,Medium Risk
S08625,16,77,2,0,0,1,1,26,2,2,1,95,51,0,1,3,72.0,Low Risk
S08626,16,77,1,1,1,1,1,26,2,2,1,95,51,0,1,3,72.0,Low Risk
S08627,16,77,0,1,1,0,1,26,2,2,1,95,51,0,1,3,72.0,Low Risk
S08628,24,92,1,1,2,1,0,29,3,2,1,82,87,0,0,0,87.0,Low Risk
S08629,24,92,1,1,2,1,0,18,0,16,0,70,96,1,2,0,87.0,Low Risk
S08630,24,92,2,0,2,1,0,29,3,2,1,82,87,0,0,0,87.0,Low Risk
S08631,24,92,2,0,2,1,0,18,0,16,0,70,96,1,2,0,87.0,Low Risk
S08632,24,92,2,0,1,1,0,29,3,2,1,82,87,0,0,0,87.0,Low Risk
S08633,24,92,2,0,1,1,0,18,0,16,0,70,96,1,2,0,87.0,Low Risk
S08634,24,92,0,0,1,1,0,29,3,2,1,82,87,0,0,0,87.0,Low Risk
S08635,24,92,0,0,1,1,0,18,0,16,0,70,96,1,2,0,87.0,Low Risk
S08636,24,92,1,0,1,1,0,29,3,2,1,82,87,0,0,0,87.0,Low Risk
S08637,24,92,1,0,1,1,0,18,0,16,0,70,96,1,2,0,87.0,Low Risk
S08638,24,92,1,1,0,1,0,29,3,2,1,82,87,0,0,0,87.0,Low Risk
S08639,24,92,1,1,0,1,0,18,0,16,0,70,96,1,2,0,87.0,Low Risk
S08640,28,82,1,1,1,1,1,25,2,7,1,80,67,1,1,2,75.39999999999999,Low Risk
S08641,28,82,1,1,1,1,1,27,0,14,1,93,82,1,1,1,85.3,Low Risk
S08642,28,82,1,1,1,1,1,20,2,0,1,51,99,1,2,0,79.5,Low Risk
S08643,28,82,2,0,0,1,1,25,2,7,1,80,67,1,1,2,75.39999999999999,Low Risk
S08644,28,82,2,0,0,1,1,27,0,14,1,93,82,1,1,1,85.3,Low Risk
S08645,28,82,2,0,0,1,1,20,2,0,1,51,99,1,2,0,79.5,Low Risk
S08646,28,82,2,1,0,1,1,25,2,7,1,80,67,1,1,2,75.39999999999999,Low Risk
S08647,28,82,2,1,0,1,1,27,0,14,1,93,82,1,1,1,85.3,Low Risk
S08648,28,82,2,1,0,1,1,20,2,0,1,51,99,1,2,0,79.5,Low Risk
S08649,29,100,2,1,1,1,0,24,3,20,0,87,56,1,2,2,78.5,Low Risk
S08650,29,100,2,1,1,1,0,21,1,20,1,90,69,0,2,2,84.6,Low Risk
S08651,29,100,1,1,1,0,0,24,3,20,0,87,56,1,2,2,78.5,Low Risk
S08652,29,100,1,1,1,0,0,21,1,20,1,90,69,0,2,2,84.6,Low Risk
S08653,15,85,1,0,2,1,1,25,0,14,1,76,67,1,0,2,75.1,Low Risk
S08654,15,85,1,0,2,1,1,25,2,5,1,60,46,1,2,3,61.900000000000006,Medium Risk
S08655,15,85,1,0,2,1,1,23,3,5,0,54,82,0,2,1,74.5,Low Risk
S08656,15,85,2,1,1,1,1,25,0,14,1,76,67,1,0,2,75.1,Low Risk
S08657,15,85,2,1,1,1,1,25,2,5,1,60,46,1,2,3,61.900000000000006,Medium Risk
S08658,15,85,2,1,1,1,1,23,3,5,0,54,82,0,2,1,74.5,Low Risk
S08659,15,85,1,0,1,1,1,25,0,14,1,76,67,1,0,2,75.1,Low Risk
S08660,15,85,1,0,1,1,1,25,2,5,1,60,46,1,2,3,61.900000000000006,Medium Risk
S08661,15,85,1,0,1,1,1,23,3,5,0,54,82,0,2,1,74.5,Low Risk
S08662,15,85,1,1,1,1,1,25,0,14,1,76,67,1,0,2,75.1,Low Risk
S08663,15,85,1,1,1,1,1,25,2,5,1,60,46,1,2,3,61.900000000000006,Medium Risk
S08664,15,85,1,1,1,1,1,23,3,5,0,54,82,0,2,1,74.5,Low Risk
S08665,15,85,1,0,2,1,1,25,0,14,1,76,67,1,0,2,75.1,Low Risk
S08666,15,85,1,0,2,1,1,25,2,5,1,60,46,1,2,3,61.900000000000006,Medium Risk
S08667,15,85,1,0,2,1,1,23,3,5,0,54,82,0,2,1,74.5,Low Risk
S08668,32,88,1,0,0,1,1,22,1,11,1,70,63,1,2,2,72.6,Low Risk
S08669,32,88,1,0,0,1,1,20,1,11,1,88,45,1,2,3,70.8,Medium Risk
S08670,32,88,0,1,0,1,1,22,1,11,1,70,63,1,2,2,72.6,Low Risk
S08671,32,88,0,1,0,1,1,20,1,11,1,88,45,1,2,3,70.8,Medium Risk
S08672,27,80,2,0,2,1,1,29,3,11,0,84,52,1,2,3,70.0,Low Risk
S08673,27,80,0,1,1,1,1,29,3,11,0,84,52,1,2,3,70.0,Low Risk
S08674,27,80,0,1,2,1,1,29,3,11,0,84,52,1,2,3,70.0,Low Risk
S08675,27,80,0,0,0,1,1,29,3,11,0,84,52,1,2,3,70.0,Low Risk
S08676,27,80,1,0,2,0,1,29,3,11,0,84,52,1,2,3,70.0,Low Risk
S08677,27,80,0,1,0,1,1,29,3,11,0,84,52,1,2,3,70.0,Low Risk
S08678,14,70,1,1,0,1,0,26,3,5,1,97,76,1,0,1,80.5,Medium Risk
S08679,14,70,1,1,0,1,0,25,1,10,0,67,66,0,2,2,67.5,Medium Risk
S08680,14,70,1,1,0,1,0,25,3,19,1,81,93,1,1,0,82.5,Medium Risk
S08681,14,70,1,1,0,1,0,19,0,16,1,73,97,1,0,0,81.7,Medium Risk
S08682,14,70,1,1,2,1,0,26,3,5,1,97,76,1,0,1,80.5,Medium Risk
S08683,14,70,1,1,2,1,0,25,1,10,0,67,66,0,2,2,67.5,Medium Risk
S08684,14,70,1,1,2,1,0,25,3,19,1,81,93,1,1,0,82.5,Medium Risk
S08685,14,70,1,1,2,1,0,19,0,16,1,73,97,1,0,0,81.7,Medium Risk
S08686,27,61,2,1,1,1,0,25,0,4,1,100,86,1,2,0,82.7,Medium Risk
S08687,26,81,1,0,0,1,0,20,2,1,0,56,58,1,2,2,64.3,Low Risk
S08688,26,81,1,0,0,1,0,24,3,5,1,77,50,1,2,3,67.39999999999999,Low Risk
S08689,26,81,1,0,0,1,0,26,2,1,0,50,86,0,0,0,73.7,Low Risk
S08690,26,81,1,0,0,1,0,25,1,9,1,100,72,0,2,1,83.1,Low Risk
S08691,26,81,1,1,1,1,0,20,2,1,0,56,58,1,2,2,64.3,Low Risk
S08692,26,81,1,1,1,1,0,24,3,5,1,77,50,1,2,3,67.39999999999999,Low Risk
S08693,26,81,1,1,1,1,0,26,2,1,0,50,86,0,0,0,73.7,Low Risk
S08694,26,81,1,1,1,1,0,25,1,9,1,100,72,0,2,1,83.1,Low Risk
S08695,26,81,0,0,2,1,0,20,2,1,0,56,58,1,2,2,64.3,Low Risk
S08696,26,81,0,0,2,1,0,24,3,5,1,77,50,1,2,3,67.39999999999999,Low Risk
S08697,26,81,0,0,2,1,0,26,2,1,0,50,86,0,0,0,73.7,Low Risk
S08698,26,81,0,0,2,1,0,25,1,9,1,100,72,0,2,1,83.1,Low Risk
S08699,26,81,1,1,1,1,0,20,2,1,0,56,58,1,2,2,64.3,Low Risk
S08700,26,81,1,1,1,1,0,24,3,5,1,77,50,1,2,3,67.39999999999999,Low Risk
S08701,26,81,1,1,1,1,0,26,2,1,0,50,86,0,0,0,73.7,Low Risk
S08702,26,81,1,1,1,1,0,25,1,9,1,100,72,0,2,1,83.1,Low Risk
S08703,26,81,1,1,0,1,0,20,2,1,0,56,58,1,2,2,64.3,Low Risk
S08704,26,81,1,1,0,1,0,24,3,5,1,77,50,1,2,3,67.39999999999999,Low Risk
S08705,26,81,1,1,0,1,0,26,2,1,0,50,86,0,0,0,73.7,Low Risk
S08706,26,81,1,1,0,1,0,25,1,9,1,100,72,0,2,1,83.1,Low Risk
S08707,11,97,1,1,0,1,1,28,2,5,0,51,46,1,2,3,62.8,Medium Risk
S08708,11,97,2,1,1,1,1,28,2,5,0,51,46,1,2,3,62.8,Medium Risk
S08709,11,97,1,0,1,1,1,28,2,5,0,51,46,1,2,3,62.8,Medium Risk
S08710,18,77,2,1,1,1,0,18,2,19,0,80,56,1,1,2,69.5,Low Risk
S08711,18,77,2,1,1,1,0,20,1,6,0,73,41,0,2,3,61.39999999999999,Medium Risk
S08712,18,77,2,1,1,1,0,27,2,8,0,70,95,0,2,0,82.1,Low Risk
S08713,18,77,1,1,2,1,0,18,2,19,0,80,56,1,1,2,69.5,Low Risk
S08714,18,77,1,1,2,1,0,20,1,6,0,73,41,0,2,3,61.39999999999999,Medium Risk
S08715,18,77,1,1,2,1,0,27,2,8,0,70,95,0,2,0,82.1,Low Risk
S08716,18,77,2,1,2,0,0,18,2,19,0,80,56,1,1,2,69.5,Low Risk
S08717,18,77,2,1,2,0,0,20,1,6,0,73,41,0,2,3,61.39999999999999,Medium Risk
S08718,18,77,2,1,2,0,0,27,2,8,0,70,95,0,2,0,82.1,Low Risk
S08719,18,77,1,0,0,1,0,18,2,19,0,80,56,1,1,2,69.5,Low Risk
S08720,18,77,1,0,0,1,0,20,1,6,0,73,41,0,2,3,61.39999999999999,Medium Risk
S08721,18,77,1,0,0,1,0,27,2,8,0,70,95,0,2,0,82.1,Low Risk
S08722,28,91,1,0,0,1,1,23,2,1,0,61,71,1,1,1,74.0,Low Risk
S08723,28,91,1,0,0,1,1,19,3,5,1,86,55,1,1,2,75.1,Low Risk
S08724,28,91,2,1,2,1,1,23,2,1,0,61,71,1,1,1,74.0,Low Risk
S08725,28,91,2,1,2,1,1,19,3,5,1,86,55,1,1,2,75.1,Low Risk
S08726,28,91,1,1,0,1,1,23,2,1,0,61,71,1,1,1,74.0,Low Risk
S08727,28,91,1,1,0,1,1,19,3,5,1,86,55,1,1,2,75.1,Low Risk
S08728,28,91,1,0,1,1,1,23,2,1,0,61,71,1,1,1,74.0,Low Risk
S08729,28,91,1,0,1,1,1,19,3,5,1,86,55,1,1,2,75.1,Low Risk
S08730,23,65,2,1,0,1,0,26,3,10,0,94,42,1,2,3,64.5,Medium Risk
S08731,23,65,2,1,0,1,0,19,1,12,1,90,82,1,0,1,79.30000000000001,Medium Risk
S08732,23,65,1,0,1,1,0,26,3,10,0,94,42,1,2,3,64.5,Medium Risk
S08733,23,65,1,0,1,1,0,19,1,12,1,90,82,1,0,1,79.30000000000001,Medium Risk
S08734,23,65,1,1,0,1,0,26,3,10,0,94,42,1,2,3,64.5,Medium Risk
S08735,23,65,1,1,0,1,0,19,1,12,1,90,82,1,0,1,79.30000000000001,Medium Risk
S08736,33,87,2,0,0,1,1,21,1,19,1,81,64,0,0,2,76.0,Low Risk
S08737,33,87,2,0,0,1,1,18,2,9,1,52,76,1,2,1,72.1,Low Risk
S08738,33,87,2,0,0,1,1,24,2,19,0,74,82,0,2,1,81.1,Low Risk
S08739,33,87,2,0,0,1,1,21,1,19,0,82,100,1,2,0,90.69999999999999,Low Risk
S08740,26,92,0,1,1,1,0,18,1,6,0,56,62,1,2,2,69.2,Low Risk
S08741,26,92,0,1,1,1,0,22,2,6,0,60,90,1,1,0,81.6,Low Risk
S08742,26,92,0,1,1,1,0,19,0,18,0,58,76,0,0,1,75.39999999999999,Low Risk
S08743,26,92,0,1,1,1,0,25,3,20,0,76,41,1,1,3,66.8,Medium Risk
S08744,29,99,1,1,2,0,1,22,2,12,0,90,78,1,1,1,87.9,Low Risk
S08745,29,99,1,1,2,0,1,22,2,17,1,96,85,0,1,0,92.5,Low Risk
S08746,29,99,1,1,0,1,1,22,2,12,0,90,78,1,1,1,87.9,Low Risk
S08747,29,99,1,1,0,1,1,22,2,17,1,96,85,0,1,0,92.5,Low Risk
S08748,26,93,1,0,0,1,0,26,1,1,1,76,90,0,0,0,86.69999999999999,Low Risk
S08749,26,93,1,0,0,1,0,24,1,8,1,97,89,1,0,0,92.6,Low Risk
S08750,26,93,1,0,0,1,0,23,1,7,0,78,78,1,0,1,82.5,Low Risk
S08751,26,93,0,0,1,1,0,26,1,1,1,76,90,0,0,0,86.69999999999999,Low Risk
S08752,26,93,0,0,1,1,0,24,1,8,1,97,89,1,0,0,92.6,Low Risk
S08753,26,93,0,0,1,1,0,23,1,7,0,78,78,1,0,1,82.5,Low Risk
S08754,26,93,2,0,1,1,0,26,1,1,1,76,90,0,0,0,86.69999999999999,Low Risk
S08755,26,93,2,0,1,1,0,24,1,8,1,97,89,1,0,0,92.6,Low Risk
S08756,26,93,2,0,1,1,0,23,1,7,0,78,78,1,0,1,82.5,Low Risk
S08757,26,93,1,1,1,1,0,26,1,1,1,76,90,0,0,0,86.69999999999999,Low Risk
S08758,26,93,1,1,1,1,0,24,1,8,1,97,89,1,0,0,92.6,Low Risk
S08759,26,93,1,1,1,1,0,23,1,7,0,78,78,1,0,1,82.5,Low Risk
S08760,26,93,2,1,0,1,0,26,1,1,1,76,90,0,0,0,86.69999999999999,Low Risk
S08761,26,93,2,1,0,1,0,24,1,8,1,97,89,1,0,0,92.6,Low Risk
S08762,26,93,2,1,0,1,0,23,1,7,0,78,78,1,0,1,82.5,Low Risk
S08763,18,70,1,1,1,1,1,23,1,3,1,96,40,1,0,3,65.8,Medium Risk
S08764,18,70,1,1,1,1,1,24,3,8,1,90,69,0,2,2,75.6,Medium Risk
S08765,18,70,1,1,1,1,1,29,1,12,0,63,50,1,1,3,59.9,Medium Risk
S08766,18,70,0,1,1,1,1,23,1,3,1,96,40,1,0,3,65.8,Medium Risk
S08767,18,70,0,1,1,1,1,24,3,8,1,90,69,0,2,2,75.6,Medium Risk
S08768,18,70,0,1,1,1,1,29,1,12,0,63,50,1,1,3,59.9,Medium Risk
S08769,18,70,1,1,1,1,1,23,1,3,1,96,40,1,0,3,65.8,Medium Risk
S08770,18,70,1,1,1,1,1,24,3,8,1,90,69,0,2,2,75.6,Medium Risk
S08771,18,70,1,1,1,1,1,29,1,12,0,63,50,1,1,3,59.9,Medium Risk
S08772,18,70,2,0,1,1,1,23,1,3,1,96,40,1,0,3,65.8,Medium Risk
S08773,18,70,2,0,1,1,1,24,3,8,1,90,69,0,2,2,75.6,Medium Risk
S08774,18,70,2,0,1,1,1,29,1,12,0,63,50,1,1,3,59.9,Medium Risk
S08775,15,91,1,0,0,1,0,18,3,6,1,90,81,0,0,1,86.7,Low Risk
S08776,15,91,1,0,0,1,0,26,2,18,0,91,88,0,1,0,89.8,Low Risk
S08777,15,91,1,0,0,1,0,18,3,6,1,90,81,0,0,1,86.7,Low Risk
S08778,15,91,1,0,0,1,0,26,2,18,0,91,88,0,1,0,89.8,Low Risk
S08779,15,91,2,0,1,1,0,18,3,6,1,90,81,0,0,1,86.7,Low Risk
S08780,15,91,2,0,1,1,0,26,2,18,0,91,88,0,1,0,89.8,Low Risk
S08781,15,91,0,1,0,1,0,18,3,6,1,90,81,0,0,1,86.7,Low Risk
S08782,15,91,0,1,0,1,0,26,2,18,0,91,88,0,1,0,89.8,Low Risk
S08783,15,91,2,1,2,1,0,18,3,6,1,90,81,0,0,1,86.7,Low Risk
S08784,15,91,2,1,2,1,0,26,2,18,0,91,88,0,1,0,89.8,Low Risk
S08785,8,88,1,1,2,1,1,23,2,15,1,64,64,0,2,2,71.19999999999999,Low Risk
S08786,32,84,1,1,1,1,0,21,2,16,0,88,59,1,2,2,75.2,Low Risk
S08787,32,84,1,1,1,1,0,21,2,16,0,88,59,1,2,2,75.2,Low Risk
S08788,19,75,1,0,0,1,0,25,2,13,0,54,60,1,2,2,62.7,Low Risk
S08789,19,75,1,0,0,1,0,29,1,15,0,87,51,0,1,3,69.0,Low Risk
S08790,19,75,1,0,0,1,0,20,2,20,1,86,90,0,0,0,84.3,Low Risk
S08791,19,75,0,0,2,1,0,25,2,13,0,54,60,1,2,2,62.7,Low Risk
S08792,19,75,0,0,2,1,0,29,1,15,0,87,51,0,1,3,69.0,Low Risk
S08793,19,75,0,0,2,1,0,20,2,20,1,86,90,0,0,0,84.3,Low Risk
S08794,19,75,2,0,1,1,0,25,2,13,0,54,60,1,2,2,62.7,Low Risk
S08795,19,75,2,0,1,1,0,29,1,15,0,87,51,0,1,3,69.0,Low Risk
S08796,19,75,2,0,1,1,0,20,2,20,1,86,90,0,0,0,84.3,Low Risk
S08797,19,75,2,0,0,1,0,25,2,13,0,54,60,1,2,2,62.7,Low Risk
S08798,19,75,2,0,0,1,0,29,1,15,0,87,51,0,1,3,69.0,Low Risk
S08799,19,75,2,0,0,1,0,20,2,20,1,86,90,0,0,0,84.3,Low Risk
S08800,19,75,2,0,1,1,0,25,2,13,0,54,60,1,2,2,62.7,Low Risk
S08801,19,75,2,0,1,1,0,29,1,15,0,87,51,0,1,3,69.0,Low Risk
S08802,19,75,2,0,1,1,0,20,2,20,1,86,90,0,0,0,84.3,Low Risk
S08803,19,75,2,1,1,1,0,25,2,13,0,54,60,1,2,2,62.7,Low Risk
S08804,19,75,2,1,1,1,0,29,1,15,0,87,51,0,1,3,69.0,Low Risk
S08805,19,75,2,1,1,1,0,20,2,20,1,86,90,0,0,0,84.3,Low Risk
S08806,19,75,2,1,2,1,0,25,2,13,0,54,60,1,2,2,62.7,Low Risk
S08807,19,75,2,1,2,1,0,29,1,15,0,87,51,0,1,3,69.0,Low Risk
S08808,19,75,2,1,2,1,0,20,2,20,1,86,90,0,0,0,84.3,Low Risk
S08809,19,75,2,1,1,1,0,25,2,13,0,54,60,1,2,2,62.7,Low Risk
S08810,19,75,2,1,1,1,0,29,1,15,0,87,51,0,1,3,69.0,Low Risk
S08811,19,75,2,1,1,1,0,20,2,20,1,86,90,0,0,0,84.3,Low Risk
S08812,19,75,1,1,2,1,0,25,2,13,0,54,60,1,2,2,62.7,Low Risk
S08813,19,75,1,1,2,1,0,29,1,15,0,87,51,0,1,3,69.0,Low Risk
S08814,19,75,1,1,2,1,0,20,2,20,1,86,90,0,0,0,84.3,Low Risk
S08815,22,85,1,0,2,1,0,29,3,14,1,63,86,0,2,0,78.8,Low Risk
S08816,22,85,1,0,2,1,0,21,3,6,0,52,69,1,0,2,68.7,Low Risk
S08817,22,85,1,1,0,1,0,29,3,14,1,63,86,0,2,0,78.8,Low Risk
S08818,22,85,1,1,0,1,0,21,3,6,0,52,69,1,0,2,68.7,Low Risk
S08819,22,85,1,1,1,1,0,29,3,14,1,63,86,0,2,0,78.8,Low Risk
S08820,22,85,1,1,1,1,0,21,3,6,0,52,69,1,0,2,68.7,Low Risk
S08821,25,87,2,1,0,0,0,27,2,0,1,97,94,1,2,0,92.8,Low Risk
S08822,25,87,2,1,0,0,0,23,3,16,1,51,74,0,1,1,71.0,Low Risk
S08823,25,87,1,1,1,1,0,27,2,0,1,97,94,1,2,0,92.8,Low Risk
S08824,25,87,1,1,1,1,0,23,3,16,1,51,74,0,1,1,71.0,Low Risk
S08825,25,87,1,1,1,1,0,27,2,0,1,97,94,1,2,0,92.8,Low Risk
S08826,25,87,1,1,1,1,0,23,3,16,1,51,74,0,1,1,71.0,Low Risk
S08827,25,87,2,1,1,1,0,27,2,0,1,97,94,1,2,0,92.8,Low Risk
S08828,25,87,2,1,1,1,0,23,3,16,1,51,74,0,1,1,71.0,Low Risk
S08829,22,92,2,1,0,1,0,26,3,18,0,91,71,1,0,1,83.3,Low Risk
S08830,22,92,1,1,0,0,0,26,3,18,0,91,71,1,0,1,83.3,Low Risk
S08831,22,92,2,0,0,1,0,26,3,18,0,91,71,1,0,1,83.3,Low Risk
S08832,27,96,2,0,0,1,0,24,0,16,1,56,55,1,2,2,67.6,Low Risk
S08833,27,96,2,0,0,1,0,25,3,10,1,53,88,1,1,0,79.9,Low Risk
S08834,27,96,2,0,0,1,0,19,3,20,1,84,86,1,2,0,88.39999999999999,Low Risk
S08835,27,96,1,1,1,1,0,24,0,16,1,56,55,1,2,2,67.6,Low Risk
S08836,27,96,1,1,1,1,0,25,3,10,1,53,88,1,1,0,79.9,Low Risk
S08837,27,96,1,1,1,1,0,19,3,20,1,84,86,1,2,0,88.39999999999999,Low Risk
S08838,21,67,1,1,2,1,1,18,1,13,0,100,47,0,2,3,68.89999999999999,Medium Risk
S08839,21,67,1,1,2,1,1,22,2,6,0,67,50,0,2,3,60.19999999999999,Medium Risk
S08840,21,67,1,1,1,1,1,18,1,13,0,100,47,0,2,3,68.89999999999999,Medium Risk
S08841,21,67,1,1,1,1,1,22,2,6,0,67,50,0,2,3,60.19999999999999,Medium Risk
S08842,21,67,1,1,1,1,1,18,1,13,0,100,47,0,2,3,68.89999999999999,Medium Risk
S08843,21,67,1,1,1,1,1,22,2,6,0,67,50,0,2,3,60.19999999999999,Medium Risk
S08844,21,67,1,1,2,1,1,18,1,13,0,100,47,0,2,3,68.89999999999999,Medium Risk
S08845,21,67,1,1,2,1,1,22,2,6,0,67,50,0,2,3,60.19999999999999,Medium Risk
S08846,30,100,1,1,0,1,0,23,0,3,1,99,82,1,1,1,92.5,Low Risk
S08847,30,100,1,1,0,1,0,18,3,5,1,72,61,1,2,2,76.0,Low Risk
S08848,30,100,1,1,0,1,0,20,0,20,1,91,68,1,1,2,84.5,Low Risk
S08849,30,100,2,0,1,1,0,23,0,3,1,99,82,1,1,1,92.5,Low Risk
S08850,30,100,2,0,1,1,0,18,3,5,1,72,61,1,2,2,76.0,Low Risk
S08851,30,100,2,0,1,1,0,20,0,20,1,91,68,1,1,2,84.5,Low Risk
S08852,36,88,2,0,2,1,0,19,2,5,0,85,83,0,1,1,85.1,Low Risk
S08853,36,88,2,0,2,1,0,21,1,11,0,73,88,1,0,0,83.5,Low Risk
S08854,36,88,2,0,2,1,0,25,3,3,0,72,45,0,2,3,66.0,Medium Risk
S08855,36,88,2,0,2,1,0,28,1,11,0,77,57,1,1,2,72.3,Low Risk
S08856,36,88,2,0,2,1,0,21,3,19,0,71,69,1,2,2,75.30000000000001,Low Risk
S08857,23,65,1,1,1,1,1,20,0,12,1,75,96,1,1,0,80.4,Medium Risk
S08858,23,65,1,1,1,1,1,24,3,17,1,95,73,1,0,1,77.2,Medium Risk
S08859,23,65,1,1,1,1,1,29,3,14,1,77,42,0,1,3,59.4,Medium Risk
S08860,23,65,1,1,1,1,1,20,0,12,1,75,96,1,1,0,80.4,Medium Risk
S08861,23,65,1,1,1,1,1,24,3,17,1,95,73,1,0,1,77.2,Medium Risk
S08862,23,65,1,1,1,1,1,29,3,14,1,77,42,0,1,3,59.4,Medium Risk
S08863,23,65,2,0,0,0,1,20,0,12,1,75,96,1,1,0,80.4,Medium Risk
S08864,23,65,2,0,0,0,1,24,3,17,1,95,73,1,0,1,77.2,Medium Risk
S08865,23,65,2,0,0,0,1,29,3,14,1,77,42,0,1,3,59.4,Medium Risk
S08866,23,65,1,0,2,0,1,20,0,12,1,75,96,1,1,0,80.4,Medium Risk
S08867,23,65,1,0,2,0,1,24,3,17,1,95,73,1,0,1,77.2,Medium Risk
S08868,23,65,1,0,2,0,1,29,3,14,1,77,42,0,1,3,59.4,Medium Risk
S08869,9,76,1,0,1,1,1,28,0,2,0,86,97,0,1,0,87.4,Low Risk
S08870,9,76,1,0,1,1,1,19,1,16,1,95,61,1,1,2,75.7,Low Risk
S08871,9,76,2,0,0,0,1,28,0,2,0,86,97,0,1,0,87.4,Low Risk
S08872,9,76,2,0,0,0,1,19,1,16,1,95,61,1,1,2,75.7,Low Risk
S08873,9,76,1,1,1,1,1,28,0,2,0,86,97,0,1,0,87.4,Low Risk
S08874,9,76,1,1,1,1,1,19,1,16,1,95,61,1,1,2,75.7,Low Risk
S08875,25,94,2,0,0,1,0,19,0,4,0,51,50,1,2,3,63.5,Low Risk
S08876,25,94,0,1,0,1,0,19,0,4,0,51,50,1,2,3,63.5,Low Risk
S08877,25,94,2,0,2,1,0,19,0,4,0,51,50,1,2,3,63.5,Low Risk
S08878,25,94,2,0,2,1,0,19,0,4,0,51,50,1,2,3,63.5,Low Risk
S08879,25,94,0,1,1,1,0,19,0,4,0,51,50,1,2,3,63.5,Low Risk
S08880,28,84,1,1,1,0,0,23,2,17,1,90,62,1,2,2,77.0,Low Risk
S08881,28,84,1,1,1,1,0,23,2,17,1,90,62,1,2,2,77.0,Low Risk
S08882,19,86,1,0,1,1,0,22,2,19,1,96,58,1,2,2,77.8,Low Risk
S08883,19,86,1,0,1,1,0,21,2,12,1,51,76,1,1,1,71.5,Low Risk
S08884,19,86,1,0,1,1,0,21,1,10,1,76,61,1,1,2,73.0,Low Risk
S08885,19,62,1,1,0,1,0,29,3,12,0,89,63,0,1,2,70.5,Medium Risk
S08886,19,62,1,1,0,1,0,28,2,20,0,90,89,0,2,0,81.2,Medium Risk
S08887,19,62,1,1,1,1,0,29,3,12,0,89,63,0,1,2,70.5,Medium Risk
S08888,19,62,1,1,1,1,0,28,2,20,0,90,89,0,2,0,81.2,Medium Risk
S08889,19,62,0,1,1,1,0,29,3,12,0,89,63,0,1,2,70.5,Medium Risk
S08890,19,62,0,1,1,1,0,28,2,20,0,90,89,0,2,0,81.2,Medium Risk
S08891,24,79,0,1,2,1,1,28,3,4,1,85,85,1,2,0,83.2,Low Risk
S08892,24,79,2,0,2,0,1,28,3,4,1,85,85,1,2,0,83.2,Low Risk
S08893,24,79,1,0,2,1,1,28,3,4,1,85,85,1,2,0,83.2,Low Risk
S08894,30,63,1,0,1,1,0,29,0,2,0,67,47,1,2,3,57.8,Medium Risk
S08895,30,63,1,0,1,1,0,20,3,6,1,66,99,1,2,0,78.30000000000001,Medium Risk
S08896,30,63,2,1,1,1,0,29,0,2,0,67,47,1,2,3,57.8,Medium Risk
S08897,30,63,2,1,1,1,0,20,3,6,1,66,99,1,2,0,78.30000000000001,Medium Risk
S08898,30,63,2,0,1,1,0,29,0,2,0,67,47,1,2,3,57.8,Medium Risk
S08899,30,63,2,0,1,1,0,20,3,6,1,66,99,1,2,0,78.30000000000001,Medium Risk
S08900,30,63,0,0,2,1,0,29,0,2,0,67,47,1,2,3,57.8,Medium Risk
S08901,30,63,0,0,2,1,0,20,3,6,1,66,99,1,2,0,78.30000000000001,Medium Risk
S08902,13,73,1,1,1,1,1,26,3,16,1,99,94,1,2,0,89.19999999999999,Medium Risk
S08903,13,73,1,1,1,1,1,20,2,7,1,52,64,1,2,2,63.1,Medium Risk
S08904,13,73,0,0,1,1,1,26,3,16,1,99,94,1,2,0,89.19999999999999,Medium Risk
S08905,13,73,0,0,1,1,1,20,2,7,1,52,64,1,2,2,63.1,Medium Risk
S08906,23,66,0,0,0,1,1,29,2,10,1,92,41,1,0,3,63.8,Medium Risk
S08907,23,66,2,0,1,1,1,29,2,10,1,92,41,1,0,3,63.8,Medium Risk
S08908,23,66,0,0,0,1,1,29,2,10,1,92,41,1,0,3,63.8,Medium Risk
S08909,23,66,2,1,2,1,1,29,2,10,1,92,41,1,0,3,63.8,Medium Risk
S08910,23,66,1,0,0,1,1,29,2,10,1,92,41,1,0,3,63.8,Medium Risk
S08911,27,94,1,1,1,1,1,24,2,3,1,84,77,1,2,1,84.2,Low Risk
S08912,18,81,0,1,0,1,1,28,0,17,1,87,69,1,2,2,78.0,Low Risk
S08913,18,81,2,1,0,1,1,28,0,17,1,87,69,1,2,2,78.0,Low Risk
S08914,18,81,2,0,0,1,1,28,0,17,1,87,69,1,2,2,78.0,Low Risk
S08915,18,81,1,0,0,1,1,28,0,17,1,87,69,1,2,2,78.0,Low Risk
S08916,18,81,2,1,1,1,1,28,0,17,1,87,69,1,2,2,78.0,Low Risk
S08917,18,81,0,1,2,1,1,28,0,17,1,87,69,1,2,2,78.0,Low Risk
S08918,18,81,1,0,1,1,1,28,0,17,1,87,69,1,2,2,78.0,Low Risk
S08919,30,71,1,1,2,0,1,20,0,2,0,81,93,1,2,0,82.8,Medium Risk
S08920,30,71,1,1,2,0,1,20,0,10,0,53,51,1,2,3,57.599999999999994,Medium Risk
S08921,9,75,0,0,2,1,1,29,2,2,1,88,48,1,1,3,68.1,Medium Risk
S08922,11,89,1,1,1,1,0,25,2,7,0,56,50,0,0,3,63.5,Low Risk
S08923,11,89,1,1,1,1,0,25,3,16,1,51,91,0,2,0,78.39999999999999,Low Risk
S08924,28,82,1,1,1,1,0,24,0,1,0,67,90,1,2,0,80.69999999999999,Low Risk
S08925,28,82,1,1,1,1,0,23,0,9,1,56,93,1,2,0,78.6,Low Risk
S08926,29,62,1,1,1,1,1,26,3,15,1,79,68,1,0,2,69.5,Medium Risk
S08927,32,87,2,1,1,1,1,25,1,17,1,86,47,1,0,3,70.7,Medium Risk
S08928,32,87,2,1,1,1,1,25,1,17,1,86,47,1,0,3,70.7,Medium Risk
S08929,32,87,2,1,1,1,1,25,1,17,1,86,47,1,0,3,70.7,Medium Risk
S08930,32,96,0,1,0,1,1,19,0,0,0,62,59,1,2,2,71.0,Low Risk
S08931,27,92,1,0,2,1,1,26,0,13,1,100,61,1,0,2,82.0,Low Risk
S08932,27,92,1,0,2,1,1,27,3,14,1,75,85,1,2,0,84.1,Low Risk
S08933,27,92,1,0,2,1,1,20,2,17,1,97,89,1,2,0,92.3,Low Risk
S08934,27,92,1,1,2,1,1,26,0,13,1,100,61,1,0,2,82.0,Low Risk
S08935,27,92,1,1,2,1,1,27,3,14,1,75,85,1,2,0,84.1,Low Risk
S08936,27,92,1,1,2,1,1,20,2,17,1,97,89,1,2,0,92.3,Low Risk
S08937,27,92,1,1,0,1,1,26,0,13,1,100,61,1,0,2,82.0,Low Risk
S08938,27,92,1,1,0,1,1,27,3,14,1,75,85,1,2,0,84.1,Low Risk
S08939,27,92,1,1,0,1,1,20,2,17,1,97,89,1,2,0,92.3,Low Risk
S08940,27,92,1,1,1,1,1,26,0,13,1,100,61,1,0,2,82.0,Low Risk
S08941,27,92,1,1,1,1,1,27,3,14,1,75,85,1,2,0,84.1,Low Risk
S08942,27,92,1,1,1,1,1,20,2,17,1,97,89,1,2,0,92.3,Low Risk
S08943,27,92,1,0,1,1,1,26,0,13,1,100,61,1,0,2,82.0,Low Risk
S08944,27,92,1,0,1,1,1,27,3,14,1,75,85,1,2,0,84.1,Low Risk
S08945,27,92,1,0,1,1,1,20,2,17,1,97,89,1,2,0,92.3,Low Risk
S08946,27,92,2,1,1,1,1,26,0,13,1,100,61,1,0,2,82.0,Low Risk
S08947,27,92,2,1,1,1,1,27,3,14,1,75,85,1,2,0,84.1,Low Risk
S08948,27,92,2,1,1,1,1,20,2,17,1,97,89,1,2,0,92.3,Low Risk
S08949,26,67,1,1,2,1,1,27,2,9,0,51,65,0,2,2,61.39999999999999,Medium Risk
S08950,26,67,1,1,2,1,1,27,1,0,1,75,52,1,1,3,63.39999999999999,Medium Risk
S08951,26,67,1,1,2,1,1,19,3,14,0,94,99,1,1,0,87.89999999999999,Medium Risk
S08952,26,67,1,1,2,1,1,28,2,7,1,66,56,1,2,2,62.3,Medium Risk
S08953,26,67,2,1,1,1,1,27,2,9,0,51,65,0,2,2,61.39999999999999,Medium Risk
S08954,26,67,2,1,1,1,1,27,1,0,1,75,52,1,1,3,63.39999999999999,Medium Risk
S08955,26,67,2,1,1,1,1,19,3,14,0,94,99,1,1,0,87.89999999999999,Medium Risk
S08956,26,67,2,1,1,1,1,28,2,7,1,66,56,1,2,2,62.3,Medium Risk
S08957,26,67,0,1,2,1,1,27,2,9,0,51,65,0,2,2,61.39999999999999,Medium Risk
S08958,26,67,0,1,2,1,1,27,1,0,1,75,52,1,1,3,63.39999999999999,Medium Risk
S08959,26,67,0,1,2,1,1,19,3,14,0,94,99,1,1,0,87.89999999999999,Medium Risk
S08960,26,67,0,1,2,1,1,28,2,7,1,66,56,1,2,2,62.3,Medium Risk
S08961,26,67,1,1,1,1,1,27,2,9,0,51,65,0,2,2,61.39999999999999,Medium Risk
S08962,26,67,1,1,1,1,1,27,1,0,1,75,52,1,1,3,63.39999999999999,Medium Risk
S08963,26,67,1,1,1,1,1,19,3,14,0,94,99,1,1,0,87.89999999999999,Medium Risk
S08964,26,67,1,1,1,1,1,28,2,7,1,66,56,1,2,2,62.3,Medium Risk
S08965,26,67,1,1,0,1,1,27,2,9,0,51,65,0,2,2,61.39999999999999,Medium Risk
S08966,26,67,1,1,0,1,1,27,1,0,1,75,52,1,1,3,63.39999999999999,Medium Risk
S08967,26,67,1,1,0,1,1,19,3,14,0,94,99,1,1,0,87.89999999999999,Medium Risk
S08968,26,67,1,1,0,1,1,28,2,7,1,66,56,1,2,2,62.3,Medium Risk
S08969,26,67,1,0,1,1,1,27,2,9,0,51,65,0,2,2,61.39999999999999,Medium Risk
S08970,26,67,1,0,1,1,1,27,1,0,1,75,52,1,1,3,63.39999999999999,Medium Risk
S08971,26,67,1,0,1,1,1,19,3,14,0,94,99,1,1,0,87.89999999999999,Medium Risk
S08972,26,67,1,0,1,1,1,28,2,7,1,66,56,1,2,2,62.3,Medium Risk
S08973,26,67,2,1,2,1,1,27,2,9,0,51,65,0,2,2,61.39999999999999,Medium Risk
S08974,26,67,2,1,2,1,1,27,1,0,1,75,52,1,1,3,63.39999999999999,Medium Risk
S08975,26,67,2,1,2,1,1,19,3,14,0,94,99,1,1,0,87.89999999999999,Medium Risk
S08976,26,67,2,1,2,1,1,28,2,7,1,66,56,1,2,2,62.3,Medium Risk
S08977,17,63,1,0,2,1,1,20,3,20,0,83,67,0,2,2,70.6,Medium Risk
S08978,17,63,1,0,2,1,1,25,0,14,0,81,50,0,1,3,63.199999999999996,Medium Risk
S08979,17,63,1,0,2,1,1,28,3,11,1,83,89,1,2,0,79.4,Medium Risk
S08980,17,63,1,0,2,1,1,18,0,20,1,57,99,0,1,0,75.6,Medium Risk
S08981,17,63,1,0,0,1,1,20,3,20,0,83,67,0,2,2,70.6,Medium Risk
S08982,17,63,1,0,0,1,1,25,0,14,0,81,50,0,1,3,63.199999999999996,Medium Risk
S08983,17,63,1,0,0,1,1,28,3,11,1,83,89,1,2,0,79.4,Medium Risk
S08984,17,63,1,0,0,1,1,18,0,20,1,57,99,0,1,0,75.6,Medium Risk
S08985,17,63,1,1,1,1,1,20,3,20,0,83,67,0,2,2,70.6,Medium Risk
S08986,17,63,1,1,1,1,1,25,0,14,0,81,50,0,1,3,63.199999999999996,Medium Risk
S08987,17,63,1,1,1,1,1,28,3,11,1,83,89,1,2,0,79.4,Medium Risk
S08988,17,63,1,1,1,1,1,18,0,20,1,57,99,0,1,0,75.6,Medium Risk
S08989,26,87,1,1,2,1,1,23,2,17,1,81,99,1,2,0,90.0,Low Risk
S08990,26,87,1,1,2,1,1,20,0,4,1,56,78,1,2,1,74.1,Low Risk
S08991,26,87,1,1,2,1,1,27,3,11,0,98,68,1,2,2,82.7,Low Risk
S08992,26,87,1,1,2,1,1,20,1,0,1,50,42,0,2,3,57.9,Medium Risk
S08993,26,87,1,1,2,1,1,18,0,5,1,55,46,0,2,3,61.0,Medium Risk
S08994,26,87,2,0,0,1,1,23,2,17,1,81,99,1,2,0,90.0,Low Risk
S08995,26,87,2,0,0,1,1,20,0,4,1,56,78,1,2,1,74.1,Low Risk
S08996,26,87,2,0,0,1,1,27,3,11,0,98,68,1,2,2,82.7,Low Risk
S08997,26,87,2,0,0,1,1,20,1,0,1,50,42,0,2,3,57.9,Medium Risk
S08998,26,87,2,0,0,1,1,18,0,5,1,55,46,0,2,3,61.0,Medium Risk
S08999,26,87,1,0,2,1,1,23,2,17,1,81,99,1,2,0,90.0,Low Risk
S09000,26,87,1,0,2,1,1,20,0,4,1,56,78,1,2,1,74.1,Low Risk
S09001,26,87,1,0,2,1,1,27,3,11,0,98,68,1,2,2,82.7,Low Risk
S09002,26,87,1,0,2,1,1,20,1,0,1,50,42,0,2,3,57.9,Medium Risk
S09003,26,87,1,0,2,1,1,18,0,5,1,55,46,0,2,3,61.0,Medium Risk
S09004,26,87,1,1,1,1,1,23,2,17,1,81,99,1,2,0,90.0,Low Risk
S09005,26,87,1,1,1,1,1,20,0,4,1,56,78,1,2,1,74.1,Low Risk
S09006,26,87,1,1,1,1,1,27,3,11,0,98,68,1,2,2,82.7,Low Risk
S09007,26,87,1,1,1,1,1,20,1,0,1,50,42,0,2,3,57.9,Medium Risk
S09008,26,87,1,1,1,1,1,18,0,5,1,55,46,0,2,3,61.0,Medium Risk
S09009,29,62,2,1,2,1,0,25,1,0,1,91,45,1,0,3,63.89999999999999,Medium Risk
S09010,29,62,2,1,2,1,0,21,0,5,1,54,90,1,2,0,70.8,Medium Risk
S09011,29,62,2,1,2,1,0,22,3,12,1,58,58,1,2,2,59.2,Medium Risk
S09012,29,62,2,1,2,1,0,25,1,5,1,64,100,0,2,0,77.8,Medium Risk
S09013,29,62,2,1,2,1,0,24,0,19,1,78,46,0,2,3,60.39999999999999,Medium Risk
S09014,29,62,2,1,2,1,0,25,1,19,1,90,80,0,1,1,77.6,Medium Risk
S09015,29,62,2,1,2,1,0,24,2,16,1,80,82,0,0,1,75.4,Medium Risk
S09016,9,82,1,0,1,1,0,25,3,2,0,54,98,0,2,0,80.0,Low Risk
S09017,9,82,0,1,1,1,0,25,3,2,0,54,98,0,2,0,80.0,Low Risk
S09018,29,94,1,1,1,0,1,23,0,12,0,50,57,1,2,2,66.0,Low Risk
S09019,29,94,1,1,1,0,1,24,0,4,1,97,44,1,1,3,74.9,Medium Risk
S09020,29,94,1,1,1,0,1,23,2,20,1,98,65,1,2,2,83.6,Low Risk
S09021,29,94,2,1,1,1,1,23,0,12,0,50,57,1,2,2,66.0,Low Risk
S09022,29,94,2,1,1,1,1,24,0,4,1,97,44,1,1,3,74.9,Medium Risk
S09023,29,94,2,1,1,1,1,23,2,20,1,98,65,1,2,2,83.6,Low Risk
S09024,14,67,1,0,1,1,1,28,2,7,0,62,60,1,0,2,62.69999999999999,Medium Risk
S09025,14,67,1,0,1,1,1,19,2,7,0,51,93,1,0,0,72.6,Medium Risk
S09026,14,67,0,0,1,1,1,28,2,7,0,62,60,1,0,2,62.69999999999999,Medium Risk
S09027,14,67,0,0,1,1,1,19,2,7,0,51,93,1,0,0,72.6,Medium Risk
S09028,14,67,1,1,0,1,1,28,2,7,0,62,60,1,0,2,62.69999999999999,Medium Risk
S09029,14,67,1,1,0,1,1,19,2,7,0,51,93,1,0,0,72.6,Medium Risk
S09030,31,61,1,0,1,1,1,22,0,13,0,96,96,1,2,0,85.5,Medium Risk
S09031,31,61,1,0,1,1,1,26,3,20,1,64,46,1,1,3,55.900000000000006,Medium Risk
S09032,27,73,1,0,0,1,0,23,3,12,0,60,62,1,0,2,64.69999999999999,Medium Risk
S09033,27,73,1,0,0,1,0,29,2,18,0,50,65,1,0,2,62.9,Medium Risk
S09034,27,73,1,0,0,1,0,29,0,8,0,58,91,1,0,0,75.69999999999999,Medium Risk
S09035,27,73,1,0,1,1,0,23,3,12,0,60,62,1,0,2,64.69999999999999,Medium Risk
S09036,27,73,1,0,1,1,0,29,2,18,0,50,65,1,0,2,62.9,Medium Risk
S09037,27,73,1,0,1,1,0,29,0,8,0,58,91,1,0,0,75.69999999999999,Medium Risk
S09038,27,73,2,1,2,1,0,23,3,12,0,60,62,1,0,2,64.69999999999999,Medium Risk
S09039,27,73,2,1,2,1,0,29,2,18,0,50,65,1,0,2,62.9,Medium Risk
S09040,27,73,2,1,2,1,0,29,0,8,0,58,91,1,0,0,75.69999999999999,Medium Risk
S09041,27,73,0,0,1,1,0,23,3,12,0,60,62,1,0,2,64.69999999999999,Medium Risk
S09042,27,73,0,0,1,1,0,29,2,18,0,50,65,1,0,2,62.9,Medium Risk
S09043,27,73,0,0,1,1,0,29,0,8,0,58,91,1,0,0,75.69999999999999,Medium Risk
S09044,23,96,1,1,2,1,0,28,3,16,0,78,42,0,2,3,69.0,Medium Risk
S09045,23,96,1,1,2,1,0,29,0,10,1,66,68,0,2,2,75.8,Low Risk
S09046,23,96,0,0,1,1,0,28,3,16,0,78,42,0,2,3,69.0,Medium Risk
S09047,23,96,0,0,1,1,0,29,0,10,1,66,68,0,2,2,75.8,Low Risk
S09048,23,96,1,1,1,1,0,28,3,16,0,78,42,0,2,3,69.0,Medium Risk
S09049,23,96,1,1,1,1,0,29,0,10,1,66,68,0,2,2,75.8,Low Risk
S09050,23,96,2,1,0,1,0,28,3,16,0,78,42,0,2,3,69.0,Medium Risk
S09051,23,96,2,1,0,1,0,29,0,10,1,66,68,0,2,2,75.8,Low Risk
S09052,23,96,1,1,1,1,0,28,3,16,0,78,42,0,2,3,69.0,Medium Risk
S09053,23,96,1,1,1,1,0,29,0,10,1,66,68,0,2,2,75.8,Low Risk
S09054,31,65,0,1,1,1,1,19,2,3,0,87,43,1,2,3,62.8,Medium Risk
S09055,9,95,1,1,1,1,1,23,3,3,0,52,73,0,2,1,73.30000000000001,Low Risk
S09056,9,95,1,1,1,1,1,21,3,6,0,85,98,1,2,0,93.2,Low Risk
S09057,19,85,1,1,0,1,0,18,1,11,0,95,96,0,1,0,92.4,Low Risk
S09058,19,85,1,0,0,1,0,18,1,11,0,95,96,0,1,0,92.4,Low Risk
S09059,19,85,1,1,2,1,0,18,1,11,0,95,96,0,1,0,92.4,Low Risk
S09060,19,85,0,1,1,1,0,18,1,11,0,95,96,0,1,0,92.4,Low Risk
S09061,19,85,2,1,1,1,0,18,1,11,0,95,96,0,1,0,92.4,Low Risk
S09062,19,85,1,1,1,1,0,18,1,11,0,95,96,0,1,0,92.4,Low Risk
S09063,19,85,2,0,1,1,0,18,1,11,0,95,96,0,1,0,92.4,Low Risk
S09064,17,81,1,0,1,1,0,19,3,10,1,100,71,1,2,1,82.7,Low Risk
S09065,17,81,2,0,2,1,0,19,3,10,1,100,71,1,2,1,82.7,Low Risk
S09066,17,81,0,1,2,1,0,19,3,10,1,100,71,1,2,1,82.7,Low Risk
S09067,17,81,1,0,2,1,0,19,3,10,1,100,71,1,2,1,82.7,Low Risk
S09068,17,81,0,0,1,1,0,19,3,10,1,100,71,1,2,1,82.7,Low Risk
S09069,10,64,2,0,1,1,1,18,1,0,1,52,85,1,1,0,68.8,Medium Risk
S09070,10,64,2,0,1,1,1,24,2,0,0,54,44,1,0,3,53.0,Medium Risk
S09071,17,100,1,0,0,1,1,29,3,16,0,81,61,0,1,2,78.7,Low Risk
S09072,17,100,2,0,0,1,1,29,3,16,0,81,61,0,1,2,78.7,Low Risk
S09073,17,100,2,1,0,1,1,29,3,16,0,81,61,0,1,2,78.7,Low Risk
S09074,17,100,2,1,0,1,1,29,3,16,0,81,61,0,1,2,78.7,Low Risk
S09075,13,93,1,1,0,1,0,25,2,7,1,78,49,1,1,3,70.9,Medium Risk
S09076,13,93,1,1,0,1,0,29,1,9,0,82,83,0,1,1,85.69999999999999,Low Risk
S09077,13,93,1,1,0,1,0,27,0,13,0,71,48,0,1,3,68.4,Medium Risk
S09078,13,93,1,1,0,1,0,22,0,2,1,75,47,1,2,3,69.19999999999999,Medium Risk
S09079,13,93,1,0,2,1,0,25,2,7,1,78,49,1,1,3,70.9,Medium Risk
S09080,13,93,1,0,2,1,0,29,1,9,0,82,83,0,1,1,85.69999999999999,Low Risk
S09081,13,93,1,0,2,1,0,27,0,13,0,71,48,0,1,3,68.4,Medium Risk
S09082,13,93,1,0,2,1,0,22,0,2,1,75,47,1,2,3,69.19999999999999,Medium Risk
S09083,13,93,0,0,2,1,0,25,2,7,1,78,49,1,1,3,70.9,Medium Risk
S09084,13,93,0,0,2,1,0,29,1,9,0,82,83,0,1,1,85.69999999999999,Low Risk
S09085,13,93,0,0,2,1,0,27,0,13,0,71,48,0,1,3,68.4,Medium Risk
S09086,13,93,0,0,2,1,0,22,0,2,1,75,47,1,2,3,69.19999999999999,Medium Risk
S09087,13,93,2,1,0,1,0,25,2,7,1,78,49,1,1,3,70.9,Medium Risk
S09088,13,93,2,1,0,1,0,29,1,9,0,82,83,0,1,1,85.69999999999999,Low Risk
S09089,13,93,2,1,0,1,0,27,0,13,0,71,48,0,1,3,68.4,Medium Risk
S09090,13,93,2,1,0,1,0,22,0,2,1,75,47,1,2,3,69.19999999999999,Medium Risk
S09091,31,64,0,1,0,1,0,26,3,20,1,89,45,1,0,3,63.900000000000006,Medium Risk
S09092,31,64,0,1,0,1,0,28,2,3,1,86,56,1,2,2,67.4,Medium Risk
S09093,31,64,0,1,0,1,0,27,2,9,1,98,59,0,1,2,72.2,Medium Risk
S09094,31,64,0,1,0,1,0,26,1,8,0,77,60,1,2,2,66.3,Medium Risk
S09095,31,64,0,1,0,1,0,24,2,2,1,77,64,1,1,2,67.9,Medium Risk
S09096,31,64,1,0,0,1,0,26,3,20,1,89,45,1,0,3,63.900000000000006,Medium Risk
S09097,31,64,1,0,0,1,0,28,2,3,1,86,56,1,2,2,67.4,Medium Risk
S09098,31,64,1,0,0,1,0,27,2,9,1,98,59,0,1,2,72.2,Medium Risk
S09099,31,64,1,0,0,1,0,26,1,8,0,77,60,1,2,2,66.3,Medium Risk
S09100,31,64,1,0,0,1,0,24,2,2,1,77,64,1,1,2,67.9,Medium Risk
S09101,31,64,1,1,1,1,0,26,3,20,1,89,45,1,0,3,63.900000000000006,Medium Risk
S09102,31,64,1,1,1,1,0,28,2,3,1,86,56,1,2,2,67.4,Medium Risk
S09103,31,64,1,1,1,1,0,27,2,9,1,98,59,0,1,2,72.2,Medium Risk
S09104,31,64,1,1,1,1,0,26,1,8,0,77,60,1,2,2,66.3,Medium Risk
S09105,31,64,1,1,1,1,0,24,2,2,1,77,64,1,1,2,67.9,Medium Risk
S09106,31,64,2,0,1,1,0,26,3,20,1,89,45,1,0,3,63.900000000000006,Medium Risk
S09107,31,64,2,0,1,1,0,28,2,3,1,86,56,1,2,2,67.4,Medium Risk
S09108,31,64,2,0,1,1,0,27,2,9,1,98,59,0,1,2,72.2,Medium Risk
S09109,31,64,2,0,1,1,0,26,1,8,0,77,60,1,2,2,66.3,Medium Risk
S09110,31,64,2,0,1,1,0,24,2,2,1,77,64,1,1,2,67.9,Medium Risk
S09111,30,69,1,1,1,1,0,23,3,11,0,91,64,1,2,2,73.60000000000001,Medium Risk
S09112,30,69,1,1,1,1,0,25,3,0,1,76,88,1,1,0,78.7,Medium Risk
S09113,30,69,1,1,1,1,0,25,1,1,0,70,72,0,1,1,70.5,Medium Risk
S09114,30,69,1,0,1,1,0,23,3,11,0,91,64,1,2,2,73.60000000000001,Medium Risk
S09115,30,69,1,0,1,1,0,25,3,0,1,76,88,1,1,0,78.7,Medium Risk
S09116,30,69,1,0,1,1,0,25,1,1,0,70,72,0,1,1,70.5,Medium Risk
S09117,17,60,1,1,1,1,1,25,1,3,1,51,81,0,2,1,65.69999999999999,Medium Risk
S09118,17,60,1,1,1,1,1,18,3,1,0,93,62,1,2,2,70.7,Medium Risk
S09119,17,60,1,1,1,1,1,26,3,4,1,69,68,0,2,2,65.9,Medium Risk
S09120,17,60,1,1,1,1,1,25,1,3,1,51,81,0,2,1,65.69999999999999,Medium Risk
S09121,17,60,1,1,1,1,1,18,3,1,0,93,62,1,2,2,70.7,Medium Risk
S09122,17,60,1,1,1,1,1,26,3,4,1,69,68,0,2,2,65.9,Medium Risk
S09123,25,95,1,0,1,1,1,25,2,10,1,92,43,1,1,3,73.3,Medium Risk
S09124,25,95,1,0,1,1,1,28,2,0,1,65,43,1,1,3,65.2,Medium Risk
S09125,25,95,1,0,1,1,1,20,0,19,0,98,95,1,2,0,95.9,Low Risk
S09126,25,95,1,1,2,0,1,25,2,10,1,92,43,1,1,3,73.3,Medium Risk
S09127,25,95,1,1,2,0,1,28,2,0,1,65,43,1,1,3,65.2,Medium Risk
S09128,25,95,1,1,2,0,1,20,0,19,0,98,95,1,2,0,95.9,Low Risk
S09129,25,95,0,1,1,1,1,25,2,10,1,92,43,1,1,3,73.3,Medium Risk
S09130,25,95,0,1,1,1,1,28,2,0,1,65,43,1,1,3,65.2,Medium Risk
S09131,25,95,0,1,1,1,1,20,0,19,0,98,95,1,2,0,95.9,Low Risk
S09132,25,95,2,0,1,1,1,25,2,10,1,92,43,1,1,3,73.3,Medium Risk
S09133,25,95,2,0,1,1,1,28,2,0,1,65,43,1,1,3,65.2,Medium Risk
S09134,25,95,2,0,1,1,1,20,0,19,0,98,95,1,2,0,95.9,Low Risk
S09135,25,95,2,1,1,1,1,25,2,10,1,92,43,1,1,3,73.3,Medium Risk
S09136,25,95,2,1,1,1,1,28,2,0,1,65,43,1,1,3,65.2,Medium Risk
S09137,25,95,2,1,1,1,1,20,0,19,0,98,95,1,2,0,95.9,Low Risk
S09138,25,95,1,1,0,1,1,25,2,10,1,92,43,1,1,3,73.3,Medium Risk
S09139,25,95,1,1,0,1,1,28,2,0,1,65,43,1,1,3,65.2,Medium Risk
S09140,25,95,1,1,0,1,1,20,0,19,0,98,95,1,2,0,95.9,Low Risk
S09141,27,90,1,1,1,1,0,27,1,16,1,74,85,0,0,0,83.2,Low Risk
S09142,27,90,2,0,1,1,0,27,1,16,1,74,85,0,0,0,83.2,Low Risk
S09143,27,90,1,0,1,1,0,27,1,16,1,74,85,0,0,0,83.2,Low Risk
S09144,15,60,0,1,2,1,1,22,1,12,0,85,70,1,1,1,71.5,Medium Risk
S09145,15,60,0,1,2,1,1,29,3,11,1,95,97,1,2,0,85.30000000000001,Medium Risk
S09146,15,60,0,1,2,1,1,18,3,8,0,70,46,0,1,3,57.400000000000006,Medium Risk
S09147,15,60,0,1,2,1,1,27,0,0,1,57,58,0,2,2,58.3,Medium Risk
S09148,15,60,2,0,0,1,1,22,1,12,0,85,70,1,1,1,71.5,Medium Risk
S09149,15,60,2,0,0,1,1,29,3,11,1,95,97,1,2,0,85.30000000000001,Medium Risk
S09150,15,60,2,0,0,1,1,18,3,8,0,70,46,0,1,3,57.400000000000006,Medium Risk
S09151,15,60,2,0,0,1,1,27,0,0,1,57,58,0,2,2,58.3,Medium Risk
S09152,15,60,1,1,0,1,1,22,1,12,0,85,70,1,1,1,71.5,Medium Risk
S09153,15,60,1,1,0,1,1,29,3,11,1,95,97,1,2,0,85.30000000000001,Medium Risk
S09154,15,60,1,1,0,1,1,18,3,8,0,70,46,0,1,3,57.400000000000006,Medium Risk
S09155,15,60,1,1,0,1,1,27,0,0,1,57,58,0,2,2,58.3,Medium Risk
S09156,15,60,0,0,1,1,1,22,1,12,0,85,70,1,1,1,71.5,Medium Risk
S09157,15,60,0,0,1,1,1,29,3,11,1,95,97,1,2,0,85.30000000000001,Medium Risk
S09158,15,60,0,0,1,1,1,18,3,8,0,70,46,0,1,3,57.400000000000006,Medium Risk
S09159,15,60,0,0,1,1,1,27,0,0,1,57,58,0,2,2,58.3,Medium Risk
S09160,15,60,1,0,2,1,1,22,1,12,0,85,70,1,1,1,71.5,Medium Risk
S09161,15,60,1,0,2,1,1,29,3,11,1,95,97,1,2,0,85.30000000000001,Medium Risk
S09162,15,60,1,0,2,1,1,18,3,8,0,70,46,0,1,3,57.400000000000006,Medium Risk
S09163,15,60,1,0,2,1,1,27,0,0,1,57,58,0,2,2,58.3,Medium Risk
S09164,19,72,2,0,1,1,1,29,0,1,1,50,53,1,1,3,57.8,Medium Risk
S09165,19,72,2,0,1,1,1,25,3,3,1,90,47,1,1,3,67.39999999999999,Medium Risk
S09166,19,72,1,1,0,1,1,29,0,1,1,50,53,1,1,3,57.8,Medium Risk
S09167,19,72,1,1,0,1,1,25,3,3,1,90,47,1,1,3,67.39999999999999,Medium Risk
S09168,19,72,0,0,1,1,1,29,0,1,1,50,53,1,1,3,57.8,Medium Risk
S09169,19,72,0,0,1,1,1,25,3,3,1,90,47,1,1,3,67.39999999999999,Medium Risk
S09170,19,72,1,1,2,1,1,29,0,1,1,50,53,1,1,3,57.8,Medium Risk
S09171,19,72,1,1,2,1,1,25,3,3,1,90,47,1,1,3,67.39999999999999,Medium Risk
S09172,25,70,1,1,2,1,1,18,1,7,0,81,61,1,2,2,69.7,Medium Risk
S09173,25,70,1,0,1,1,1,18,1,7,0,81,61,1,2,2,69.7,Medium Risk
S09174,25,70,1,1,2,1,1,18,1,7,0,81,61,1,2,2,69.7,Medium Risk
S09175,25,70,2,1,1,1,1,18,1,7,0,81,61,1,2,2,69.7,Medium Risk
S09176,25,70,1,1,1,1,1,18,1,7,0,81,61,1,2,2,69.7,Medium Risk
S09177,25,70,2,0,2,1,1,18,1,7,0,81,61,1,2,2,69.7,Medium Risk
S09178,25,70,2,1,1,1,1,18,1,7,0,81,61,1,2,2,69.7,Medium Risk
S09179,25,70,1,1,0,1,1,18,1,7,0,81,61,1,2,2,69.7,Medium Risk
S09180,25,70,1,1,1,1,1,18,1,7,0,81,61,1,2,2,69.7,Medium Risk
S09181,25,70,1,1,1,1,1,18,1,7,0,81,61,1,2,2,69.7,Medium Risk
S09182,24,67,2,1,0,1,0,18,1,11,1,82,97,0,1,0,83.5,Medium Risk
S09183,24,67,1,1,0,1,0,18,1,11,1,82,97,0,1,0,83.5,Medium Risk
S09184,24,67,1,0,1,1,0,18,1,11,1,82,97,0,1,0,83.5,Medium Risk
S09185,24,67,2,1,1,1,0,18,1,11,1,82,97,0,1,0,83.5,Medium Risk
S09186,24,67,2,0,2,1,0,18,1,11,1,82,97,0,1,0,83.5,Medium Risk
S09187,24,67,1,0,0,1,0,18,1,11,1,82,97,0,1,0,83.5,Medium Risk
S09188,24,67,1,1,1,1,0,18,1,11,1,82,97,0,1,0,83.5,Medium Risk
S09189,24,67,0,0,1,1,0,18,1,11,1,82,97,0,1,0,83.5,Medium Risk
S09190,11,87,1,1,1,1,0,28,2,18,0,58,65,1,2,2,69.5,Low Risk
S09191,11,87,1,1,1,1,0,29,3,12,1,56,89,1,0,0,78.5,Low Risk
S09192,11,87,1,1,1,1,0,28,0,10,1,79,89,0,0,0,85.39999999999999,Low Risk
S09193,11,87,1,0,2,1,0,28,2,18,0,58,65,1,2,2,69.5,Low Risk
S09194,11,87,1,0,2,1,0,29,3,12,1,56,89,1,0,0,78.5,Low Risk
S09195,11,87,1,0,2,1,0,28,0,10,1,79,89,0,0,0,85.39999999999999,Low Risk
S09196,17,69,1,1,0,1,1,19,3,2,0,84,75,1,2,1,75.9,Medium Risk
S09197,17,69,2,1,1,1,1,19,3,2,0,84,75,1,2,1,75.9,Medium Risk
S09198,17,69,1,1,0,1,1,19,3,2,0,84,75,1,2,1,75.9,Medium Risk
S09199,17,69,2,1,1,1,1,19,3,2,0,84,75,1,2,1,75.9,Medium Risk
S09200,17,69,1,1,2,1,1,19,3,2,0,84,75,1,2,1,75.9,Medium Risk
S09201,25,84,1,1,0,1,0,24,3,17,0,88,51,1,1,3,72.0,Low Risk
S09202,25,84,1,1,1,1,0,24,3,17,0,88,51,1,1,3,72.0,Low Risk
S09203,10,89,2,1,1,1,0,18,1,9,1,74,81,1,2,1,81.3,Low Risk
S09204,15,65,1,0,0,1,0,25,1,15,0,96,90,1,0,0,84.3,Medium Risk
S09205,15,65,1,0,0,1,0,25,0,16,1,65,90,0,2,0,75.0,Medium Risk
S09206,15,65,1,0,0,1,0,21,3,1,1,86,62,0,1,2,70.1,Medium Risk
S09207,15,65,2,1,1,1,0,25,1,15,0,96,90,1,0,0,84.3,Medium Risk
S09208,15,65,2,1,1,1,0,25,0,16,1,65,90,0,2,0,75.0,Medium Risk
S09209,15,65,2,1,1,1,0,21,3,1,1,86,62,0,1,2,70.1,Medium Risk
S09210,15,65,1,0,1,1,0,25,1,15,0,96,90,1,0,0,84.3,Medium Risk
S09211,15,65,1,0,1,1,0,25,0,16,1,65,90,0,2,0,75.0,Medium Risk
S09212,15,65,1,0,1,1,0,21,3,1,1,86,62,0,1,2,70.1,Medium Risk
S09213,15,65,2,1,1,1,0,25,1,15,0,96,90,1,0,0,84.3,Medium Risk
S09214,15,65,2,1,1,1,0,25,0,16,1,65,90,0,2,0,75.0,Medium Risk
S09215,15,65,2,1,1,1,0,21,3,1,1,86,62,0,1,2,70.1,Medium Risk
S09216,15,65,0,1,1,0,0,25,1,15,0,96,90,1,0,0,84.3,Medium Risk
S09217,15,65,0,1,1,0,0,25,0,16,1,65,90,0,2,0,75.0,Medium Risk
S09218,15,65,0,1,1,0,0,21,3,1,1,86,62,0,1,2,70.1,Medium Risk
S09219,15,65,1,0,1,1,0,25,1,15,0,96,90,1,0,0,84.3,Medium Risk
S09220,15,65,1,0,1,1,0,25,0,16,1,65,90,0,2,0,75.0,Medium Risk
S09221,15,65,1,0,1,1,0,21,3,1,1,86,62,0,1,2,70.1,Medium Risk
S09222,15,65,1,1,1,1,0,25,1,15,0,96,90,1,0,0,84.3,Medium Risk
S09223,15,65,1,1,1,1,0,25,0,16,1,65,90,0,2,0,75.0,Medium Risk
S09224,15,65,1,1,1,1,0,21,3,1,1,86,62,0,1,2,70.1,Medium Risk
S09225,15,65,2,1,0,1,0,25,1,15,0,96,90,1,0,0,84.3,Medium Risk
S09226,15,65,2,1,0,1,0,25,0,16,1,65,90,0,2,0,75.0,Medium Risk
S09227,15,65,2,1,0,1,0,21,3,1,1,86,62,0,1,2,70.1,Medium Risk
S09228,15,65,0,1,1,1,0,25,1,15,0,96,90,1,0,0,84.3,Medium Risk
S09229,15,65,0,1,1,1,0,25,0,16,1,65,90,0,2,0,75.0,Medium Risk
S09230,15,65,0,1,1,1,0,21,3,1,1,86,62,0,1,2,70.1,Medium Risk
S09231,21,63,1,0,0,1,0,29,1,20,0,97,87,1,2,0,82.80000000000001,Medium Risk
S09232,21,63,1,0,0,1,0,25,3,3,0,81,51,1,2,3,63.6,Medium Risk
S09233,21,63,1,0,0,1,0,26,3,1,0,91,63,1,2,2,71.4,Medium Risk
S09234,21,63,1,0,0,1,0,25,2,9,1,54,83,1,2,1,68.30000000000001,Medium Risk
S09235,21,63,0,0,1,1,0,29,1,20,0,97,87,1,2,0,82.80000000000001,Medium Risk
S09236,21,63,0,0,1,1,0,25,3,3,0,81,51,1,2,3,63.6,Medium Risk
S09237,21,63,0,0,1,1,0,26,3,1,0,91,63,1,2,2,71.4,Medium Risk
S09238,21,63,0,0,1,1,0,25,2,9,1,54,83,1,2,1,68.30000000000001,Medium Risk
S09239,21,63,0,1,0,1,0,29,1,20,0,97,87,1,2,0,82.80000000000001,Medium Risk
S09240,21,63,0,1,0,1,0,25,3,3,0,81,51,1,2,3,63.6,Medium Risk
S09241,21,63,0,1,0,1,0,26,3,1,0,91,63,1,2,2,71.4,Medium Risk
S09242,21,63,0,1,0,1,0,25,2,9,1,54,83,1,2,1,68.30000000000001,Medium Risk
S09243,21,63,1,1,1,1,0,29,1,20,0,97,87,1,2,0,82.80000000000001,Medium Risk
S09244,21,63,1,1,1,1,0,25,3,3,0,81,51,1,2,3,63.6,Medium Risk
S09245,21,63,1,1,1,1,0,26,3,1,0,91,63,1,2,2,71.4,Medium Risk
S09246,21,63,1,1,1,1,0,25,2,9,1,54,83,1,2,1,68.30000000000001,Medium Risk
S09247,21,63,1,0,1,1,0,29,1,20,0,97,87,1,2,0,82.80000000000001,Medium Risk
S09248,21,63,1,0,1,1,0,25,3,3,0,81,51,1,2,3,63.6,Medium Risk
S09249,21,63,1,0,1,1,0,26,3,1,0,91,63,1,2,2,71.4,Medium Risk
S09250,21,63,1,0,1,1,0,25,2,9,1,54,83,1,2,1,68.30000000000001,Medium Risk
S09251,27,99,1,1,1,1,1,29,1,17,0,59,85,1,2,0,81.4,Low Risk
S09252,27,99,1,0,0,1,1,29,1,17,0,59,85,1,2,0,81.4,Low Risk
S09253,27,99,1,0,0,1,1,29,1,17,0,59,85,1,2,0,81.4,Low Risk
S09254,27,99,1,0,2,1,1,29,1,17,0,59,85,1,2,0,81.4,Low Risk
S09255,27,99,1,1,1,1,1,29,1,17,0,59,85,1,2,0,81.4,Low Risk
S09256,27,99,0,1,0,1,1,29,1,17,0,59,85,1,2,0,81.4,Low Risk
S09257,20,62,0,0,2,1,0,21,1,1,1,64,99,0,0,0,77.39999999999999,Medium Risk
S09258,20,62,0,1,2,0,0,21,1,1,1,64,99,0,0,0,77.39999999999999,Medium Risk
S09259,20,62,1,1,1,1,0,21,1,1,1,64,99,0,0,0,77.39999999999999,Medium Risk
S09260,20,62,1,1,1,0,0,21,1,1,1,64,99,0,0,0,77.39999999999999,Medium Risk
S09261,20,62,1,0,2,1,0,21,1,1,1,64,99,0,0,0,77.39999999999999,Medium Risk
S09262,21,79,0,1,2,1,0,21,1,4,0,73,81,1,2,1,78.0,Low Risk
S09263,21,79,0,1,2,1,0,25,3,17,1,51,62,0,2,2,63.8,Low Risk
S09264,21,79,0,1,2,1,0,26,1,5,1,62,54,1,1,3,63.900000000000006,Low Risk
S09265,21,79,2,1,1,1,0,21,1,4,0,73,81,1,2,1,78.0,Low Risk
S09266,21,79,2,1,1,1,0,25,3,17,1,51,62,0,2,2,63.8,Low Risk
S09267,21,79,2,1,1,1,0,26,1,5,1,62,54,1,1,3,63.900000000000006,Low Risk
S09268,21,79,2,1,1,1,0,21,1,4,0,73,81,1,2,1,78.0,Low Risk
S09269,21,79,2,1,1,1,0,25,3,17,1,51,62,0,2,2,63.8,Low Risk
S09270,21,79,2,1,1,1,0,26,1,5,1,62,54,1,1,3,63.900000000000006,Low Risk
S09271,21,79,0,0,0,1,0,21,1,4,0,73,81,1,2,1,78.0,Low Risk
S09272,21,79,0,0,0,1,0,25,3,17,1,51,62,0,2,2,63.8,Low Risk
S09273,21,79,0,0,0,1,0,26,1,5,1,62,54,1,1,3,63.900000000000006,Low Risk
S09274,21,79,0,1,0,1,0,21,1,4,0,73,81,1,2,1,78.0,Low Risk
S09275,21,79,0,1,0,1,0,25,3,17,1,51,62,0,2,2,63.8,Low Risk
S09276,21,79,0,1,0,1,0,26,1,5,1,62,54,1,1,3,63.900000000000006,Low Risk
S09277,21,79,0,0,1,1,0,21,1,4,0,73,81,1,2,1,78.0,Low Risk
S09278,21,79,0,0,1,1,0,25,3,17,1,51,62,0,2,2,63.8,Low Risk
S09279,21,79,0,0,1,1,0,26,1,5,1,62,54,1,1,3,63.900000000000006,Low Risk
S09280,21,79,2,0,0,1,0,21,1,4,0,73,81,1,2,1,78.0,Low Risk
S09281,21,79,2,0,0,1,0,25,3,17,1,51,62,0,2,2,63.8,Low Risk
S09282,21,79,2,0,0,1,0,26,1,5,1,62,54,1,1,3,63.900000000000006,Low Risk
S09283,21,79,1,1,2,1,0,21,1,4,0,73,81,1,2,1,78.0,Low Risk
S09284,21,79,1,1,2,1,0,25,3,17,1,51,62,0,2,2,63.8,Low Risk
S09285,21,79,1,1,2,1,0,26,1,5,1,62,54,1,1,3,63.900000000000006,Low Risk
S09286,18,93,2,1,1,1,1,28,3,12,0,74,73,1,2,1,79.30000000000001,Low Risk
S09287,18,93,2,1,1,1,1,23,1,20,1,68,100,1,0,0,88.3,Low Risk
S09288,18,93,2,1,1,1,1,27,3,12,0,96,70,1,2,1,84.69999999999999,Low Risk
S09289,18,93,2,1,1,1,1,27,0,20,0,91,94,1,2,0,92.80000000000001,Low Risk
S09290,18,93,0,1,1,1,1,28,3,12,0,74,73,1,2,1,79.30000000000001,Low Risk
S09291,18,93,0,1,1,1,1,23,1,20,1,68,100,1,0,0,88.3,Low Risk
S09292,18,93,0,1,1,1,1,27,3,12,0,96,70,1,2,1,84.69999999999999,Low Risk
S09293,18,93,0,1,1,1,1,27,0,20,0,91,94,1,2,0,92.80000000000001,Low Risk
S09294,18,93,1,1,1,1,1,28,3,12,0,74,73,1,2,1,79.30000000000001,Low Risk
S09295,18,93,1,1,1,1,1,23,1,20,1,68,100,1,0,0,88.3,Low Risk
S09296,18,93,1,1,1,1,1,27,3,12,0,96,70,1,2,1,84.69999999999999,Low Risk
S09297,18,93,1,1,1,1,1,27,0,20,0,91,94,1,2,0,92.80000000000001,Low Risk
S09298,18,93,2,1,1,1,1,28,3,12,0,74,73,1,2,1,79.30000000000001,Low Risk
S09299,18,93,2,1,1,1,1,23,1,20,1,68,100,1,0,0,88.3,Low Risk
S09300,18,93,2,1,1,1,1,27,3,12,0,96,70,1,2,1,84.69999999999999,Low Risk
S09301,18,93,2,1,1,1,1,27,0,20,0,91,94,1,2,0,92.80000000000001,Low Risk
S09302,18,93,1,1,1,1,1,28,3,12,0,74,73,1,2,1,79.30000000000001,Low Risk
S09303,18,93,1,1,1,1,1,23,1,20,1,68,100,1,0,0,88.3,Low Risk
S09304,18,93,1,1,1,1,1,27,3,12,0,96,70,1,2,1,84.69999999999999,Low Risk
S09305,18,93,1,1,1,1,1,27,0,20,0,91,94,1,2,0,92.80000000000001,Low Risk
S09306,21,85,1,0,2,1,1,23,1,11,0,98,81,1,2,1,87.3,Low Risk
S09307,21,85,1,0,2,1,1,22,2,14,0,81,62,1,2,2,74.6,Low Risk
S09308,21,85,1,1,1,1,1,23,1,11,0,98,81,1,2,1,87.3,Low Risk
S09309,21,85,1,1,1,1,1,22,2,14,0,81,62,1,2,2,74.6,Low Risk
S09310,21,85,2,1,1,1,1,23,1,11,0,98,81,1,2,1,87.3,Low Risk
S09311,21,85,2,1,1,1,1,22,2,14,0,81,62,1,2,2,74.6,Low Risk
S09312,21,85,1,0,0,1,1,23,1,11,0,98,81,1,2,1,87.3,Low Risk
S09313,21,85,1,0,0,1,1,22,2,14,0,81,62,1,2,2,74.6,Low Risk
S09314,21,85,0,0,1,1,1,23,1,11,0,98,81,1,2,1,87.3,Low Risk
S09315,21,85,0,0,1,1,1,22,2,14,0,81,62,1,2,2,74.6,Low Risk
S09316,21,85,2,1,1,1,1,23,1,11,0,98,81,1,2,1,87.3,Low Risk
S09317,21,85,2,1,1,1,1,22,2,14,0,81,62,1,2,2,74.6,Low Risk
S09318,21,85,0,1,1,1,1,23,1,11,0,98,81,1,2,1,87.3,Low Risk
S09319,21,85,0,1,1,1,1,22,2,14,0,81,62,1,2,2,74.6,Low Risk
S09320,14,74,2,0,2,1,1,23,3,18,1,77,56,0,0,2,67.7,Medium Risk
S09321,14,74,1,1,2,1,1,23,3,18,1,77,56,0,0,2,67.7,Medium Risk
S09322,14,74,1,1,2,0,1,23,3,18,1,77,56,0,0,2,67.7,Medium Risk
S09323,14,74,1,1,1,1,1,23,3,18,1,77,56,0,0,2,67.7,Medium Risk
S09324,14,74,2,1,0,1,1,23,3,18,1,77,56,0,0,2,67.7,Medium Risk
S09325,14,74,1,0,1,1,1,23,3,18,1,77,56,0,0,2,67.7,Medium Risk
S09326,23,72,1,1,0,1,1,25,2,17,0,89,61,0,2,2,72.7,Medium Risk
S09327,23,72,1,1,0,1,1,19,2,20,1,50,94,1,2,0,74.2,Medium Risk
S09328,23,72,1,1,0,1,1,21,0,7,1,66,46,1,0,3,59.8,Medium Risk
S09329,23,72,1,1,0,1,1,25,0,17,0,53,46,0,1,3,55.89999999999999,Medium Risk
S09330,23,72,2,1,1,1,1,25,2,17,0,89,61,0,2,2,72.7,Medium Risk
S09331,23,72,2,1,1,1,1,19,2,20,1,50,94,1,2,0,74.2,Medium Risk
S09332,23,72,2,1,1,1,1,21,0,7,1,66,46,1,0,3,59.8,Medium Risk
S09333,23,72,2,1,1,1,1,25,0,17,0,53,46,0,1,3,55.89999999999999,Medium Risk
S09334,23,72,2,0,0,1,1,25,2,17,0,89,61,0,2,2,72.7,Medium Risk
S09335,23,72,2,0,0,1,1,19,2,20,1,50,94,1,2,0,74.2,Medium Risk
S09336,23,72,2,0,0,1,1,21,0,7,1,66,46,1,0,3,59.8,Medium Risk
S09337,23,72,2,0,0,1,1,25,0,17,0,53,46,0,1,3,55.89999999999999,Medium Risk
S09338,23,72,1,1,1,1,1,25,2,17,0,89,61,0,2,2,72.7,Medium Risk
S09339,23,72,1,1,1,1,1,19,2,20,1,50,94,1,2,0,74.2,Medium Risk
S09340,23,72,1,1,1,1,1,21,0,7,1,66,46,1,0,3,59.8,Medium Risk
S09341,23,72,1,1,1,1,1,25,0,17,0,53,46,0,1,3,55.89999999999999,Medium Risk
S09342,23,72,1,1,2,1,1,25,2,17,0,89,61,0,2,2,72.7,Medium Risk
S09343,23,72,1,1,2,1,1,19,2,20,1,50,94,1,2,0,74.2,Medium Risk
S09344,23,72,1,1,2,1,1,21,0,7,1,66,46,1,0,3,59.8,Medium Risk
S09345,23,72,1,1,2,1,1,25,0,17,0,53,46,0,1,3,55.89999999999999,Medium Risk
S09346,23,72,0,1,0,1,1,25,2,17,0,89,61,0,2,2,72.7,Medium Risk
S09347,23,72,0,1,0,1,1,19,2,20,1,50,94,1,2,0,74.2,Medium Risk
S09348,23,72,0,1,0,1,1,21,0,7,1,66,46,1,0,3,59.8,Medium Risk
S09349,23,72,0,1,0,1,1,25,0,17,0,53,46,0,1,3,55.89999999999999,Medium Risk
S09350,23,72,1,0,2,1,1,25,2,17,0,89,61,0,2,2,72.7,Medium Risk
S09351,23,72,1,0,2,1,1,19,2,20,1,50,94,1,2,0,74.2,Medium Risk
S09352,23,72,1,0,2,1,1,21,0,7,1,66,46,1,0,3,59.8,Medium Risk
S09353,23,72,1,0,2,1,1,25,0,17,0,53,46,0,1,3,55.89999999999999,Medium Risk
S09354,23,72,0,1,0,1,1,25,2,17,0,89,61,0,2,2,72.7,Medium Risk
S09355,23,72,0,1,0,1,1,19,2,20,1,50,94,1,2,0,74.2,Medium Risk
S09356,23,72,0,1,0,1,1,21,0,7,1,66,46,1,0,3,59.8,Medium Risk
S09357,23,72,0,1,0,1,1,25,0,17,0,53,46,0,1,3,55.89999999999999,Medium Risk
S09358,23,72,2,1,1,0,1,25,2,17,0,89,61,0,2,2,72.7,Medium Risk
S09359,23,72,2,1,1,0,1,19,2,20,1,50,94,1,2,0,74.2,Medium Risk
S09360,23,72,2,1,1,0,1,21,0,7,1,66,46,1,0,3,59.8,Medium Risk
S09361,23,72,2,1,1,0,1,25,0,17,0,53,46,0,1,3,55.89999999999999,Medium Risk
S09362,23,72,2,1,1,1,1,25,2,17,0,89,61,0,2,2,72.7,Medium Risk
S09363,23,72,2,1,1,1,1,19,2,20,1,50,94,1,2,0,74.2,Medium Risk
S09364,23,72,2,1,1,1,1,21,0,7,1,66,46,1,0,3,59.8,Medium Risk
S09365,23,72,2,1,1,1,1,25,0,17,0,53,46,0,1,3,55.89999999999999,Medium Risk
S09366,25,96,0,1,2,1,1,25,3,13,1,72,51,0,2,3,70.8,Low Risk
S09367,25,96,0,1,2,1,1,21,1,3,0,51,89,1,1,0,79.69999999999999,Low Risk
S09368,25,96,0,1,2,1,1,23,1,19,1,85,85,1,2,0,88.3,Low Risk
S09369,25,96,2,1,0,1,1,25,3,13,1,72,51,0,2,3,70.8,Low Risk
S09370,25,96,2,1,0,1,1,21,1,3,0,51,89,1,1,0,79.69999999999999,Low Risk
S09371,25,96,2,1,0,1,1,23,1,19,1,85,85,1,2,0,88.3,Low Risk
S09372,25,96,1,0,0,1,1,25,3,13,1,72,51,0,2,3,70.8,Low Risk
S09373,25,96,1,0,0,1,1,21,1,3,0,51,89,1,1,0,79.69999999999999,Low Risk
S09374,25,96,1,0,0,1,1,23,1,19,1,85,85,1,2,0,88.3,Low Risk
S09375,25,96,0,0,1,1,1,25,3,13,1,72,51,0,2,3,70.8,Low Risk
S09376,25,96,0,0,1,1,1,21,1,3,0,51,89,1,1,0,79.69999999999999,Low Risk
S09377,25,96,0,0,1,1,1,23,1,19,1,85,85,1,2,0,88.3,Low Risk
S09378,25,96,2,1,0,1,1,25,3,13,1,72,51,0,2,3,70.8,Low Risk
S09379,25,96,2,1,0,1,1,21,1,3,0,51,89,1,1,0,79.69999999999999,Low Risk
S09380,25,96,2,1,0,1,1,23,1,19,1,85,85,1,2,0,88.3,Low Risk
S09381,25,96,2,0,1,1,1,25,3,13,1,72,51,0,2,3,70.8,Low Risk
S09382,25,96,2,0,1,1,1,21,1,3,0,51,89,1,1,0,79.69999999999999,Low Risk
S09383,25,96,2,0,1,1,1,23,1,19,1,85,85,1,2,0,88.3,Low Risk
S09384,6,95,1,1,1,1,0,18,2,6,1,65,40,0,0,3,64.0,Medium Risk
S09385,6,95,1,1,1,1,0,24,2,2,1,66,71,1,2,1,76.7,Low Risk
S09386,32,72,1,1,0,1,0,28,1,6,1,92,72,1,0,1,78.0,Medium Risk
S09387,32,72,1,1,0,1,0,19,3,13,1,58,81,1,2,1,71.39999999999999,Medium Risk
S09388,28,73,1,1,0,0,0,26,1,6,1,88,72,1,2,1,77.1,Medium Risk
S09389,28,73,1,1,1,1,0,26,1,6,1,88,72,1,2,1,77.1,Medium Risk
S09390,28,73,1,1,1,1,0,26,1,6,1,88,72,1,2,1,77.1,Medium Risk
S09391,28,73,0,0,1,1,0,26,1,6,1,88,72,1,2,1,77.1,Medium Risk
S09392,28,73,2,1,1,1,0,26,1,6,1,88,72,1,2,1,77.1,Medium Risk
S09393,28,73,1,1,1,1,0,26,1,6,1,88,72,1,2,1,77.1,Medium Risk
S09394,14,94,0,1,0,1,0,22,0,19,0,63,46,1,0,3,65.5,Medium Risk
S09395,14,94,0,1,0,1,0,22,0,10,1,60,40,1,1,3,62.2,Medium Risk
S09396,14,94,0,1,0,1,0,25,3,1,1,74,65,1,2,2,76.4,Low Risk
S09397,14,94,0,1,0,1,0,22,2,4,1,53,66,1,1,2,70.5,Low Risk
S09398,14,94,0,1,0,1,0,29,1,2,0,75,95,0,1,0,88.7,Low Risk
S09399,14,94,2,1,1,1,0,22,0,19,0,63,46,1,0,3,65.5,Medium Risk
S09400,14,94,2,1,1,1,0,22,0,10,1,60,40,1,1,3,62.2,Medium Risk
S09401,14,94,2,1,1,1,0,25,3,1,1,74,65,1,2,2,76.4,Low Risk
S09402,14,94,2,1,1,1,0,22,2,4,1,53,66,1,1,2,70.5,Low Risk
S09403,14,94,2,1,1,1,0,29,1,2,0,75,95,0,1,0,88.7,Low Risk
S09404,14,94,1,0,1,1,0,22,0,19,0,63,46,1,0,3,65.5,Medium Risk
S09405,14,94,1,0,1,1,0,22,0,10,1,60,40,1,1,3,62.2,Medium Risk
S09406,14,94,1,0,1,1,0,25,3,1,1,74,65,1,2,2,76.4,Low Risk
S09407,14,94,1,0,1,1,0,22,2,4,1,53,66,1,1,2,70.5,Low Risk
S09408,14,94,1,0,1,1,0,29,1,2,0,75,95,0,1,0,88.7,Low Risk
S09409,14,94,2,1,1,1,0,22,0,19,0,63,46,1,0,3,65.5,Medium Risk
S09410,14,94,2,1,1,1,0,22,0,10,1,60,40,1,1,3,62.2,Medium Risk
S09411,14,94,2,1,1,1,0,25,3,1,1,74,65,1,2,2,76.4,Low Risk
S09412,14,94,2,1,1,1,0,22,2,4,1,53,66,1,1,2,70.5,Low Risk
S09413,14,94,2,1,1,1,0,29,1,2,0,75,95,0,1,0,88.7,Low Risk
S09414,14,94,1,1,1,1,0,22,0,19,0,63,46,1,0,3,65.5,Medium Risk
S09415,14,94,1,1,1,1,0,22,0,10,1,60,40,1,1,3,62.2,Medium Risk
S09416,14,94,1,1,1,1,0,25,3,1,1,74,65,1,2,2,76.4,Low Risk
S09417,14,94,1,1,1,1,0,22,2,4,1,53,66,1,1,2,70.5,Low Risk
S09418,14,94,1,1,1,1,0,29,1,2,0,75,95,0,1,0,88.7,Low Risk
S09419,11,73,2,1,1,1,1,19,3,3,0,91,73,0,2,1,78.4,Medium Risk
S09420,11,73,2,1,1,1,1,27,3,15,1,67,88,1,1,0,77.19999999999999,Medium Risk
S09421,11,73,1,0,1,0,1,19,3,3,0,91,73,0,2,1,78.4,Medium Risk
S09422,11,73,1,0,1,0,1,27,3,15,1,67,88,1,1,0,77.19999999999999,Medium Risk
S09423,11,73,2,0,1,0,1,19,3,3,0,91,73,0,2,1,78.4,Medium Risk
S09424,11,73,2,0,1,0,1,27,3,15,1,67,88,1,1,0,77.19999999999999,Medium Risk
S09425,25,67,2,1,1,0,1,27,2,12,0,84,92,1,0,0,82.1,Medium Risk
S09426,25,67,2,1,1,0,1,20,3,0,0,57,70,1,2,1,65.19999999999999,Medium Risk
S09427,25,67,2,1,1,0,1,21,3,12,1,92,91,0,1,0,84.1,Medium Risk
S09428,25,67,2,1,1,0,1,24,3,13,0,88,98,1,2,0,85.69999999999999,Medium Risk
S09429,25,67,1,1,1,1,1,27,2,12,0,84,92,1,0,0,82.1,Medium Risk
S09430,25,67,1,1,1,1,1,20,3,0,0,57,70,1,2,1,65.19999999999999,Medium Risk
S09431,25,67,1,1,1,1,1,21,3,12,1,92,91,0,1,0,84.1,Medium Risk
S09432,25,67,1,1,1,1,1,24,3,13,0,88,98,1,2,0,85.69999999999999,Medium Risk
S09433,25,67,1,1,2,1,1,27,2,12,0,84,92,1,0,0,82.1,Medium Risk
S09434,25,67,1,1,2,1,1,20,3,0,0,57,70,1,2,1,65.19999999999999,Medium Risk
S09435,25,67,1,1,2,1,1,21,3,12,1,92,91,0,1,0,84.1,Medium Risk
S09436,25,67,1,1,2,1,1,24,3,13,0,88,98,1,2,0,85.69999999999999,Medium Risk
S09437,39,95,2,1,2,1,1,27,2,1,1,88,72,1,2,1,83.7,Low Risk
S09438,39,95,2,1,2,1,1,29,2,6,0,92,79,1,2,1,87.7,Low Risk
S09439,27,90,0,0,1,1,1,22,2,18,1,91,82,1,1,1,87.10000000000001,Low Risk
S09440,27,90,0,0,1,1,1,22,3,8,1,91,77,1,2,1,85.1,Low Risk
S09441,27,90,0,0,1,1,1,21,3,1,0,75,79,0,2,1,81.1,Low Risk
S09442,27,90,1,0,0,0,1,22,2,18,1,91,82,1,1,1,87.10000000000001,Low Risk
S09443,27,90,1,0,0,0,1,22,3,8,1,91,77,1,2,1,85.1,Low Risk
S09444,27,90,1,0,0,0,1,21,3,1,0,75,79,0,2,1,81.1,Low Risk
S09445,27,90,1,0,2,1,1,22,2,18,1,91,82,1,1,1,87.10000000000001,Low Risk
S09446,27,90,1,0,2,1,1,22,3,8,1,91,77,1,2,1,85.1,Low Risk
S09447,27,90,1,0,2,1,1,21,3,1,0,75,79,0,2,1,81.1,Low Risk
S09448,27,90,2,0,2,1,1,22,2,18,1,91,82,1,1,1,87.10000000000001,Low Risk
S09449,27,90,2,0,2,1,1,22,3,8,1,91,77,1,2,1,85.1,Low Risk
S09450,27,90,2,0,2,1,1,21,3,1,0,75,79,0,2,1,81.1,Low Risk
S09451,11,89,0,1,1,1,1,21,3,8,1,72,46,0,1,3,66.7,Medium Risk
S09452,11,89,0,1,1,1,1,29,3,10,0,87,54,1,2,3,74.4,Low Risk
S09453,11,89,2,0,0,1,1,21,3,8,1,72,46,0,1,3,66.7,Medium Risk
S09454,11,89,2,0,0,1,1,29,3,10,0,87,54,1,2,3,74.4,Low Risk
S09455,26,97,0,0,2,1,0,20,1,19,1,90,66,0,0,2,82.5,Low Risk
S09456,26,97,0,0,2,1,0,24,2,13,1,75,74,1,0,1,81.2,Low Risk
S09457,26,97,0,0,2,1,0,26,2,16,0,96,77,1,1,1,88.69999999999999,Low Risk
S09458,26,97,0,1,1,1,0,20,1,19,1,90,66,0,0,2,82.5,Low Risk
S09459,26,97,0,1,1,1,0,24,2,13,1,75,74,1,0,1,81.2,Low Risk
S09460,26,97,0,1,1,1,0,26,2,16,0,96,77,1,1,1,88.69999999999999,Low Risk
S09461,17,60,2,1,2,1,0,22,0,15,1,52,85,1,2,0,67.6,Medium Risk
S09462,17,60,2,1,2,1,0,18,3,15,1,74,62,1,1,2,65.0,Medium Risk
S09463,17,60,2,1,2,1,0,26,1,4,0,65,97,1,2,0,76.30000000000001,Medium Risk
S09464,17,60,0,0,1,1,0,22,0,15,1,52,85,1,2,0,67.6,Medium Risk
S09465,17,60,0,0,1,1,0,18,3,15,1,74,62,1,1,2,65.0,Medium Risk
S09466,17,60,0,0,1,1,0,26,1,4,0,65,97,1,2,0,76.30000000000001,Medium Risk
S09467,17,60,0,1,1,1,0,22,0,15,1,52,85,1,2,0,67.6,Medium Risk
S09468,17,60,0,1,1,1,0,18,3,15,1,74,62,1,1,2,65.0,Medium Risk
S09469,17,60,0,1,1,1,0,26,1,4,0,65,97,1,2,0,76.30000000000001,Medium Risk
S09470,28,70,2,1,1,1,1,28,2,11,1,56,92,0,1,0,74.60000000000001,Medium Risk
S09471,28,70,2,1,1,1,1,20,3,5,1,80,40,1,2,3,61.0,Medium Risk
S09472,28,70,0,1,2,1,1,28,2,11,1,56,92,0,1,0,74.60000000000001,Medium Risk
S09473,28,70,0,1,2,1,1,20,3,5,1,80,40,1,2,3,61.0,Medium Risk
S09474,28,70,1,1,0,1,1,28,2,11,1,56,92,0,1,0,74.60000000000001,Medium Risk
S09475,28,70,1,1,0,1,1,20,3,5,1,80,40,1,2,3,61.0,Medium Risk
S09476,28,70,1,1,0,1,1,28,2,11,1,56,92,0,1,0,74.60000000000001,Medium Risk
S09477,28,70,1,1,0,1,1,20,3,5,1,80,40,1,2,3,61.0,Medium Risk
S09478,28,70,1,1,1,1,1,28,2,11,1,56,92,0,1,0,74.60000000000001,Medium Risk
S09479,28,70,1,1,1,1,1,20,3,5,1,80,40,1,2,3,61.0,Medium Risk
S09480,20,64,1,1,1,1,1,24,3,20,1,87,55,1,0,2,67.3,Medium Risk
S09481,20,64,0,1,0,1,1,24,3,20,1,87,55,1,0,2,67.3,Medium Risk
S09482,20,64,1,1,2,1,1,24,3,20,1,87,55,1,0,2,67.3,Medium Risk
S09483,20,64,0,1,2,1,1,24,3,20,1,87,55,1,0,2,67.3,Medium Risk
S09484,20,64,0,0,1,1,1,24,3,20,1,87,55,1,0,2,67.3,Medium Risk
S09485,16,96,1,0,2,1,1,19,0,9,0,59,51,1,2,3,66.9,Low Risk
S09486,16,96,1,0,2,1,1,29,0,7,0,64,74,0,1,1,77.6,Low Risk
S09487,16,96,1,1,1,1,1,19,0,9,0,59,51,1,2,3,66.9,Low Risk
S09488,16,96,1,1,1,1,1,29,0,7,0,64,74,0,1,1,77.6,Low Risk
S09489,16,96,1,1,1,1,1,19,0,9,0,59,51,1,2,3,66.9,Low Risk
S09490,16,96,1,1,1,1,1,29,0,7,0,64,74,0,1,1,77.6,Low Risk
S09491,16,96,1,1,2,1,1,19,0,9,0,59,51,1,2,3,66.9,Low Risk
S09492,16,96,1,1,2,1,1,29,0,7,0,64,74,0,1,1,77.6,Low Risk
S09493,16,96,1,0,1,1,1,19,0,9,0,59,51,1,2,3,66.9,Low Risk
S09494,16,96,1,0,1,1,1,29,0,7,0,64,74,0,1,1,77.6,Low Risk
S09495,26,60,2,1,0,1,1,28,3,19,1,69,84,1,2,1,72.3,Medium Risk
S09496,14,96,2,1,2,1,1,27,1,1,0,88,75,1,1,1,85.19999999999999,Low Risk
S09497,14,96,2,1,2,1,1,27,2,16,1,55,86,1,0,0,79.69999999999999,Low Risk
S09498,14,96,0,0,1,1,1,27,1,1,0,88,75,1,1,1,85.19999999999999,Low Risk
S09499,14,96,0,0,1,1,1,27,2,16,1,55,86,1,0,0,79.69999999999999,Low Risk
S09500,23,96,1,1,0,1,1,21,3,14,1,89,70,1,0,1,83.5,Low Risk
S09501,23,96,1,0,1,1,1,21,3,14,1,89,70,1,0,1,83.5,Low Risk
S09502,23,96,2,1,1,1,1,21,3,14,1,89,70,1,0,1,83.5,Low Risk
S09503,23,96,2,0,1,1,1,21,3,14,1,89,70,1,0,1,83.5,Low Risk
S09504,32,86,1,1,1,0,1,22,3,11,1,60,69,1,1,2,71.4,Low Risk
S09505,32,86,1,1,1,0,1,23,1,9,0,70,75,1,2,1,76.8,Low Risk
S09506,32,86,1,1,0,1,1,22,3,11,1,60,69,1,1,2,71.4,Low Risk
S09507,32,86,1,1,0,1,1,23,1,9,0,70,75,1,2,1,76.8,Low Risk
S09508,14,87,1,0,1,1,0,27,0,18,1,72,85,1,1,0,81.69999999999999,Low Risk
S09509,14,87,1,0,1,1,0,27,1,11,1,73,58,0,0,2,71.2,Low Risk
S09510,23,74,0,1,0,1,0,18,0,3,0,56,69,1,2,2,66.60000000000001,Medium Risk
S09511,23,74,0,1,0,1,0,27,3,17,0,66,90,0,2,0,78.0,Medium Risk
S09512,23,74,0,1,0,1,0,24,3,13,1,53,55,0,2,2,60.099999999999994,Medium Risk
S09513,23,74,1,0,1,1,0,18,0,3,0,56,69,1,2,2,66.60000000000001,Medium Risk
S09514,23,74,1,0,1,1,0,27,3,17,0,66,90,0,2,0,78.0,Medium Risk
S09515,23,74,1,0,1,1,0,24,3,13,1,53,55,0,2,2,60.099999999999994,Medium Risk
S09516,23,74,2,0,1,1,0,18,0,3,0,56,69,1,2,2,66.60000000000001,Medium Risk
S09517,23,74,2,0,1,1,0,27,3,17,0,66,90,0,2,0,78.0,Medium Risk
S09518,23,74,2,0,1,1,0,24,3,13,1,53,55,0,2,2,60.099999999999994,Medium Risk
S09519,23,74,2,1,1,1,0,18,0,3,0,56,69,1,2,2,66.60000000000001,Medium Risk
S09520,23,74,2,1,1,1,0,27,3,17,0,66,90,0,2,0,78.0,Medium Risk
S09521,23,74,2,1,1,1,0,24,3,13,1,53,55,0,2,2,60.099999999999994,Medium Risk
S09522,19,96,1,0,2,1,1,25,1,11,0,64,96,1,1,0,86.4,Low Risk
S09523,19,96,0,1,2,1,1,25,1,11,0,64,96,1,1,0,86.4,Low Risk
S09524,19,96,1,0,1,1,1,25,1,11,0,64,96,1,1,0,86.4,Low Risk
S09525,19,96,1,0,1,1,1,25,1,11,0,64,96,1,1,0,86.4,Low Risk
S09526,19,96,2,1,1,1,1,25,1,11,0,64,96,1,1,0,86.4,Low Risk
S09527,19,96,0,1,1,0,1,25,1,11,0,64,96,1,1,0,86.4,Low Risk
S09528,19,96,1,0,1,1,1,25,1,11,0,64,96,1,1,0,86.4,Low Risk
S09529,19,96,1,1,1,1,1,25,1,11,0,64,96,1,1,0,86.4,Low Risk
S09530,19,96,1,1,2,1,1,25,1,11,0,64,96,1,1,0,86.4,Low Risk
S09531,26,72,1,0,2,1,1,29,1,11,1,75,97,1,2,0,82.9,Medium Risk
S09532,26,72,1,0,2,1,1,28,1,18,1,77,65,0,1,2,70.69999999999999,Medium Risk
S09533,26,72,1,1,1,1,1,29,1,11,1,75,97,1,2,0,82.9,Medium Risk
S09534,26,72,1,1,1,1,1,28,1,18,1,77,65,0,1,2,70.69999999999999,Medium Risk
S09535,26,72,2,0,1,1,1,29,1,11,1,75,97,1,2,0,82.9,Medium Risk
S09536,26,72,2,0,1,1,1,28,1,18,1,77,65,0,1,2,70.69999999999999,Medium Risk
S09537,26,72,1,0,1,0,1,29,1,11,1,75,97,1,2,0,82.9,Medium Risk
S09538,26,72,1,0,1,0,1,28,1,18,1,77,65,0,1,2,70.69999999999999,Medium Risk
S09539,36,64,1,1,1,1,0,24,0,11,1,87,99,1,1,0,84.9,Medium Risk
S09540,36,64,1,1,1,1,0,26,3,9,1,56,61,1,2,2,60.400000000000006,Medium Risk
S09541,36,64,1,1,1,1,0,26,3,18,1,63,95,0,0,0,76.1,Medium Risk
S09542,36,64,1,1,1,1,0,23,2,3,1,70,92,0,2,0,77.0,Medium Risk
S09543,22,66,2,0,1,1,1,21,1,13,1,86,40,1,0,3,61.599999999999994,Medium Risk
S09544,22,66,2,0,1,1,1,20,1,1,1,84,59,1,2,2,68.6,Medium Risk
S09545,22,66,1,0,2,1,1,21,1,13,1,86,40,1,0,3,61.599999999999994,Medium Risk
S09546,22,66,1,0,2,1,1,20,1,1,1,84,59,1,2,2,68.6,Medium Risk
S09547,22,66,0,1,1,1,1,21,1,13,1,86,40,1,0,3,61.599999999999994,Medium Risk
S09548,22,66,0,1,1,1,1,20,1,1,1,84,59,1,2,2,68.6,Medium Risk
S09549,22,91,2,1,0,1,1,19,1,0,1,60,94,1,1,0,82.9,Low Risk
S09550,22,91,1,1,1,1,1,19,1,0,1,60,94,1,1,0,82.9,Low Risk
S09551,22,91,2,0,1,1,1,19,1,0,1,60,94,1,1,0,82.9,Low Risk
S09552,22,91,2,1,1,1,1,19,1,0,1,60,94,1,1,0,82.9,Low Risk
S09553,22,91,1,1,1,1,1,19,1,0,1,60,94,1,1,0,82.9,Low Risk
S09554,22,91,0,0,1,1,1,19,1,0,1,60,94,1,1,0,82.9,Low Risk
S09555,18,85,1,0,0,1,1,19,3,20,1,65,79,1,0,1,76.6,Low Risk
S09556,18,85,1,0,0,1,1,21,2,13,1,85,71,1,1,1,79.4,Low Risk
S09557,18,85,0,1,2,1,1,19,3,20,1,65,79,1,0,1,76.6,Low Risk
S09558,18,85,0,1,2,1,1,21,2,13,1,85,71,1,1,1,79.4,Low Risk
S09559,18,85,2,0,1,1,1,19,3,20,1,65,79,1,0,1,76.6,Low Risk
S09560,18,85,2,0,1,1,1,21,2,13,1,85,71,1,1,1,79.4,Low Risk
S09561,18,85,1,1,1,1,1,19,3,20,1,65,79,1,0,1,76.6,Low Risk
S09562,18,85,1,1,1,1,1,21,2,13,1,85,71,1,1,1,79.4,Low Risk
S09563,18,85,1,0,1,1,1,19,3,20,1,65,79,1,0,1,76.6,Low Risk
S09564,18,85,1,0,1,1,1,21,2,13,1,85,71,1,1,1,79.4,Low Risk
S09565,18,85,1,1,0,1,1,19,3,20,1,65,79,1,0,1,76.6,Low Risk
S09566,18,85,1,1,0,1,1,21,2,13,1,85,71,1,1,1,79.4,Low Risk
S09567,18,85,0,1,2,1,1,19,3,20,1,65,79,1,0,1,76.6,Low Risk
S09568,18,85,0,1,2,1,1,21,2,13,1,85,71,1,1,1,79.4,Low Risk
S09569,21,69,1,0,2,1,0,18,2,17,1,81,72,1,1,1,73.8,Medium Risk
S09570,21,69,1,1,1,1,0,18,2,17,1,81,72,1,1,1,73.8,Medium Risk
S09571,28,92,2,0,2,1,1,28,2,17,1,55,56,0,0,2,66.5,Low Risk
S09572,28,92,2,0,2,1,1,19,2,9,1,76,56,1,2,2,72.8,Low Risk
S09573,28,92,2,0,2,1,1,27,1,8,1,70,57,1,1,2,71.39999999999999,Low Risk
S09574,28,92,2,0,2,1,1,29,3,16,1,56,46,1,2,3,62.8,Medium Risk
S09575,7,96,2,0,1,1,1,23,3,19,1,93,71,1,2,1,85.1,Low Risk
S09576,7,96,2,0,1,1,1,28,2,1,0,73,40,0,1,3,66.69999999999999,Medium Risk
S09577,7,96,0,0,1,1,1,23,3,19,1,93,71,1,2,1,85.1,Low Risk
S09578,7,96,0,0,1,1,1,28,2,1,0,73,40,0,1,3,66.69999999999999,Medium Risk
S09579,16,76,1,1,0,1,0,21,2,16,1,65,65,0,0,2,68.3,Low Risk
S09580,16,76,1,1,0,1,0,20,2,19,0,52,43,0,1,3,55.599999999999994,Medium Risk
S09581,16,76,1,1,0,1,0,25,1,3,1,68,66,1,2,2,69.6,Low Risk
S09582,16,76,1,0,0,1,0,21,2,16,1,65,65,0,0,2,68.3,Low Risk
S09583,16,76,1,0,0,1,0,20,2,19,0,52,43,0,1,3,55.599999999999994,Medium Risk
S09584,16,76,1,0,0,1,0,25,1,3,1,68,66,1,2,2,69.6,Low Risk
S09585,16,76,1,0,0,1,0,21,2,16,1,65,65,0,0,2,68.3,Low Risk
S09586,16,76,1,0,0,1,0,20,2,19,0,52,43,0,1,3,55.599999999999994,Medium Risk
S09587,16,76,1,0,0,1,0,25,1,3,1,68,66,1,2,2,69.6,Low Risk
S09588,16,76,2,1,2,1,0,21,2,16,1,65,65,0,0,2,68.3,Low Risk
S09589,16,76,2,1,2,1,0,20,2,19,0,52,43,0,1,3,55.599999999999994,Medium Risk
S09590,16,76,2,1,2,1,0,25,1,3,1,68,66,1,2,2,69.6,Low Risk
S09591,16,76,1,1,1,1,0,21,2,16,1,65,65,0,0,2,68.3,Low Risk
S09592,16,76,1,1,1,1,0,20,2,19,0,52,43,0,1,3,55.599999999999994,Medium Risk
S09593,16,76,1,1,1,1,0,25,1,3,1,68,66,1,2,2,69.6,Low Risk
S09594,16,76,1,0,1,1,0,21,2,16,1,65,65,0,0,2,68.3,Low Risk
S09595,16,76,1,0,1,1,0,20,2,19,0,52,43,0,1,3,55.599999999999994,Medium Risk
S09596,16,76,1,0,1,1,0,25,1,3,1,68,66,1,2,2,69.6,Low Risk
S09597,28,81,1,1,0,1,1,24,3,16,1,94,78,0,0,1,83.7,Low Risk
S09598,28,81,1,1,0,1,1,20,1,11,1,93,45,1,1,3,70.2,Medium Risk
S09599,28,81,1,1,2,1,1,24,3,16,1,94,78,0,0,1,83.7,Low Risk
S09600,28,81,1,1,2,1,1,20,1,11,1,93,45,1,1,3,70.2,Medium Risk
S09601,28,81,1,1,1,1,1,24,3,16,1,94,78,0,0,1,83.7,Low Risk
S09602,28,81,1,1,1,1,1,20,1,11,1,93,45,1,1,3,70.2,Medium Risk
S09603,28,81,0,1,1,1,1,24,3,16,1,94,78,0,0,1,83.7,Low Risk
S09604,28,81,0,1,1,1,1,20,1,11,1,93,45,1,1,3,70.2,Medium Risk
S09605,28,81,2,1,2,1,1,24,3,16,1,94,78,0,0,1,83.7,Low Risk
S09606,28,81,2,1,2,1,1,20,1,11,1,93,45,1,1,3,70.2,Medium Risk
S09607,28,81,2,0,1,1,1,24,3,16,1,94,78,0,0,1,83.7,Low Risk
S09608,28,81,2,0,1,1,1,20,1,11,1,93,45,1,1,3,70.2,Medium Risk
S09609,14,78,2,1,0,1,0,28,3,4,0,82,70,1,1,1,76.0,Low Risk
S09610,14,78,1,1,1,1,0,28,3,4,0,82,70,1,1,1,76.0,Low Risk
S09611,14,78,1,1,2,1,0,28,3,4,0,82,70,1,1,1,76.0,Low Risk
S09612,14,78,2,1,1,1,0,28,3,4,0,82,70,1,1,1,76.0,Low Risk
S09613,14,78,1,0,0,1,0,28,3,4,0,82,70,1,1,1,76.0,Low Risk
S09614,25,81,1,1,0,1,1,19,1,5,1,70,41,1,2,3,61.7,Medium Risk
S09615,25,81,1,1,0,1,1,25,2,10,1,86,76,1,2,1,80.5,Low Risk
S09616,25,81,1,1,0,1,1,21,2,3,1,50,47,1,1,3,58.099999999999994,Medium Risk
S09617,25,81,1,1,0,1,1,25,3,1,1,76,96,0,1,0,85.5,Low Risk
S09618,25,81,1,1,0,1,1,23,0,14,1,77,88,1,2,0,82.6,Low Risk
S09619,25,81,0,1,0,1,1,19,1,5,1,70,41,1,2,3,61.7,Medium Risk
S09620,25,81,0,1,0,1,1,25,2,10,1,86,76,1,2,1,80.5,Low Risk
S09621,25,81,0,1,0,1,1,21,2,3,1,50,47,1,1,3,58.099999999999994,Medium Risk
S09622,25,81,0,1,0,1,1,25,3,1,1,76,96,0,1,0,85.5,Low Risk
S09623,25,81,0,1,0,1,1,23,0,14,1,77,88,1,2,0,82.6,Low Risk
S09624,25,81,1,0,1,1,1,19,1,5,1,70,41,1,2,3,61.7,Medium Risk
S09625,25,81,1,0,1,1,1,25,2,10,1,86,76,1,2,1,80.5,Low Risk
S09626,25,81,1,0,1,1,1,21,2,3,1,50,47,1,1,3,58.099999999999994,Medium Risk
S09627,25,81,1,0,1,1,1,25,3,1,1,76,96,0,1,0,85.5,Low Risk
S09628,25,81,1,0,1,1,1,23,0,14,1,77,88,1,2,0,82.6,Low Risk
S09629,25,81,0,1,1,1,1,19,1,5,1,70,41,1,2,3,61.7,Medium Risk
S09630,25,81,0,1,1,1,1,25,2,10,1,86,76,1,2,1,80.5,Low Risk
S09631,25,81,0,1,1,1,1,21,2,3,1,50,47,1,1,3,58.099999999999994,Medium Risk
S09632,25,81,0,1,1,1,1,25,3,1,1,76,96,0,1,0,85.5,Low Risk
S09633,25,81,0,1,1,1,1,23,0,14,1,77,88,1,2,0,82.6,Low Risk
S09634,19,70,1,1,2,0,0,20,1,9,1,90,47,1,0,3,66.8,Medium Risk
S09635,19,70,1,1,1,1,0,20,1,9,1,90,47,1,0,3,66.8,Medium Risk
S09636,19,70,2,0,1,1,0,20,1,9,1,90,47,1,0,3,66.8,Medium Risk
S09637,19,70,1,1,2,0,0,20,1,9,1,90,47,1,0,3,66.8,Medium Risk
S09638,18,62,0,1,1,1,0,26,0,16,1,70,55,1,1,2,61.599999999999994,Medium Risk
S09639,18,62,0,1,1,1,0,19,3,18,0,65,70,1,2,1,66.1,Medium Risk
S09640,18,62,0,1,1,1,0,18,0,20,0,63,97,1,2,0,76.3,Medium Risk
S09641,18,62,0,1,1,1,0,28,1,12,0,86,65,1,2,2,70.39999999999999,Medium Risk
S09642,18,62,1,1,1,1,0,26,0,16,1,70,55,1,1,2,61.599999999999994,Medium Risk
S09643,18,62,1,1,1,1,0,19,3,18,0,65,70,1,2,1,66.1,Medium Risk
S09644,18,62,1,1,1,1,0,18,0,20,0,63,97,1,2,0,76.3,Medium Risk
S09645,18,62,1,1,1,1,0,28,1,12,0,86,65,1,2,2,70.39999999999999,Medium Risk
S09646,18,62,2,1,1,1,0,26,0,16,1,70,55,1,1,2,61.599999999999994,Medium Risk
S09647,18,62,2,1,1,1,0,19,3,18,0,65,70,1,2,1,66.1,Medium Risk
S09648,18,62,2,1,1,1,0,18,0,20,0,63,97,1,2,0,76.3,Medium Risk
S09649,18,62,2,1,1,1,0,28,1,12,0,86,65,1,2,2,70.39999999999999,Medium Risk
S09650,18,86,1,1,1,1,0,27,2,0,0,65,65,0,0,2,71.3,Low Risk
S09651,18,86,1,1,1,1,0,19,0,12,1,83,96,0,2,0,89.10000000000001,Low Risk
S09652,18,86,0,1,0,1,0,27,2,0,0,65,65,0,0,2,71.3,Low Risk
S09653,18,86,0,1,0,1,0,19,0,12,1,83,96,0,2,0,89.10000000000001,Low Risk
S09654,27,87,1,1,0,1,0,29,3,8,0,100,90,0,2,0,92.1,Low Risk
S09655,27,87,1,1,0,1,0,25,1,10,0,91,79,1,1,1,85.0,Low Risk
S09656,27,87,1,1,0,1,0,24,0,8,1,87,42,1,0,3,69.0,Medium Risk
S09657,27,87,1,0,1,1,0,29,3,8,0,100,90,0,2,0,92.1,Low Risk
S09658,27,87,1,0,1,1,0,25,1,10,0,91,79,1,1,1,85.0,Low Risk
S09659,27,87,1,0,1,1,0,24,0,8,1,87,42,1,0,3,69.0,Medium Risk
S09660,13,99,1,0,0,1,0,24,1,3,1,64,45,0,2,3,66.9,Medium Risk
S09661,13,99,1,1,0,1,0,24,1,3,1,64,45,0,2,3,66.9,Medium Risk
S09662,13,99,0,0,1,1,0,24,1,3,1,64,45,0,2,3,66.9,Medium Risk
S09663,27,71,0,0,1,1,1,23,3,10,1,52,92,0,0,0,73.7,Medium Risk
S09664,27,71,1,1,1,1,1,23,3,10,1,52,92,0,0,0,73.7,Medium Risk
S09665,27,71,2,1,1,1,1,23,3,10,1,52,92,0,0,0,73.7,Medium Risk
S09666,24,84,1,1,1,1,1,29,2,15,0,70,76,1,2,1,76.60000000000001,Low Risk
S09667,24,84,1,1,1,1,1,29,2,7,1,53,79,1,0,1,72.7,Low Risk
S09668,24,84,1,1,1,1,1,29,2,15,0,70,76,1,2,1,76.60000000000001,Low Risk
S09669,24,84,1,1,1,1,1,29,2,7,1,53,79,1,0,1,72.7,Low Risk
S09670,24,84,1,1,1,1,1,29,2,15,0,70,76,1,2,1,76.60000000000001,Low Risk
S09671,24,84,1,1,1,1,1,29,2,7,1,53,79,1,0,1,72.7,Low Risk
S09672,24,84,2,0,1,1,1,29,2,15,0,70,76,1,2,1,76.60000000000001,Low Risk
S09673,24,84,2,0,1,1,1,29,2,7,1,53,79,1,0,1,72.7,Low Risk
S09674,24,84,1,0,1,1,1,29,2,15,0,70,76,1,2,1,76.60000000000001,Low Risk
S09675,24,84,1,0,1,1,1,29,2,7,1,53,79,1,0,1,72.7,Low Risk
S09676,16,77,1,1,2,1,0,26,2,6,1,97,65,0,2,2,78.19999999999999,Low Risk
S09677,16,77,1,1,2,1,0,20,3,7,1,57,56,1,0,2,62.599999999999994,Low Risk
S09678,16,77,1,1,2,1,0,27,0,18,1,60,90,0,1,0,77.1,Low Risk
S09679,16,77,2,1,0,1,0,26,2,6,1,97,65,0,2,2,78.19999999999999,Low Risk
S09680,16,77,2,1,0,1,0,20,3,7,1,57,56,1,0,2,62.599999999999994,Low Risk
S09681,16,77,2,1,0,1,0,27,0,18,1,60,90,0,1,0,77.1,Low Risk
S09682,16,77,2,1,1,1,0,26,2,6,1,97,65,0,2,2,78.19999999999999,Low Risk
S09683,16,77,2,1,1,1,0,20,3,7,1,57,56,1,0,2,62.599999999999994,Low Risk
S09684,16,77,2,1,1,1,0,27,0,18,1,60,90,0,1,0,77.1,Low Risk
S09685,16,77,0,1,0,1,0,26,2,6,1,97,65,0,2,2,78.19999999999999,Low Risk
S09686,16,77,0,1,0,1,0,20,3,7,1,57,56,1,0,2,62.599999999999994,Low Risk
S09687,16,77,0,1,0,1,0,27,0,18,1,60,90,0,1,0,77.1,Low Risk
S09688,16,77,0,0,1,1,0,26,2,6,1,97,65,0,2,2,78.19999999999999,Low Risk
S09689,16,77,0,0,1,1,0,20,3,7,1,57,56,1,0,2,62.599999999999994,Low Risk
S09690,16,77,0,0,1,1,0,27,0,18,1,60,90,0,1,0,77.1,Low Risk
S09691,22,69,1,0,0,1,1,26,2,4,1,61,77,0,0,1,69.8,Medium Risk
S09692,22,69,1,0,0,1,1,28,2,6,0,80,41,0,2,3,61.10000000000001,Medium Risk
S09693,22,69,1,1,0,1,1,26,2,4,1,61,77,0,0,1,69.8,Medium Risk
S09694,22,69,1,1,0,1,1,28,2,6,0,80,41,0,2,3,61.10000000000001,Medium Risk
S09695,22,69,1,0,1,1,1,26,2,4,1,61,77,0,0,1,69.8,Medium Risk
S09696,22,69,1,0,1,1,1,28,2,6,0,80,41,0,2,3,61.10000000000001,Medium Risk
S09697,22,69,1,1,1,1,1,26,2,4,1,61,77,0,0,1,69.8,Medium Risk
S09698,22,69,1,1,1,1,1,28,2,6,0,80,41,0,2,3,61.10000000000001,Medium Risk
S09699,27,94,0,0,1,1,0,23,3,0,0,99,41,1,1,3,74.3,Medium Risk
S09700,27,94,0,0,1,1,0,27,2,4,0,84,73,1,2,1,82.60000000000001,Low Risk
S09701,27,94,0,0,1,1,0,27,1,16,0,72,100,1,0,0,89.8,Low Risk
S09702,27,94,0,0,1,1,0,29,0,19,1,100,70,0,2,1,86.2,Low Risk
S09703,27,94,0,0,1,1,0,24,2,17,1,56,79,1,0,1,76.60000000000001,Low Risk
S09704,27,94,0,0,1,1,0,18,0,1,0,81,76,0,2,1,82.9,Low Risk
S09705,27,94,1,1,1,1,0,23,3,0,0,99,41,1,1,3,74.3,Medium Risk
S09706,27,94,1,1,1,1,0,27,2,4,0,84,73,1,2,1,82.60000000000001,Low Risk
S09707,27,94,1,1,1,1,0,27,1,16,0,72,100,1,0,0,89.8,Low Risk
S09708,27,94,1,1,1,1,0,29,0,19,1,100,70,0,2,1,86.2,Low Risk
S09709,27,94,1,1,1,1,0,24,2,17,1,56,79,1,0,1,76.60000000000001,Low Risk
S09710,27,94,1,1,1,1,0,18,0,1,0,81,76,0,2,1,82.9,Low Risk
S09711,27,94,2,1,0,1,0,23,3,0,0,99,41,1,1,3,74.3,Medium Risk
S09712,27,94,2,1,0,1,0,27,2,4,0,84,73,1,2,1,82.60000000000001,Low Risk
S09713,27,94,2,1,0,1,0,27,1,16,0,72,100,1,0,0,89.8,Low Risk
S09714,27,94,2,1,0,1,0,29,0,19,1,100,70,0,2,1,86.2,Low Risk
S09715,27,94,2,1,0,1,0,24,2,17,1,56,79,1,0,1,76.60000000000001,Low Risk
S09716,27,94,2,1,0,1,0,18,0,1,0,81,76,0,2,1,82.9,Low Risk
S09717,27,94,2,0,2,1,0,23,3,0,0,99,41,1,1,3,74.3,Medium Risk
S09718,27,94,2,0,2,1,0,27,2,4,0,84,73,1,2,1,82.60000000000001,Low Risk
S09719,27,94,2,0,2,1,0,27,1,16,0,72,100,1,0,0,89.8,Low Risk
S09720,27,94,2,0,2,1,0,29,0,19,1,100,70,0,2,1,86.2,Low Risk
S09721,27,94,2,0,2,1,0,24,2,17,1,56,79,1,0,1,76.60000000000001,Low Risk
S09722,27,94,2,0,2,1,0,18,0,1,0,81,76,0,2,1,82.9,Low Risk
S09723,27,94,0,0,1,1,0,23,3,0,0,99,41,1,1,3,74.3,Medium Risk
S09724,27,94,0,0,1,1,0,27,2,4,0,84,73,1,2,1,82.60000000000001,Low Risk
S09725,27,94,0,0,1,1,0,27,1,16,0,72,100,1,0,0,89.8,Low Risk
S09726,27,94,0,0,1,1,0,29,0,19,1,100,70,0,2,1,86.2,Low Risk
S09727,27,94,0,0,1,1,0,24,2,17,1,56,79,1,0,1,76.60000000000001,Low Risk
S09728,27,94,0,0,1,1,0,18,0,1,0,81,76,0,2,1,82.9,Low Risk
S09729,31,89,1,0,1,1,0,29,0,4,0,89,97,0,2,0,92.2,Low Risk
S09730,31,89,1,0,1,1,0,27,1,20,0,91,97,1,1,0,92.80000000000001,Low Risk
S09731,31,89,1,0,1,1,0,25,1,4,1,54,67,0,1,2,69.7,Low Risk
S09732,31,89,1,1,1,1,0,29,0,4,0,89,97,0,2,0,92.2,Low Risk
S09733,31,89,1,1,1,1,0,27,1,20,0,91,97,1,1,0,92.80000000000001,Low Risk
S09734,31,89,1,1,1,1,0,25,1,4,1,54,67,0,1,2,69.7,Low Risk
S09735,27,99,2,0,1,1,0,26,1,5,0,76,73,0,1,1,81.7,Low Risk
S09736,27,99,2,0,1,1,0,26,1,16,1,82,84,1,2,1,87.9,Low Risk
S09737,7,99,1,1,1,1,1,24,1,15,0,76,62,1,2,2,77.3,Low Risk
S09738,7,99,1,1,1,1,1,25,0,9,0,61,77,1,2,1,78.8,Low Risk
S09739,7,99,1,1,1,1,1,18,3,5,0,71,100,1,0,0,91.0,Low Risk
S09740,25,74,0,1,0,1,0,29,3,13,0,83,77,0,0,1,77.9,Medium Risk
S09741,25,74,0,1,0,1,0,22,3,11,1,76,96,0,1,0,83.4,Medium Risk
S09742,25,74,0,1,0,1,0,23,3,1,0,94,74,1,0,1,80.0,Medium Risk
S09743,25,74,2,1,2,1,0,29,3,13,0,83,77,0,0,1,77.9,Medium Risk
S09744,25,74,2,1,2,1,0,22,3,11,1,76,96,0,1,0,83.4,Medium Risk
S09745,25,74,2,1,2,1,0,23,3,1,0,94,74,1,0,1,80.0,Medium Risk
S09746,25,74,1,1,1,1,0,29,3,13,0,83,77,0,0,1,77.9,Medium Risk
S09747,25,74,1,1,1,1,0,22,3,11,1,76,96,0,1,0,83.4,Medium Risk
S09748,25,74,1,1,1,1,0,23,3,1,0,94,74,1,0,1,80.0,Medium Risk
S09749,18,61,0,1,0,1,1,20,3,4,1,88,46,1,1,3,63.099999999999994,Medium Risk
S09750,18,61,0,0,0,1,1,20,3,4,1,88,46,1,1,3,63.099999999999994,Medium Risk
S09751,18,61,1,1,1,1,1,20,3,4,1,88,46,1,1,3,63.099999999999994,Medium Risk
S09752,18,61,1,1,1,1,1,20,3,4,1,88,46,1,1,3,63.099999999999994,Medium Risk
S09753,18,61,1,1,1,1,1,20,3,4,1,88,46,1,1,3,63.099999999999994,Medium Risk
S09754,27,67,0,0,0,1,0,22,0,8,1,92,55,0,0,2,69.69999999999999,Medium Risk
S09755,27,67,0,0,0,1,0,29,2,10,0,80,40,1,0,3,60.099999999999994,Medium Risk
S09756,27,67,0,0,0,1,0,22,0,11,1,92,69,1,0,2,75.3,Medium Risk
S09757,27,67,2,1,2,1,0,22,0,8,1,92,55,0,0,2,69.69999999999999,Medium Risk
S09758,27,67,2,1,2,1,0,29,2,10,0,80,40,1,0,3,60.099999999999994,Medium Risk
S09759,27,67,2,1,2,1,0,22,0,11,1,92,69,1,0,2,75.3,Medium Risk
S09760,27,67,1,1,1,1,0,22,0,8,1,92,55,0,0,2,69.69999999999999,Medium Risk
S09761,27,67,1,1,1,1,0,29,2,10,0,80,40,1,0,3,60.099999999999994,Medium Risk
S09762,27,67,1,1,1,1,0,22,0,11,1,92,69,1,0,2,75.3,Medium Risk
S09763,31,90,2,0,0,1,1,27,3,8,1,92,66,1,2,2,81.0,Low Risk
S09764,19,61,1,0,0,1,1,21,3,13,0,59,85,1,2,0,70.0,Medium Risk
S09765,19,61,1,0,0,1,1,29,3,11,1,54,100,1,1,0,74.5,Medium Risk
S09766,19,61,2,1,0,1,1,21,3,13,0,59,85,1,2,0,70.0,Medium Risk
S09767,19,61,2,1,0,1,1,29,3,11,1,54,100,1,1,0,74.5,Medium Risk
S09768,19,61,2,1,2,1,1,21,3,13,0,59,85,1,2,0,70.0,Medium Risk
S09769,19,61,2,1,2,1,1,29,3,11,1,54,100,1,1,0,74.5,Medium Risk
S09770,19,61,1,0,0,1,1,21,3,13,0,59,85,1,2,0,70.0,Medium Risk
S09771,19,61,1,0,0,1,1,29,3,11,1,54,100,1,1,0,74.5,Medium Risk
S09772,19,61,1,0,1,1,1,21,3,13,0,59,85,1,2,0,70.0,Medium Risk
S09773,19,61,1,0,1,1,1,29,3,11,1,54,100,1,1,0,74.5,Medium Risk
S09774,19,61,1,0,1,1,1,21,3,13,0,59,85,1,2,0,70.0,Medium Risk
S09775,19,61,1,0,1,1,1,29,3,11,1,54,100,1,1,0,74.5,Medium Risk
S09776,19,61,2,0,0,1,1,21,3,13,0,59,85,1,2,0,70.0,Medium Risk
S09777,19,61,2,0,0,1,1,29,3,11,1,54,100,1,1,0,74.5,Medium Risk
S09778,19,61,2,1,2,1,1,21,3,13,0,59,85,1,2,0,70.0,Medium Risk
S09779,19,61,2,1,2,1,1,29,3,11,1,54,100,1,1,0,74.5,Medium Risk
S09780,18,70,1,1,0,1,0,29,3,8,1,53,55,1,2,2,58.9,Medium Risk
S09781,18,70,1,1,0,1,0,27,3,16,1,81,88,1,2,0,80.5,Medium Risk
S09782,18,70,0,0,1,1,0,29,3,8,1,53,55,1,2,2,58.9,Medium Risk
S09783,18,70,0,0,1,1,0,27,3,16,1,81,88,1,2,0,80.5,Medium Risk
S09784,18,70,1,0,1,1,0,29,3,8,1,53,55,1,2,2,58.9,Medium Risk
S09785,18,70,1,0,1,1,0,27,3,16,1,81,88,1,2,0,80.5,Medium Risk
S09786,18,70,1,0,1,1,0,29,3,8,1,53,55,1,2,2,58.9,Medium Risk
S09787,18,70,1,0,1,1,0,27,3,16,1,81,88,1,2,0,80.5,Medium Risk
S09788,18,89,1,0,0,1,1,19,0,16,0,54,54,0,1,3,64.5,Low Risk
S09789,18,89,0,0,2,1,1,19,0,16,0,54,54,0,1,3,64.5,Low Risk
S09790,18,89,2,1,0,1,1,19,0,16,0,54,54,0,1,3,64.5,Low Risk
S09791,18,89,1,0,1,1,1,19,0,16,0,54,54,0,1,3,64.5,Low Risk
S09792,18,89,1,0,1,1,1,19,0,16,0,54,54,0,1,3,64.5,Low Risk
S09793,10,93,1,0,1,1,1,26,3,1,0,73,45,1,2,3,67.8,Medium Risk
S09794,10,93,1,0,1,1,1,26,3,17,1,82,66,1,0,2,78.9,Low Risk
S09795,26,84,2,1,1,1,0,20,0,12,0,79,75,1,0,1,78.9,Low Risk
S09796,26,84,2,1,1,1,0,22,3,17,1,63,49,1,2,3,63.7,Medium Risk
S09797,26,84,2,1,1,1,0,26,2,1,0,75,94,1,2,0,85.3,Low Risk
S09798,26,84,1,1,1,0,0,20,0,12,0,79,75,1,0,1,78.9,Low Risk
S09799,26,84,1,1,1,0,0,22,3,17,1,63,49,1,2,3,63.7,Medium Risk
S09800,26,84,1,1,1,0,0,26,2,1,0,75,94,1,2,0,85.3,Low Risk
S09801,26,84,2,1,1,1,0,20,0,12,0,79,75,1,0,1,78.9,Low Risk
S09802,26,84,2,1,1,1,0,22,3,17,1,63,49,1,2,3,63.7,Medium Risk
S09803,26,84,2,1,1,1,0,26,2,1,0,75,94,1,2,0,85.3,Low Risk
S09804,30,87,1,0,1,1,1,18,0,11,1,66,56,1,2,2,68.3,Low Risk
S09805,30,87,2,1,0,1,1,18,0,11,1,66,56,1,2,2,68.3,Low Risk
S09806,30,87,1,1,2,1,1,18,0,11,1,66,56,1,2,2,68.3,Low Risk
S09807,30,87,1,0,0,1,1,18,0,11,1,66,56,1,2,2,68.3,Low Risk
S09808,30,87,1,1,0,1,1,18,0,11,1,66,56,1,2,2,68.3,Low Risk
S09809,30,87,1,1,2,1,1,18,0,11,1,66,56,1,2,2,68.3,Low Risk
S09810,19,100,0,0,2,1,1,19,3,8,0,84,44,0,2,3,72.8,Medium Risk
S09811,19,100,0,1,2,1,1,19,3,8,0,84,44,0,2,3,72.8,Medium Risk
S09812,19,100,2,1,1,1,1,19,3,8,0,84,44,0,2,3,72.8,Medium Risk
S09813,19,100,2,1,2,1,1,19,3,8,0,84,44,0,2,3,72.8,Medium Risk
S09814,19,100,0,1,0,1,1,19,3,8,0,84,44,0,2,3,72.8,Medium Risk
S09815,19,69,2,1,1,0,0,24,2,3,1,78,63,1,2,2,69.3,Medium Risk
S09816,19,69,2,1,1,0,0,19,2,4,0,79,100,1,2,0,84.4,Medium Risk
S09817,19,69,0,0,1,1,0,24,2,3,1,78,63,1,2,2,69.3,Medium Risk
S09818,19,69,0,0,1,1,0,19,2,4,0,79,100,1,2,0,84.4,Medium Risk
S09819,19,69,0,1,1,1,0,24,2,3,1,78,63,1,2,2,69.3,Medium Risk
S09820,19,69,0,1,1,1,0,19,2,4,0,79,100,1,2,0,84.4,Medium Risk
S09821,19,69,1,1,0,1,0,24,2,3,1,78,63,1,2,2,69.3,Medium Risk
S09822,19,69,1,1,0,1,0,19,2,4,0,79,100,1,2,0,84.4,Medium Risk
S09823,19,69,1,1,1,1,0,24,2,3,1,78,63,1,2,2,69.3,Medium Risk
S09824,19,69,1,1,1,1,0,19,2,4,0,79,100,1,2,0,84.4,Medium Risk
S09825,19,69,2,1,0,1,0,24,2,3,1,78,63,1,2,2,69.3,Medium Risk
S09826,19,69,2,1,0,1,0,19,2,4,0,79,100,1,2,0,84.4,Medium Risk
S09827,27,78,0,1,1,1,1,25,0,17,0,82,84,0,1,1,81.6,Low Risk
S09828,27,78,0,1,1,1,1,29,0,19,1,88,43,1,2,3,67.0,Medium Risk
S09829,27,78,0,1,1,1,1,23,3,5,1,65,55,1,1,2,64.9,Low Risk
S09830,27,78,1,0,1,1,1,25,0,17,0,82,84,0,1,1,81.6,Low Risk
S09831,27,78,1,0,1,1,1,29,0,19,1,88,43,1,2,3,67.0,Medium Risk
S09832,27,78,1,0,1,1,1,23,3,5,1,65,55,1,1,2,64.9,Low Risk
S09833,27,78,1,1,2,1,1,25,0,17,0,82,84,0,1,1,81.6,Low Risk
S09834,27,78,1,1,2,1,1,29,0,19,1,88,43,1,2,3,67.0,Medium Risk
S09835,27,78,1,1,2,1,1,23,3,5,1,65,55,1,1,2,64.9,Low Risk
S09836,27,78,1,0,0,1,1,25,0,17,0,82,84,0,1,1,81.6,Low Risk
S09837,27,78,1,0,0,1,1,29,0,19,1,88,43,1,2,3,67.0,Medium Risk
S09838,27,78,1,0,0,1,1,23,3,5,1,65,55,1,1,2,64.9,Low Risk
S09839,27,78,2,0,1,1,1,25,0,17,0,82,84,0,1,1,81.6,Low Risk
S09840,27,78,2,0,1,1,1,29,0,19,1,88,43,1,2,3,67.0,Medium Risk
S09841,27,78,2,0,1,1,1,23,3,5,1,65,55,1,1,2,64.9,Low Risk
S09842,27,78,1,1,0,1,1,25,0,17,0,82,84,0,1,1,81.6,Low Risk
S09843,27,78,1,1,0,1,1,29,0,19,1,88,43,1,2,3,67.0,Medium Risk
S09844,27,78,1,1,0,1,1,23,3,5,1,65,55,1,1,2,64.9,Low Risk
S09845,14,62,1,1,1,1,0,26,3,19,0,53,48,1,1,3,53.7,Medium Risk
S09846,14,62,1,1,1,1,0,23,0,5,0,92,91,1,2,0,82.6,Medium Risk
S09847,14,62,2,1,1,1,0,26,3,19,0,53,48,1,1,3,53.7,Medium Risk
S09848,14,62,2,1,1,1,0,23,0,5,0,92,91,1,2,0,82.6,Medium Risk
S09849,14,62,2,1,0,1,0,26,3,19,0,53,48,1,1,3,53.7,Medium Risk
S09850,14,62,2,1,0,1,0,23,0,5,0,92,91,1,2,0,82.6,Medium Risk
S09851,21,61,1,0,1,1,0,28,0,13,1,52,70,0,1,1,61.900000000000006,Medium Risk
S09852,21,61,1,0,1,1,0,27,1,14,0,76,80,1,0,1,73.1,Medium Risk
S09853,21,61,1,1,0,1,0,28,0,13,1,52,70,0,1,1,61.900000000000006,Medium Risk
S09854,21,61,1,1,0,1,0,27,1,14,0,76,80,1,0,1,73.1,Medium Risk
S09855,21,61,1,1,2,0,0,28,0,13,1,52,70,0,1,1,61.900000000000006,Medium Risk
S09856,21,61,1,1,2,0,0,27,1,14,0,76,80,1,0,1,73.1,Medium Risk
S09857,23,86,1,0,1,1,1,19,2,10,1,64,79,1,1,1,76.6,Low Risk
S09858,23,86,1,1,1,1,1,19,2,10,1,64,79,1,1,1,76.6,Low Risk
S09859,26,82,2,0,1,0,0,29,2,4,0,67,78,0,1,1,75.89999999999999,Low Risk
S09860,26,82,2,0,1,0,0,18,1,0,0,50,46,1,0,3,58.0,Medium Risk
S09861,26,82,0,1,2,1,0,29,2,4,0,67,78,0,1,1,75.89999999999999,Low Risk
S09862,26,82,0,1,2,1,0,18,1,0,0,50,46,1,0,3,58.0,Medium Risk
S09863,26,82,0,0,1,1,0,29,2,4,0,67,78,0,1,1,75.89999999999999,Low Risk
S09864,26,82,0,0,1,1,0,18,1,0,0,50,46,1,0,3,58.0,Medium Risk
S09865,24,79,2,1,1,1,0,27,0,12,1,71,74,1,2,1,74.60000000000001,Low Risk
S09866,24,79,2,1,1,1,0,22,3,8,1,92,69,1,2,2,78.9,Low Risk
S09867,24,79,2,1,1,1,0,21,2,12,1,71,74,1,1,1,74.60000000000001,Low Risk
S09868,24,79,0,0,0,1,0,27,0,12,1,71,74,1,2,1,74.60000000000001,Low Risk
S09869,24,79,0,0,0,1,0,22,3,8,1,92,69,1,2,2,78.9,Low Risk
S09870,24,79,0,0,0,1,0,21,2,12,1,71,74,1,1,1,74.60000000000001,Low Risk
S09871,9,76,1,1,1,1,0,25,3,19,1,99,68,1,2,2,79.7,Low Risk
S09872,9,76,1,1,1,1,0,29,3,0,0,81,52,1,1,3,67.9,Low Risk
S09873,9,76,1,1,1,1,0,25,3,7,0,52,47,0,2,3,57.2,Medium Risk
S09874,23,85,2,0,2,0,0,29,1,8,1,57,89,0,1,0,78.2,Low Risk
S09875,23,85,2,0,2,0,0,24,1,13,0,71,69,1,1,2,74.4,Low Risk
S09876,23,85,2,1,2,1,0,29,1,8,1,57,89,0,1,0,78.2,Low Risk
S09877,23,85,2,1,2,1,0,24,1,13,0,71,69,1,1,2,74.4,Low Risk
S09878,23,85,1,1,0,1,0,29,1,8,1,57,89,0,1,0,78.2,Low Risk
S09879,23,85,1,1,0,1,0,24,1,13,0,71,69,1,1,2,74.4,Low Risk
S09880,23,85,0,1,2,1,0,29,1,8,1,57,89,0,1,0,78.2,Low Risk
S09881,23,85,0,1,2,1,0,24,1,13,0,71,69,1,1,2,74.4,Low Risk
S09882,23,85,1,1,2,1,0,29,1,8,1,57,89,0,1,0,78.2,Low Risk
S09883,23,85,1,1,2,1,0,24,1,13,0,71,69,1,1,2,74.4,Low Risk
S09884,23,85,0,0,0,1,0,29,1,8,1,57,89,0,1,0,78.2,Low Risk
S09885,23,85,0,0,0,1,0,24,1,13,0,71,69,1,1,2,74.4,Low Risk
S09886,30,94,1,0,1,1,0,18,0,9,0,87,80,1,2,1,86.3,Low Risk
S09887,30,94,1,0,1,1,0,29,1,20,1,93,61,0,1,2,80.5,Low Risk
S09888,30,94,1,1,0,1,0,18,0,9,0,87,80,1,2,1,86.3,Low Risk
S09889,30,94,1,1,0,1,0,29,1,20,1,93,61,0,1,2,80.5,Low Risk
S09890,30,94,0,0,0,0,0,18,0,9,0,87,80,1,2,1,86.3,Low Risk
S09891,30,94,0,0,0,0,0,29,1,20,1,93,61,0,1,2,80.5,Low Risk
S09892,28,76,1,1,1,1,1,19,0,12,1,99,97,1,0,0,91.3,Low Risk
S09893,28,76,1,1,1,1,1,20,2,0,0,85,68,1,2,2,75.5,Low Risk
S09894,28,76,1,1,2,1,1,19,0,12,1,99,97,1,0,0,91.3,Low Risk
S09895,28,76,1,1,2,1,1,20,2,0,0,85,68,1,2,2,75.5,Low Risk
S09896,28,76,1,0,1,1,1,19,0,12,1,99,97,1,0,0,91.3,Low Risk
S09897,28,76,1,0,1,1,1,20,2,0,0,85,68,1,2,2,75.5,Low Risk
S09898,28,76,2,1,2,1,1,19,0,12,1,99,97,1,0,0,91.3,Low Risk
S09899,28,76,2,1,2,1,1,20,2,0,0,85,68,1,2,2,75.5,Low Risk
S09900,28,76,1,1,1,1,1,19,0,12,1,99,97,1,0,0,91.3,Low Risk
S09901,28,76,1,1,1,1,1,20,2,0,0,85,68,1,2,2,75.5,Low Risk
S09902,28,76,0,0,2,1,1,19,0,12,1,99,97,1,0,0,91.3,Low Risk
S09903,28,76,0,0,2,1,1,20,2,0,0,85,68,1,2,2,75.5,Low Risk
S09904,30,96,1,1,1,1,0,23,1,4,1,69,74,0,1,1,79.1,Low Risk
S09905,30,96,1,1,1,1,0,18,1,5,0,60,45,0,2,3,64.8,Medium Risk
S09906,30,96,1,1,1,1,0,27,2,7,1,61,88,1,2,0,82.3,Low Risk
S09907,33,69,2,1,1,1,1,24,0,18,1,59,62,0,1,2,63.2,Medium Risk
S09908,33,69,2,1,1,1,1,27,3,10,0,85,45,0,2,3,64.2,Medium Risk
S09909,16,97,1,0,1,1,0,18,1,14,1,60,93,1,1,0,84.3,Low Risk
S09910,16,97,1,0,1,1,0,24,1,5,1,53,74,0,1,1,74.6,Low Risk
S09911,16,97,1,0,1,1,0,24,0,11,1,97,61,1,2,2,82.6,Low Risk
S09912,16,97,1,0,0,0,0,18,1,14,1,60,93,1,1,0,84.3,Low Risk
S09913,16,97,1,0,0,0,0,24,1,5,1,53,74,0,1,1,74.6,Low Risk
S09914,16,97,1,0,0,0,0,24,0,11,1,97,61,1,2,2,82.6,Low Risk
S09915,12,65,1,0,1,1,0,21,3,10,1,54,80,0,1,1,67.7,Medium Risk
S09916,12,65,1,0,1,1,0,27,3,6,0,67,54,1,1,3,61.2,Medium Risk
S09917,12,65,2,1,1,1,0,21,3,10,1,54,80,0,1,1,67.7,Medium Risk
S09918,12,65,2,1,1,1,0,27,3,6,0,67,54,1,1,3,61.2,Medium Risk
S09919,12,65,1,1,1,1,0,21,3,10,1,54,80,0,1,1,67.7,Medium Risk
S09920,12,65,1,1,1,1,0,27,3,6,0,67,54,1,1,3,61.2,Medium Risk
S09921,12,65,0,1,1,1,0,21,3,10,1,54,80,0,1,1,67.7,Medium Risk
S09922,12,65,0,1,1,1,0,27,3,6,0,67,54,1,1,3,61.2,Medium Risk
S09923,16,78,0,1,2,1,0,19,1,7,1,91,93,1,0,0,87.9,Low Risk
S09924,16,78,0,1,2,1,0,20,3,5,1,56,50,1,2,3,60.199999999999996,Low Risk
S09925,16,78,2,0,0,1,0,19,1,7,1,91,93,1,0,0,87.9,Low Risk
S09926,16,78,2,0,0,1,0,20,3,5,1,56,50,1,2,3,60.199999999999996,Low Risk
S09927,16,78,2,0,1,1,0,19,1,7,1,91,93,1,0,0,87.9,Low Risk
S09928,16,78,2,0,1,1,0,20,3,5,1,56,50,1,2,3,60.199999999999996,Low Risk
S09929,16,78,1,0,2,1,0,19,1,7,1,91,93,1,0,0,87.9,Low Risk
S09930,16,78,1,0,2,1,0,20,3,5,1,56,50,1,2,3,60.199999999999996,Low Risk
S09931,16,78,1,1,1,1,0,19,1,7,1,91,93,1,0,0,87.9,Low Risk
S09932,16,78,1,1,1,1,0,20,3,5,1,56,50,1,2,3,60.199999999999996,Low Risk
S09933,12,81,2,1,0,1,0,21,0,12,1,67,88,1,0,0,79.6,Low Risk
S09934,12,81,2,0,0,1,0,21,0,12,1,67,88,1,0,0,79.6,Low Risk
S09935,9,87,1,0,1,1,0,24,1,11,0,88,95,0,2,0,90.5,Low Risk
S09936,9,87,1,0,1,1,0,26,2,16,0,86,41,1,1,3,68.3,Medium Risk
S09937,9,87,1,0,1,1,0,27,1,14,0,87,92,1,1,0,89.0,Low Risk
S09938,9,87,1,0,1,1,0,28,0,19,1,79,65,1,1,2,75.8,Low Risk
S09939,9,87,1,0,1,1,0,23,1,17,0,56,83,1,2,1,76.1,Low Risk
S09940,9,87,1,0,1,1,0,24,1,11,0,88,95,0,2,0,90.5,Low Risk
S09941,9,87,1,0,1,1,0,26,2,16,0,86,41,1,1,3,68.3,Medium Risk
S09942,9,87,1,0,1,1,0,27,1,14,0,87,92,1,1,0,89.0,Low Risk
S09943,9,87,1,0,1,1,0,28,0,19,1,79,65,1,1,2,75.8,Low Risk
S09944,9,87,1,0,1,1,0,23,1,17,0,56,83,1,2,1,76.1,Low Risk
S09945,9,87,1,1,1,1,0,24,1,11,0,88,95,0,2,0,90.5,Low Risk
S09946,9,87,1,1,1,1,0,26,2,16,0,86,41,1,1,3,68.3,Medium Risk
S09947,9,87,1,1,1,1,0,27,1,14,0,87,92,1,1,0,89.0,Low Risk
S09948,9,87,1,1,1,1,0,28,0,19,1,79,65,1,1,2,75.8,Low Risk
S09949,9,87,1,1,1,1,0,23,1,17,0,56,83,1,2,1,76.1,Low Risk
S09950,21,86,2,0,1,1,1,24,2,7,0,96,42,1,2,3,71.39999999999999,Medium Risk
S09951,21,86,2,0,1,1,1,24,1,19,1,93,62,1,1,2,78.5,Low Risk
S09952,21,86,2,0,1,1,1,28,3,6,1,59,64,1,2,2,69.1,Low Risk
S09953,21,86,2,0,1,1,1,27,2,18,0,97,78,1,0,1,86.1,Low Risk
S09954,21,86,1,1,2,1,1,24,2,7,0,96,42,1,2,3,71.39999999999999,Medium Risk
S09955,21,86,1,1,2,1,1,24,1,19,1,93,62,1,1,2,78.5,Low Risk
S09956,21,86,1,1,2,1,1,28,3,6,1,59,64,1,2,2,69.1,Low Risk
S09957,21,86,1,1,2,1,1,27,2,18,0,97,78,1,0,1,86.1,Low Risk
S09958,21,86,1,0,1,1,1,24,2,7,0,96,42,1,2,3,71.39999999999999,Medium Risk
S09959,21,86,1,0,1,1,1,24,1,19,1,93,62,1,1,2,78.5,Low Risk
S09960,21,86,1,0,1,1,1,28,3,6,1,59,64,1,2,2,69.1,Low Risk
S09961,21,86,1,0,1,1,1,27,2,18,0,97,78,1,0,1,86.1,Low Risk
S09962,21,86,0,1,2,1,1,24,2,7,0,96,42,1,2,3,71.39999999999999,Medium Risk
S09963,21,86,0,1,2,1,1,24,1,19,1,93,62,1,1,2,78.5,Low Risk
S09964,21,86,0,1,2,1,1,28,3,6,1,59,64,1,2,2,69.1,Low Risk
S09965,21,86,0,1,2,1,1,27,2,18,0,97,78,1,0,1,86.1,Low Risk
S09966,18,94,1,1,1,1,0,27,2,4,0,72,43,1,0,3,67.0,Medium Risk
S09967,18,94,1,1,1,1,0,20,2,8,1,87,58,1,2,2,77.5,Low Risk
S09968,18,94,0,1,1,1,0,27,2,4,0,72,43,1,0,3,67.0,Medium Risk
S09969,18,94,0,1,1,1,0,20,2,8,1,87,58,1,2,2,77.5,Low Risk
S09970,18,94,1,1,1,1,0,27,2,4,0,72,43,1,0,3,67.0,Medium Risk
S09971,18,94,1,1,1,1,0,20,2,8,1,87,58,1,2,2,77.5,Low Risk
S09972,18,94,2,1,1,1,0,27,2,4,0,72,43,1,0,3,67.0,Medium Risk
S09973,18,94,2,1,1,1,0,20,2,8,1,87,58,1,2,2,77.5,Low Risk
S09974,18,94,0,1,0,1,0,27,2,4,0,72,43,1,0,3,67.0,Medium Risk
S09975,18,94,0,1,0,1,0,20,2,8,1,87,58,1,2,2,77.5,Low Risk
S09976,18,94,0,0,2,1,0,27,2,4,0,72,43,1,0,3,67.0,Medium Risk
S09977,18,94,0,0,2,1,0,20,2,8,1,87,58,1,2,2,77.5,Low Risk
S09978,18,94,1,1,1,1,0,27,2,4,0,72,43,1,0,3,67.0,Medium Risk
S09979,18,94,1,1,1,1,0,20,2,8,1,87,58,1,2,2,77.5,Low Risk
S09980,18,94,1,1,1,1,0,27,2,4,0,72,43,1,0,3,67.0,Medium Risk
S09981,18,94,1,1,1,1,0,20,2,8,1,87,58,1,2,2,77.5,Low Risk
S09982,18,94,1,1,1,0,0,27,2,4,0,72,43,1,0,3,67.0,Medium Risk
S09983,18,94,1,1,1,0,0,20,2,8,1,87,58,1,2,2,77.5,Low Risk
S09984,18,94,1,1,1,1,0,27,2,4,0,72,43,1,0,3,67.0,Medium Risk
S09985,18,94,1,1,1,1,0,20,2,8,1,87,58,1,2,2,77.5,Low Risk
S09986,31,85,1,0,1,1,1,18,0,18,1,59,79,1,2,1,74.8,Low Risk
S09987,31,85,1,0,1,1,1,27,0,6,0,90,70,1,2,1,80.5,Low Risk
S09988,31,85,1,0,1,1,1,24,0,17,0,83,99,1,1,0,90.0,Low Risk
S09989,31,85,1,0,1,1,1,21,3,10,1,82,41,1,0,3,66.5,Medium Risk
S09990,16,61,1,1,0,1,0,23,1,11,1,51,65,0,2,2,59.599999999999994,Medium Risk
S09991,16,61,1,1,0,1,0,24,3,1,0,91,50,1,2,3,65.6,Medium Risk
S09992,16,61,1,0,0,1,0,23,1,11,1,51,65,0,2,2,59.599999999999994,Medium Risk
S09993,16,61,1,0,0,1,0,24,3,1,0,91,50,1,2,3,65.6,Medium Risk
S09994,16,61,2,1,1,1,0,23,1,11,1,51,65,0,2,2,59.599999999999994,Medium Risk
S09995,16,61,2,1,1,1,0,24,3,1,0,91,50,1,2,3,65.6,Medium Risk
S09996,16,61,1,1,1,1,0,23,1,11,1,51,65,0,2,2,59.599999999999994,Medium Risk
S09997,16,61,1,1,1,1,0,24,3,1,0,91,50,1,2,3,65.6,Medium Risk
S09998,16,61,1,1,0,1,0,23,1,11,1,51,65,0,2,2,59.599999999999994,Medium Risk
S09999,16,61,1,1,0,1,0,24,3,1,0,91,50,1,2,3,65.6,Medium Risk
S10000,16,61,0,0,1,1,0,23,1,11,1,51,65,0,2,2,59.599999999999994,Medium Risk
S10001,16,61,0,0,1,1,0,24,3,1,0,91,50,1,2,3,65.6,Medium Risk
S10002,11,96,2,0,2,1,1,22,1,11,0,50,74,1,2,1,73.4,Low Risk
S10003,11,96,2,0,2,1,1,27,3,1,0,100,82,1,1,1,91.6,Low Risk
S10004,11,96,2,0,2,1,1,18,1,3,0,88,98,1,2,0,94.39999999999999,Low Risk
S10005,11,96,2,0,2,1,1,27,2,1,0,53,67,1,0,2,71.5,Low Risk
S10006,11,96,2,0,2,1,1,27,2,13,0,81,44,0,1,3,70.7,Medium Risk
S10007,11,96,2,0,1,1,1,22,1,11,0,50,74,1,2,1,73.4,Low Risk
S10008,11,96,2,0,1,1,1,27,3,1,0,100,82,1,1,1,91.6,Low Risk
S10009,11,96,2,0,1,1,1,18,1,3,0,88,98,1,2,0,94.39999999999999,Low Risk
S10010,11,96,2,0,1,1,1,27,2,1,0,53,67,1,0,2,71.5,Low Risk
S10011,11,96,2,0,1,1,1,27,2,13,0,81,44,0,1,3,70.7,Medium Risk
S10012,9,69,1,1,2,1,0,28,0,5,0,83,64,1,2,2,71.2,Medium Risk
S10013,9,69,1,1,2,1,0,21,3,18,0,58,64,1,2,2,63.7,Medium Risk
S10014,10,97,2,0,2,1,0,24,3,20,1,63,42,1,1,3,64.8,Medium Risk
S10015,10,97,2,0,2,1,0,24,1,16,1,66,75,1,0,1,78.89999999999999,Low Risk
S10016,10,97,1,0,1,1,0,24,3,20,1,63,42,1,1,3,64.8,Medium Risk
S10017,10,97,1,0,1,1,0,24,1,16,1,66,75,1,0,1,78.89999999999999,Low Risk
S10018,30,72,0,0,1,1,1,20,2,13,1,78,50,1,0,3,65.0,Medium Risk
S10019,30,72,1,0,1,1,1,20,2,13,1,78,50,1,0,3,65.0,Medium Risk
S10020,7,92,1,0,2,1,1,18,2,3,1,58,91,1,2,0,81.39999999999999,Low Risk
S10021,19,65,2,1,0,1,0,18,2,5,1,75,60,0,2,2,66.0,Medium Risk
S10022,19,65,2,1,1,1,0,18,2,5,1,75,60,0,2,2,66.0,Medium Risk
S10023,19,65,2,1,1,0,0,18,2,5,1,75,60,0,2,2,66.0,Medium Risk
S10024,19,65,1,0,0,1,0,18,2,5,1,75,60,0,2,2,66.0,Medium Risk
S10025,19,65,0,1,2,1,0,18,2,5,1,75,60,0,2,2,66.0,Medium Risk
S10026,19,65,2,0,0,1,0,18,2,5,1,75,60,0,2,2,66.0,Medium Risk
S10027,19,65,2,1,1,1,0,18,2,5,1,75,60,0,2,2,66.0,Medium Risk
S10028,19,65,2,0,1,1,0,18,2,5,1,75,60,0,2,2,66.0,Medium Risk
S10029,24,87,1,0,2,1,1,24,2,9,1,77,87,1,0,0,84.0,Low Risk
S10030,24,87,1,0,2,1,1,27,1,10,0,98,47,0,2,3,74.3,Medium Risk
S10031,24,87,1,0,2,1,1,25,1,16,1,74,40,1,2,3,64.3,Medium Risk
S10032,26,99,1,0,2,1,1,20,1,3,1,73,40,1,2,3,67.6,Medium Risk
S10033,26,99,1,0,2,1,1,25,0,15,1,50,95,1,2,0,82.7,Low Risk
S10034,26,99,1,1,1,1,1,20,1,3,1,73,40,1,2,3,67.6,Medium Risk
S10035,26,99,1,1,1,1,1,25,0,15,1,50,95,1,2,0,82.7,Low Risk
S10036,26,99,2,1,1,1,1,20,1,3,1,73,40,1,2,3,67.6,Medium Risk
S10037,26,99,2,1,1,1,1,25,0,15,1,50,95,1,2,0,82.7,Low Risk
S10038,21,92,1,0,1,1,0,28,3,2,0,72,61,1,1,2,73.6,Low Risk
S10039,21,92,1,0,1,1,0,25,1,12,1,73,72,1,1,1,78.3,Low Risk
S10040,21,92,1,0,1,1,0,28,2,11,0,89,68,1,2,2,81.5,Low Risk
S10041,21,92,1,0,1,1,0,20,3,12,0,79,48,1,1,3,70.5,Medium Risk
S10042,21,92,2,1,1,1,0,28,3,2,0,72,61,1,1,2,73.6,Low Risk
S10043,21,92,2,1,1,1,0,25,1,12,1,73,72,1,1,1,78.3,Low Risk
S10044,21,92,2,1,1,1,0,28,2,11,0,89,68,1,2,2,81.5,Low Risk
S10045,21,92,2,1,1,1,0,20,3,12,0,79,48,1,1,3,70.5,Medium Risk
S10046,21,92,0,0,1,1,0,28,3,2,0,72,61,1,1,2,73.6,Low Risk
S10047,21,92,0,0,1,1,0,25,1,12,1,73,72,1,1,1,78.3,Low Risk
S10048,21,92,0,0,1,1,0,28,2,11,0,89,68,1,2,2,81.5,Low Risk
S10049,21,92,0,0,1,1,0,20,3,12,0,79,48,1,1,3,70.5,Medium Risk
S10050,20,68,1,1,1,1,1,29,1,0,1,75,54,1,2,3,64.5,Medium Risk
S10051,20,68,2,1,2,1,1,29,1,0,1,75,54,1,2,3,64.5,Medium Risk
S10052,20,68,0,0,0,1,1,29,1,0,1,75,54,1,2,3,64.5,Medium Risk
S10053,20,68,0,0,1,1,1,29,1,0,1,75,54,1,2,3,64.5,Medium Risk
S10054,9,73,0,1,1,0,1,21,1,15,1,85,89,1,1,0,83.0,Medium Risk
S10055,9,73,0,1,1,0,1,18,1,5,1,90,64,1,2,2,74.5,Medium Risk
S10056,9,73,0,1,1,0,1,25,3,5,0,65,56,0,0,2,63.800000000000004,Medium Risk
S10057,9,73,1,1,0,1,1,21,1,15,1,85,89,1,1,0,83.0,Medium Risk
S10058,9,73,1,1,0,1,1,18,1,5,1,90,64,1,2,2,74.5,Medium Risk
S10059,9,73,1,1,0,1,1,25,3,5,0,65,56,0,0,2,63.800000000000004,Medium Risk
S10060,28,91,1,1,1,0,0,28,3,11,0,50,52,1,0,3,63.099999999999994,Low Risk
S10061,28,91,1,1,1,0,0,19,0,7,0,73,94,1,1,0,86.8,Low Risk
S10062,15,73,1,0,2,1,0,27,2,8,0,72,76,0,2,1,73.9,Medium Risk
S10063,15,73,1,0,2,1,0,20,2,17,1,80,61,1,2,2,70.30000000000001,Medium Risk
S10064,15,73,2,0,1,1,0,27,2,8,0,72,76,0,2,1,73.9,Medium Risk
S10065,15,73,2,0,1,1,0,20,2,17,1,80,61,1,2,2,70.30000000000001,Medium Risk
S10066,15,73,1,0,1,1,0,27,2,8,0,72,76,0,2,1,73.9,Medium Risk
S10067,15,73,1,0,1,1,0,20,2,17,1,80,61,1,2,2,70.30000000000001,Medium Risk
S10068,15,73,1,1,2,1,0,27,2,8,0,72,76,0,2,1,73.9,Medium Risk
S10069,15,73,1,1,2,1,0,20,2,17,1,80,61,1,2,2,70.30000000000001,Medium Risk
S10070,13,79,0,1,2,1,1,21,3,5,1,69,61,1,1,2,68.8,Low Risk
S10071,13,79,2,0,1,1,1,21,3,5,1,69,61,1,1,2,68.8,Low Risk
S10072,13,79,2,0,1,1,1,21,3,5,1,69,61,1,1,2,68.8,Low Risk
S10073,13,79,1,0,1,0,1,21,3,5,1,69,61,1,1,2,68.8,Low Risk
S10074,26,73,1,1,0,1,0,28,1,19,1,80,77,1,2,1,76.69999999999999,Medium Risk
S10075,26,73,1,1,0,1,0,24,0,15,1,99,50,0,1,3,71.6,Medium Risk
S10076,26,73,1,0,2,1,0,28,1,19,1,80,77,1,2,1,76.69999999999999,Medium Risk
S10077,26,73,1,0,2,1,0,24,0,15,1,99,50,0,1,3,71.6,Medium Risk
S10078,28,66,2,0,1,1,0,21,2,7,0,83,81,1,0,1,77.1,Medium Risk
S10079,28,66,2,0,1,1,0,21,3,7,0,100,68,1,0,2,77.0,Medium Risk
S10080,28,66,0,1,1,1,0,21,2,7,0,83,81,1,0,1,77.1,Medium Risk
S10081,28,66,0,1,1,1,0,21,3,7,0,100,68,1,0,2,77.0,Medium Risk
S10082,25,62,1,0,1,1,1,22,2,5,0,75,56,1,0,2,63.5,Medium Risk
S10083,25,62,1,0,1,1,1,24,0,5,1,51,77,1,2,1,64.7,Medium Risk
S10084,25,62,1,0,1,1,1,18,3,11,1,89,63,1,0,2,70.5,Medium Risk
S10085,25,62,1,1,0,1,1,22,2,5,0,75,56,1,0,2,63.5,Medium Risk
S10086,25,62,1,1,0,1,1,24,0,5,1,51,77,1,2,1,64.7,Medium Risk
S10087,25,62,1,1,0,1,1,18,3,11,1,89,63,1,0,2,70.5,Medium Risk
S10088,13,95,1,1,1,1,0,24,3,14,0,62,78,0,2,1,78.3,Low Risk
S10089,13,95,1,1,1,1,0,27,2,7,1,59,83,1,2,1,79.4,Low Risk
S10090,13,95,1,1,1,1,0,28,3,9,0,78,97,0,0,0,90.7,Low Risk
S10091,13,95,2,1,1,1,0,24,3,14,0,62,78,0,2,1,78.3,Low Risk
S10092,13,95,2,1,1,1,0,27,2,7,1,59,83,1,2,1,79.4,Low Risk
S10093,13,95,2,1,1,1,0,28,3,9,0,78,97,0,0,0,90.7,Low Risk
S10094,13,95,2,1,0,1,0,24,3,14,0,62,78,0,2,1,78.3,Low Risk
S10095,13,95,2,1,0,1,0,27,2,7,1,59,83,1,2,1,79.4,Low Risk
S10096,13,95,2,1,0,1,0,28,3,9,0,78,97,0,0,0,90.7,Low Risk
S10097,19,87,2,0,0,1,1,20,0,3,1,80,91,1,0,0,86.5,Low Risk
S10098,19,87,2,0,0,1,1,18,1,2,1,67,98,0,1,0,85.39999999999999,Low Risk
S10099,19,87,2,0,2,1,1,20,0,3,1,80,91,1,0,0,86.5,Low Risk
S10100,19,87,2,0,2,1,1,18,1,2,1,67,98,0,1,0,85.39999999999999,Low Risk
S10101,19,87,2,1,1,1,1,20,0,3,1,80,91,1,0,0,86.5,Low Risk
S10102,19,87,2,1,1,1,1,18,1,2,1,67,98,0,1,0,85.39999999999999,Low Risk
S10103,19,87,1,0,2,1,1,20,0,3,1,80,91,1,0,0,86.5,Low Risk
S10104,19,87,1,0,2,1,1,18,1,2,1,67,98,0,1,0,85.39999999999999,Low Risk
S10105,18,87,0,1,2,1,0,19,3,8,1,91,69,0,1,2,81.0,Low Risk
S10106,18,87,1,1,0,1,0,19,3,8,1,91,69,0,1,2,81.0,Low Risk
S10107,25,98,1,1,1,1,0,18,3,12,0,89,98,0,0,0,95.30000000000001,Low Risk
S10108,25,98,2,1,1,1,0,18,3,12,0,89,98,0,0,0,95.30000000000001,Low Risk
S10109,25,98,0,1,1,1,0,18,3,12,0,89,98,0,0,0,95.30000000000001,Low Risk
S10110,28,93,2,1,1,1,0,24,0,0,1,60,50,1,2,3,65.9,Low Risk
S10111,28,93,2,1,1,1,0,26,1,0,0,58,62,1,1,2,70.1,Low Risk
S10112,17,79,1,1,0,1,0,26,1,3,1,74,45,1,2,3,63.900000000000006,Medium Risk
S10113,17,79,1,1,0,1,0,20,0,6,0,93,81,0,0,1,84.0,Low Risk
S10114,17,79,1,1,0,1,0,29,3,17,0,71,43,1,2,3,62.2,Medium Risk
S10115,17,79,1,1,0,1,0,25,0,0,1,83,41,0,1,3,65.0,Medium Risk
S10116,17,79,1,0,0,1,0,26,1,3,1,74,45,1,2,3,63.900000000000006,Medium Risk
S10117,17,79,1,0,0,1,0,20,0,6,0,93,81,0,0,1,84.0,Low Risk
S10118,17,79,1,0,0,1,0,29,3,17,0,71,43,1,2,3,62.2,Medium Risk
S10119,17,79,1,0,0,1,0,25,0,0,1,83,41,0,1,3,65.0,Medium Risk
S10120,17,79,2,0,1,1,0,26,1,3,1,74,45,1,2,3,63.900000000000006,Medium Risk
S10121,17,79,2,0,1,1,0,20,0,6,0,93,81,0,0,1,84.0,Low Risk
S10122,17,79,2,0,1,1,0,29,3,17,0,71,43,1,2,3,62.2,Medium Risk
S10123,17,79,2,0,1,1,0,25,0,0,1,83,41,0,1,3,65.0,Medium Risk
S10124,17,79,2,0,0,1,0,26,1,3,1,74,45,1,2,3,63.900000000000006,Medium Risk
S10125,17,79,2,0,0,1,0,20,0,6,0,93,81,0,0,1,84.0,Low Risk
S10126,17,79,2,0,0,1,0,29,3,17,0,71,43,1,2,3,62.2,Medium Risk
S10127,17,79,2,0,0,1,0,25,0,0,1,83,41,0,1,3,65.0,Medium Risk
S10128,17,79,0,1,0,1,0,26,1,3,1,74,45,1,2,3,63.900000000000006,Medium Risk
S10129,17,79,0,1,0,1,0,20,0,6,0,93,81,0,0,1,84.0,Low Risk
S10130,17,79,0,1,0,1,0,29,3,17,0,71,43,1,2,3,62.2,Medium Risk
S10131,17,79,0,1,0,1,0,25,0,0,1,83,41,0,1,3,65.0,Medium Risk
S10132,17,79,2,1,1,1,0,26,1,3,1,74,45,1,2,3,63.900000000000006,Medium Risk
S10133,17,79,2,1,1,1,0,20,0,6,0,93,81,0,0,1,84.0,Low Risk
S10134,17,79,2,1,1,1,0,29,3,17,0,71,43,1,2,3,62.2,Medium Risk
S10135,17,79,2,1,1,1,0,25,0,0,1,83,41,0,1,3,65.0,Medium Risk
S10136,10,72,0,0,1,1,0,21,1,6,1,56,79,1,2,1,70.0,Medium Risk
S10137,10,72,0,0,1,1,0,29,0,0,1,97,58,1,2,2,73.89999999999999,Medium Risk
S10138,10,72,0,0,1,1,0,18,3,2,1,85,87,1,0,0,81.9,Medium Risk
S10139,10,72,0,0,1,1,0,21,0,9,1,80,41,0,2,3,62.0,Medium Risk
S10140,10,72,0,0,1,1,0,21,1,11,0,96,85,1,0,0,84.39999999999999,Medium Risk
S10141,30,77,0,1,1,1,1,23,1,18,0,68,80,1,2,1,75.5,Low Risk
S10142,30,77,0,1,1,1,1,21,3,9,1,90,68,1,0,2,77.3,Low Risk
S10143,30,77,0,1,1,1,1,23,3,8,0,79,89,1,2,0,82.39999999999999,Low Risk
S10144,30,77,0,1,1,1,1,23,1,18,0,68,80,1,2,1,75.5,Low Risk
S10145,30,77,0,1,1,1,1,21,3,9,1,90,68,1,0,2,77.3,Low Risk
S10146,30,77,0,1,1,1,1,23,3,8,0,79,89,1,2,0,82.39999999999999,Low Risk
S10147,30,77,0,1,1,1,1,23,1,18,0,68,80,1,2,1,75.5,Low Risk
S10148,30,77,0,1,1,1,1,21,3,9,1,90,68,1,0,2,77.3,Low Risk
S10149,30,77,0,1,1,1,1,23,3,8,0,79,89,1,2,0,82.39999999999999,Low Risk
S10150,16,64,1,1,2,1,1,23,3,2,1,69,67,1,2,2,66.7,Medium Risk
S10151,16,64,1,1,2,1,1,25,0,9,1,72,91,0,1,0,77.2,Medium Risk
S10152,16,64,1,1,2,1,1,29,1,17,0,98,84,1,2,1,82.2,Medium Risk
S10153,16,64,1,1,2,1,1,29,2,18,1,56,62,1,1,2,60.8,Medium Risk
S10154,16,64,1,1,2,1,1,24,0,8,1,51,82,1,0,1,67.3,Medium Risk
S10155,16,64,1,1,2,1,1,29,0,13,0,61,56,1,2,2,59.900000000000006,Medium Risk
S10156,16,64,0,0,1,1,1,23,3,2,1,69,67,1,2,2,66.7,Medium Risk
S10157,16,64,0,0,1,1,1,25,0,9,1,72,91,0,1,0,77.2,Medium Risk
S10158,16,64,0,0,1,1,1,29,1,17,0,98,84,1,2,1,82.2,Medium Risk
S10159,16,64,0,0,1,1,1,29,2,18,1,56,62,1,1,2,60.8,Medium Risk
S10160,16,64,0,0,1,1,1,24,0,8,1,51,82,1,0,1,67.3,Medium Risk
S10161,16,64,0,0,1,1,1,29,0,13,0,61,56,1,2,2,59.900000000000006,Medium Risk
S10162,16,64,1,0,1,1,1,23,3,2,1,69,67,1,2,2,66.7,Medium Risk
S10163,16,64,1,0,1,1,1,25,0,9,1,72,91,0,1,0,77.2,Medium Risk
S10164,16,64,1,0,1,1,1,29,1,17,0,98,84,1,2,1,82.2,Medium Risk
S10165,16,64,1,0,1,1,1,29,2,18,1,56,62,1,1,2,60.8,Medium Risk
S10166,16,64,1,0,1,1,1,24,0,8,1,51,82,1,0,1,67.3,Medium Risk
S10167,16,64,1,0,1,1,1,29,0,13,0,61,56,1,2,2,59.900000000000006,Medium Risk
S10168,16,64,2,1,1,1,1,23,3,2,1,69,67,1,2,2,66.7,Medium Risk
S10169,16,64,2,1,1,1,1,25,0,9,1,72,91,0,1,0,77.2,Medium Risk
S10170,16,64,2,1,1,1,1,29,1,17,0,98,84,1,2,1,82.2,Medium Risk
S10171,16,64,2,1,1,1,1,29,2,18,1,56,62,1,1,2,60.8,Medium Risk
S10172,16,64,2,1,1,1,1,24,0,8,1,51,82,1,0,1,67.3,Medium Risk
S10173,16,64,2,1,1,1,1,29,0,13,0,61,56,1,2,2,59.900000000000006,Medium Risk
S10174,20,97,2,1,0,1,0,28,1,3,1,67,44,1,2,3,66.8,Medium Risk
S10175,20,97,2,1,0,1,0,19,0,9,0,54,73,1,1,1,74.5,Low Risk
S10176,20,97,2,1,1,1,0,28,1,3,1,67,44,1,2,3,66.8,Medium Risk
S10177,20,97,2,1,1,1,0,19,0,9,0,54,73,1,1,1,74.5,Low Risk
S10178,20,97,0,1,0,1,0,28,1,3,1,67,44,1,2,3,66.8,Medium Risk
S10179,20,97,0,1,0,1,0,19,0,9,0,54,73,1,1,1,74.5,Low Risk
S10180,20,97,2,0,0,1,0,28,1,3,1,67,44,1,2,3,66.8,Medium Risk
S10181,20,97,2,0,0,1,0,19,0,9,0,54,73,1,1,1,74.5,Low Risk
S10182,20,97,1,1,0,1,0,28,1,3,1,67,44,1,2,3,66.8,Medium Risk
S10183,20,97,1,1,0,1,0,19,0,9,0,54,73,1,1,1,74.5,Low Risk
S10184,20,97,1,1,2,1,0,28,1,3,1,67,44,1,2,3,66.8,Medium Risk
S10185,20,97,1,1,2,1,0,19,0,9,0,54,73,1,1,1,74.5,Low Risk
S10186,15,85,1,1,2,1,0,22,0,13,1,50,44,1,2,3,58.1,Medium Risk
S10187,15,85,1,1,2,1,0,21,0,7,1,91,50,1,2,3,72.8,Low Risk
S10188,15,85,1,1,2,1,0,24,3,9,1,95,87,0,2,0,88.80000000000001,Low Risk
S10189,23,76,1,0,0,0,1,22,2,14,0,91,90,0,1,0,86.1,Low Risk
S10190,23,76,1,1,1,1,1,22,2,14,0,91,90,0,1,0,86.1,Low Risk
S10191,23,76,1,1,1,1,1,22,2,14,0,91,90,0,1,0,86.1,Low Risk
S10192,23,76,2,1,0,1,1,22,2,14,0,91,90,0,1,0,86.1,Low Risk
S10193,23,76,2,1,1,1,1,22,2,14,0,91,90,0,1,0,86.1,Low Risk
S10194,23,76,2,0,1,1,1,22,2,14,0,91,90,0,1,0,86.1,Low Risk
S10195,23,76,1,0,2,1,1,22,2,14,0,91,90,0,1,0,86.1,Low Risk
S10196,23,76,2,1,0,1,1,22,2,14,0,91,90,0,1,0,86.1,Low Risk
S10197,23,76,1,0,1,1,1,22,2,14,0,91,90,0,1,0,86.1,Low Risk
S10198,19,93,2,0,1,1,0,26,3,20,0,52,89,0,0,0,79.1,Low Risk
S10199,19,93,2,0,1,1,0,21,3,18,1,57,98,1,1,0,84.19999999999999,Low Risk
S10200,19,93,2,0,1,1,0,19,1,7,1,67,46,1,2,3,66.4,Medium Risk
S10201,19,93,1,1,1,1,0,26,3,20,0,52,89,0,0,0,79.1,Low Risk
S10202,19,93,1,1,1,1,0,21,3,18,1,57,98,1,1,0,84.19999999999999,Low Risk
S10203,19,93,1,1,1,1,0,19,1,7,1,67,46,1,2,3,66.4,Medium Risk
S10204,19,93,2,1,0,1,0,26,3,20,0,52,89,0,0,0,79.1,Low Risk
S10205,19,93,2,1,0,1,0,21,3,18,1,57,98,1,1,0,84.19999999999999,Low Risk
S10206,19,93,2,1,0,1,0,19,1,7,1,67,46,1,2,3,66.4,Medium Risk
S10207,19,93,0,1,1,1,0,26,3,20,0,52,89,0,0,0,79.1,Low Risk
S10208,19,93,0,1,1,1,0,21,3,18,1,57,98,1,1,0,84.19999999999999,Low Risk
S10209,19,93,0,1,1,1,0,19,1,7,1,67,46,1,2,3,66.4,Medium Risk
S10210,19,93,1,1,1,1,0,26,3,20,0,52,89,0,0,0,79.1,Low Risk
S10211,19,93,1,1,1,1,0,21,3,18,1,57,98,1,1,0,84.19999999999999,Low Risk
S10212,19,93,1,1,1,1,0,19,1,7,1,67,46,1,2,3,66.4,Medium Risk
S10213,19,93,2,0,0,1,0,26,3,20,0,52,89,0,0,0,79.1,Low Risk
S10214,19,93,2,0,0,1,0,21,3,18,1,57,98,1,1,0,84.19999999999999,Low Risk
S10215,19,93,2,0,0,1,0,19,1,7,1,67,46,1,2,3,66.4,Medium Risk
S10216,30,64,1,0,0,1,0,21,3,18,1,73,81,1,1,1,73.5,Medium Risk
S10217,30,64,1,0,0,1,0,21,3,18,1,73,81,1,1,1,73.5,Medium Risk
S10218,30,64,1,0,1,1,0,21,3,18,1,73,81,1,1,1,73.5,Medium Risk
S10219,18,60,1,1,1,1,0,25,0,14,1,83,68,0,1,2,70.1,Medium Risk
S10220,18,60,1,1,1,1,0,28,2,8,1,56,54,0,0,3,56.400000000000006,Medium Risk
S10221,18,60,1,1,1,1,0,18,0,5,0,58,46,1,0,3,53.8,Medium Risk
S10222,18,60,1,1,1,1,0,19,2,15,0,81,100,1,1,0,82.3,Medium Risk
S10223,23,99,1,0,1,1,1,23,0,17,1,63,74,0,2,1,78.2,Low Risk
S10224,23,99,1,0,1,1,1,18,3,10,1,55,93,1,0,0,83.4,Low Risk
S10225,23,99,1,1,0,1,1,23,0,17,1,63,74,0,2,1,78.2,Low Risk
S10226,23,99,1,1,0,1,1,18,3,10,1,55,93,1,0,0,83.4,Low Risk
S10227,23,99,0,1,2,1,1,23,0,17,1,63,74,0,2,1,78.2,Low Risk
S10228,23,99,0,1,2,1,1,18,3,10,1,55,93,1,0,0,83.4,Low Risk
S10229,23,99,1,1,1,1,1,23,0,17,1,63,74,0,2,1,78.2,Low Risk
S10230,23,99,1,1,1,1,1,18,3,10,1,55,93,1,0,0,83.4,Low Risk
S10231,23,99,2,0,1,0,1,23,0,17,1,63,74,0,2,1,78.2,Low Risk
S10232,23,99,2,0,1,0,1,18,3,10,1,55,93,1,0,0,83.4,Low Risk
S10233,23,99,0,0,1,1,1,23,0,17,1,63,74,0,2,1,78.2,Low Risk
S10234,23,99,0,0,1,1,1,18,3,10,1,55,93,1,0,0,83.4,Low Risk
S10235,11,95,1,0,2,1,1,21,3,19,1,74,41,1,0,3,67.1,Medium Risk
S10236,11,95,1,0,2,1,1,29,1,16,1,68,58,1,2,2,72.1,Low Risk
S10237,11,95,1,1,2,1,1,21,3,19,1,74,41,1,0,3,67.1,Medium Risk
S10238,11,95,1,1,2,1,1,29,1,16,1,68,58,1,2,2,72.1,Low Risk
S10239,11,95,1,1,0,1,1,21,3,19,1,74,41,1,0,3,67.1,Medium Risk
S10240,11,95,1,1,0,1,1,29,1,16,1,68,58,1,2,2,72.1,Low Risk
S10241,13,74,0,1,2,1,0,27,3,11,1,97,61,1,2,2,75.7,Medium Risk
S10242,13,74,2,1,0,1,0,27,3,11,1,97,61,1,2,2,75.7,Medium Risk
S10243,30,96,2,1,1,0,1,26,2,20,0,93,85,1,1,0,90.69999999999999,Low Risk
S10244,30,96,2,1,1,0,1,23,1,3,0,100,75,1,2,1,88.8,Low Risk
S10245,30,96,2,1,1,0,1,29,2,17,1,97,54,1,0,3,79.5,Low Risk
S10246,30,96,2,1,1,0,1,29,2,7,0,75,44,0,1,3,68.9,Medium Risk
S10247,30,96,2,1,1,0,1,26,2,18,1,96,84,0,2,1,91.19999999999999,Low Risk
S10248,30,96,2,1,1,0,1,19,3,16,1,67,60,0,2,2,72.89999999999999,Low Risk
S10249,30,96,0,1,2,0,1,26,2,20,0,93,85,1,1,0,90.69999999999999,Low Risk
S10250,30,96,0,1,2,0,1,23,1,3,0,100,75,1,2,1,88.8,Low Risk
S10251,30,96,0,1,2,0,1,29,2,17,1,97,54,1,0,3,79.5,Low Risk
S10252,30,96,0,1,2,0,1,29,2,7,0,75,44,0,1,3,68.9,Medium Risk
S10253,30,96,0,1,2,0,1,26,2,18,1,96,84,0,2,1,91.19999999999999,Low Risk
S10254,30,96,0,1,2,0,1,19,3,16,1,67,60,0,2,2,72.89999999999999,Low Risk
S10255,33,93,2,1,0,1,0,23,2,4,1,54,63,1,2,2,69.30000000000001,Low Risk
S10256,33,93,2,1,0,1,0,29,0,16,0,90,99,1,2,0,94.5,Low Risk
S10257,33,93,2,1,0,1,0,27,3,5,1,70,44,1,1,3,66.5,Medium Risk
S10258,33,93,2,1,0,1,0,20,2,1,0,52,67,1,2,2,70.3,Low Risk
S10259,33,93,1,1,2,1,0,23,2,4,1,54,63,1,2,2,69.30000000000001,Low Risk
S10260,33,93,1,1,2,1,0,29,0,16,0,90,99,1,2,0,94.5,Low Risk
S10261,33,93,1,1,2,1,0,27,3,5,1,70,44,1,1,3,66.5,Medium Risk
S10262,33,93,1,1,2,1,0,20,2,1,0,52,67,1,2,2,70.3,Low Risk
S10263,33,93,1,0,1,1,0,23,2,4,1,54,63,1,2,2,69.30000000000001,Low Risk
S10264,33,93,1,0,1,1,0,29,0,16,0,90,99,1,2,0,94.5,Low Risk
S10265,33,93,1,0,1,1,0,27,3,5,1,70,44,1,1,3,66.5,Medium Risk
S10266,33,93,1,0,1,1,0,20,2,1,0,52,67,1,2,2,70.3,Low Risk
S10267,17,89,1,1,2,1,0,26,2,14,0,56,97,1,2,0,82.30000000000001,Low Risk
S10268,17,89,0,1,1,0,0,26,2,14,0,56,97,1,2,0,82.30000000000001,Low Risk
S10269,17,89,1,0,1,1,0,26,2,14,0,56,97,1,2,0,82.30000000000001,Low Risk
S10270,17,89,1,1,2,1,0,26,2,14,0,56,97,1,2,0,82.30000000000001,Low Risk
S10271,17,89,1,1,1,1,0,26,2,14,0,56,97,1,2,0,82.30000000000001,Low Risk
S10272,16,69,1,1,1,1,1,18,2,16,1,62,64,1,2,2,64.9,Medium Risk
S10273,16,69,1,1,1,1,1,20,0,12,1,80,56,1,2,2,67.10000000000001,Medium Risk
S10274,16,69,2,1,1,1,1,18,2,16,1,62,64,1,2,2,64.9,Medium Risk
S10275,16,69,2,1,1,1,1,20,0,12,1,80,56,1,2,2,67.10000000000001,Medium Risk
S10276,16,69,1,1,1,1,1,18,2,16,1,62,64,1,2,2,64.9,Medium Risk
S10277,16,69,1,1,1,1,1,20,0,12,1,80,56,1,2,2,67.10000000000001,Medium Risk
S10278,16,69,1,0,0,1,1,18,2,16,1,62,64,1,2,2,64.9,Medium Risk
S10279,16,69,1,0,0,1,1,20,0,12,1,80,56,1,2,2,67.10000000000001,Medium Risk
S10280,8,99,2,1,2,1,1,23,1,2,0,71,66,1,0,2,77.4,Low Risk
S10281,8,99,2,1,2,1,1,18,2,13,0,53,54,1,2,3,67.2,Low Risk
S10282,8,99,2,1,2,1,1,22,0,6,0,59,52,1,2,3,68.2,Low Risk
S10283,8,99,2,1,2,1,1,27,3,13,0,82,44,1,2,3,71.9,Medium Risk
S10284,21,62,2,0,1,1,0,28,2,13,0,97,94,1,1,0,85.3,Medium Risk
S10285,21,62,1,0,0,1,0,28,2,13,0,97,94,1,1,0,85.3,Medium Risk
S10286,21,62,0,1,1,1,0,28,2,13,0,97,94,1,1,0,85.3,Medium Risk
S10287,21,62,0,1,0,1,0,28,2,13,0,97,94,1,1,0,85.3,Medium Risk
S10288,21,62,0,0,1,1,0,28,2,13,0,97,94,1,1,0,85.3,Medium Risk
S10289,21,62,1,1,1,1,0,28,2,13,0,97,94,1,1,0,85.3,Medium Risk
S10290,21,62,2,1,0,0,0,28,2,13,0,97,94,1,1,0,85.3,Medium Risk
S10291,21,62,1,0,1,1,0,28,2,13,0,97,94,1,1,0,85.3,Medium Risk
S10292,27,88,0,0,2,1,0,29,3,18,1,90,46,1,2,3,71.80000000000001,Medium Risk
S10293,27,88,0,0,2,1,0,21,0,20,1,86,88,1,2,0,87.4,Low Risk
S10294,27,88,1,1,1,1,0,29,3,18,1,90,46,1,2,3,71.80000000000001,Medium Risk
S10295,27,88,1,1,1,1,0,21,0,20,1,86,88,1,2,0,87.4,Low Risk
S10296,27,88,2,1,1,1,0,29,3,18,1,90,46,1,2,3,71.80000000000001,Medium Risk
S10297,27,88,2,1,1,1,0,21,0,20,1,86,88,1,2,0,87.4,Low Risk
S10298,27,88,2,0,1,1,0,29,3,18,1,90,46,1,2,3,71.80000000000001,Medium Risk
S10299,27,88,2,0,1,1,0,21,0,20,1,86,88,1,2,0,87.4,Low Risk
S10300,13,82,1,0,2,1,1,22,3,8,1,79,87,1,2,0,83.1,Low Risk
S10301,13,82,2,0,0,1,1,22,3,8,1,79,87,1,2,0,83.1,Low Risk
S10302,13,82,2,0,0,1,1,22,3,8,1,79,87,1,2,0,83.1,Low Risk
S10303,23,70,2,1,2,1,1,18,2,0,0,89,81,1,2,1,80.1,Medium Risk
S10304,23,70,2,1,2,1,1,22,3,6,1,55,52,1,0,3,58.3,Medium Risk
S10305,23,70,2,1,2,1,1,26,3,3,1,54,40,0,2,3,53.2,Medium Risk
S10306,23,70,1,1,1,1,1,18,2,0,0,89,81,1,2,1,80.1,Medium Risk
S10307,23,70,1,1,1,1,1,22,3,6,1,55,52,1,0,3,58.3,Medium Risk
S10308,23,70,1,1,1,1,1,26,3,3,1,54,40,0,2,3,53.2,Medium Risk
S10309,19,61,1,0,1,1,0,28,1,10,0,74,43,1,2,3,57.7,Medium Risk
S10310,19,61,1,0,1,1,0,21,2,17,1,71,42,1,1,3,56.400000000000006,Medium Risk
S10311,19,61,0,0,1,1,0,28,1,10,0,74,43,1,2,3,57.7,Medium Risk
S10312,19,61,0,0,1,1,0,21,2,17,1,71,42,1,1,3,56.400000000000006,Medium Risk
S10313,19,61,2,1,2,1,0,28,1,10,0,74,43,1,2,3,57.7,Medium Risk
S10314,19,61,2,1,2,1,0,21,2,17,1,71,42,1,1,3,56.400000000000006,Medium Risk
S10315,19,61,0,1,0,0,0,28,1,10,0,74,43,1,2,3,57.7,Medium Risk
S10316,19,61,0,1,0,0,0,21,2,17,1,71,42,1,1,3,56.400000000000006,Medium Risk
S10317,19,61,1,1,0,0,0,28,1,10,0,74,43,1,2,3,57.7,Medium Risk
S10318,19,61,1,1,0,0,0,21,2,17,1,71,42,1,1,3,56.400000000000006,Medium Risk
S10319,19,61,1,0,0,1,0,28,1,10,0,74,43,1,2,3,57.7,Medium Risk
S10320,19,61,1,0,0,1,0,21,2,17,1,71,42,1,1,3,56.400000000000006,Medium Risk
S10321,36,68,1,1,2,1,1,26,1,6,1,67,88,1,0,0,75.69999999999999,Medium Risk
S10322,36,68,1,1,2,1,1,21,1,0,0,77,61,0,0,2,67.9,Medium Risk
S10323,36,68,1,1,2,1,1,21,2,6,1,67,61,1,2,2,64.9,Medium Risk
S10324,36,68,1,1,2,1,1,21,1,5,1,100,63,1,1,2,75.6,Medium Risk
S10325,11,70,2,0,2,1,1,19,2,4,0,58,92,1,2,0,75.2,Medium Risk
S10326,11,70,2,0,2,1,1,18,3,14,1,84,64,1,2,2,71.8,Medium Risk
S10327,11,70,2,0,2,1,1,18,0,6,0,52,93,0,1,0,73.80000000000001,Medium Risk
S10328,22,88,1,1,0,1,1,20,3,17,1,50,45,1,2,3,59.4,Medium Risk
S10329,22,88,1,1,0,1,1,18,3,5,0,100,92,1,2,0,93.20000000000002,Low Risk
S10330,22,88,1,1,0,1,1,27,0,8,1,75,46,0,0,3,67.30000000000001,Medium Risk
S10331,22,88,1,1,0,1,1,21,2,1,0,70,50,1,1,3,67.4,Low Risk
S10332,22,88,1,0,1,0,1,20,3,17,1,50,45,1,2,3,59.4,Medium Risk
S10333,22,88,1,0,1,0,1,18,3,5,0,100,92,1,2,0,93.20000000000002,Low Risk
S10334,22,88,1,0,1,0,1,27,0,8,1,75,46,0,0,3,67.30000000000001,Medium Risk
S10335,22,88,1,0,1,0,1,21,2,1,0,70,50,1,1,3,67.4,Low Risk
S10336,22,88,1,1,1,1,1,20,3,17,1,50,45,1,2,3,59.4,Medium Risk
S10337,22,88,1,1,1,1,1,18,3,5,0,100,92,1,2,0,93.20000000000002,Low Risk
S10338,22,88,1,1,1,1,1,27,0,8,1,75,46,0,0,3,67.30000000000001,Medium Risk
S10339,22,88,1,1,1,1,1,21,2,1,0,70,50,1,1,3,67.4,Low Risk
S10340,22,88,2,1,1,1,1,20,3,17,1,50,45,1,2,3,59.4,Medium Risk
S10341,22,88,2,1,1,1,1,18,3,5,0,100,92,1,2,0,93.20000000000002,Low Risk
S10342,22,88,2,1,1,1,1,27,0,8,1,75,46,0,0,3,67.30000000000001,Medium Risk
S10343,22,88,2,1,1,1,1,21,2,1,0,70,50,1,1,3,67.4,Low Risk
S10344,22,88,1,1,0,1,1,20,3,17,1,50,45,1,2,3,59.4,Medium Risk
S10345,22,88,1,1,0,1,1,18,3,5,0,100,92,1,2,0,93.20000000000002,Low Risk
S10346,22,88,1,1,0,1,1,27,0,8,1,75,46,0,0,3,67.30000000000001,Medium Risk
S10347,22,88,1,1,0,1,1,21,2,1,0,70,50,1,1,3,67.4,Low Risk
S10348,22,88,1,1,0,1,1,20,3,17,1,50,45,1,2,3,59.4,Medium Risk
S10349,22,88,1,1,0,1,1,18,3,5,0,100,92,1,2,0,93.20000000000002,Low Risk
S10350,22,88,1,1,0,1,1,27,0,8,1,75,46,0,0,3,67.30000000000001,Medium Risk
S10351,22,88,1,1,0,1,1,21,2,1,0,70,50,1,1,3,67.4,Low Risk
S10352,22,88,1,0,0,1,1,20,3,17,1,50,45,1,2,3,59.4,Medium Risk
S10353,22,88,1,0,0,1,1,18,3,5,0,100,92,1,2,0,93.20000000000002,Low Risk
S10354,22,88,1,0,0,1,1,27,0,8,1,75,46,0,0,3,67.30000000000001,Medium Risk
S10355,22,88,1,0,0,1,1,21,2,1,0,70,50,1,1,3,67.4,Low Risk
S10356,22,88,0,1,0,1,1,20,3,17,1,50,45,1,2,3,59.4,Medium Risk
S10357,22,88,0,1,0,1,1,18,3,5,0,100,92,1,2,0,93.20000000000002,Low Risk
S10358,22,88,0,1,0,1,1,27,0,8,1,75,46,0,0,3,67.30000000000001,Medium Risk
S10359,22,88,0,1,0,1,1,21,2,1,0,70,50,1,1,3,67.4,Low Risk
S10360,18,83,0,0,1,1,0,22,3,18,0,92,99,0,2,0,92.1,Low Risk
S10361,18,83,0,0,1,1,0,28,1,14,1,55,43,1,2,3,58.6,Medium Risk
S10362,18,83,0,0,1,1,0,19,3,4,1,73,48,0,2,3,66.0,Medium Risk
S10363,18,83,2,1,0,0,0,22,3,18,0,92,99,0,2,0,92.1,Low Risk
S10364,18,83,2,1,0,0,0,28,1,14,1,55,43,1,2,3,58.6,Medium Risk
S10365,18,83,2,1,0,0,0,19,3,4,1,73,48,0,2,3,66.0,Medium Risk
S10366,18,83,1,0,1,1,0,22,3,18,0,92,99,0,2,0,92.1,Low Risk
S10367,18,83,1,0,1,1,0,28,1,14,1,55,43,1,2,3,58.6,Medium Risk
S10368,18,83,1,0,1,1,0,19,3,4,1,73,48,0,2,3,66.0,Medium Risk
S10369,18,83,2,0,0,1,0,22,3,18,0,92,99,0,2,0,92.1,Low Risk
S10370,18,83,2,0,0,1,0,28,1,14,1,55,43,1,2,3,58.6,Medium Risk
S10371,18,83,2,0,0,1,0,19,3,4,1,73,48,0,2,3,66.0,Medium Risk
S10372,20,77,0,0,1,1,1,27,0,10,0,91,59,1,2,2,74.0,Low Risk
S10373,20,77,0,0,1,1,1,24,2,4,0,75,55,1,1,2,67.6,Low Risk
S10374,20,77,0,0,1,1,1,24,1,9,0,84,100,1,2,0,88.3,Low Risk
S10375,20,77,1,0,1,1,1,27,0,10,0,91,59,1,2,2,74.0,Low Risk
S10376,20,77,1,0,1,1,1,24,2,4,0,75,55,1,1,2,67.6,Low Risk
S10377,20,77,1,0,1,1,1,24,1,9,0,84,100,1,2,0,88.3,Low Risk
S10378,20,77,2,1,2,1,1,27,0,10,0,91,59,1,2,2,74.0,Low Risk
S10379,20,77,2,1,2,1,1,24,2,4,0,75,55,1,1,2,67.6,Low Risk
S10380,20,77,2,1,2,1,1,24,1,9,0,84,100,1,2,0,88.3,Low Risk
S10381,20,77,0,1,2,1,1,27,0,10,0,91,59,1,2,2,74.0,Low Risk
S10382,20,77,0,1,2,1,1,24,2,4,0,75,55,1,1,2,67.6,Low Risk
S10383,20,77,0,1,2,1,1,24,1,9,0,84,100,1,2,0,88.3,Low Risk
S10384,20,77,2,0,1,1,1,27,0,10,0,91,59,1,2,2,74.0,Low Risk
S10385,20,77,2,0,1,1,1,24,2,4,0,75,55,1,1,2,67.6,Low Risk
S10386,20,77,2,0,1,1,1,24,1,9,0,84,100,1,2,0,88.3,Low Risk
S10387,20,94,1,1,1,1,0,20,2,8,0,54,44,1,0,3,62.0,Medium Risk
S10388,20,94,1,1,0,1,0,20,2,8,0,54,44,1,0,3,62.0,Medium Risk
S10389,20,94,2,1,0,1,0,20,2,8,0,54,44,1,0,3,62.0,Medium Risk
S10390,20,94,1,1,2,1,0,20,2,8,0,54,44,1,0,3,62.0,Medium Risk
S10391,20,94,1,0,1,1,0,20,2,8,0,54,44,1,0,3,62.0,Medium Risk
S10392,20,94,1,0,0,1,0,20,2,8,0,54,44,1,0,3,62.0,Medium Risk
S10393,20,94,1,0,2,1,0,20,2,8,0,54,44,1,0,3,62.0,Medium Risk
S10394,20,94,2,1,2,1,0,20,2,8,0,54,44,1,0,3,62.0,Medium Risk
S10395,20,94,2,1,0,1,0,20,2,8,0,54,44,1,0,3,62.0,Medium Risk
S10396,20,94,1,1,0,1,0,20,2,8,0,54,44,1,0,3,62.0,Medium Risk
S10397,9,65,2,1,1,1,0,27,2,17,0,55,56,1,2,2,58.400000000000006,Medium Risk
S10398,9,65,2,1,1,1,0,24,2,5,1,60,81,1,1,1,69.9,Medium Risk
S10399,9,65,2,1,1,1,0,19,0,9,1,56,61,0,2,2,60.7,Medium Risk
S10400,9,65,2,1,1,1,0,19,3,12,0,91,57,1,2,2,69.6,Medium Risk
S10401,9,65,2,1,1,1,0,23,0,16,0,63,43,1,2,3,55.599999999999994,Medium Risk
S10402,9,65,2,1,1,1,0,27,3,0,1,61,64,0,0,2,63.400000000000006,Medium Risk
S10403,9,65,2,1,1,1,0,23,2,2,1,54,99,0,1,0,75.3,Medium Risk
S10404,28,77,1,1,0,1,0,29,2,0,1,97,49,0,1,3,71.8,Medium Risk
S10405,28,77,2,1,0,1,0,29,2,0,1,97,49,0,1,3,71.8,Medium Risk
S10406,28,77,1,0,2,1,0,29,2,0,1,97,49,0,1,3,71.8,Medium Risk
S10407,39,97,2,1,1,1,0,26,3,15,0,56,65,1,2,2,71.89999999999999,Low Risk
S10408,39,97,2,1,1,1,0,28,3,2,1,93,42,1,2,3,73.8,Medium Risk
S10409,39,97,2,1,1,1,0,27,3,1,1,50,42,1,0,3,60.9,Medium Risk
S10410,39,97,2,1,1,1,0,29,0,7,1,78,79,1,2,1,84.1,Low Risk
S10411,39,97,2,1,1,1,0,22,2,15,1,55,65,1,2,2,71.6,Low Risk
S10412,26,81,2,1,1,1,1,29,3,4,0,58,41,1,2,3,58.099999999999994,Medium Risk
S10413,26,81,2,1,1,1,1,21,0,7,0,68,50,1,2,3,64.7,Low Risk
S10414,26,81,2,1,1,1,1,29,3,13,1,82,56,1,1,2,71.3,Low Risk
S10415,26,81,1,0,0,1,1,29,3,4,0,58,41,1,2,3,58.099999999999994,Medium Risk
S10416,26,81,1,0,0,1,1,21,0,7,0,68,50,1,2,3,64.7,Low Risk
S10417,26,81,1,0,0,1,1,29,3,13,1,82,56,1,1,2,71.3,Low Risk
S10418,22,88,1,1,1,1,0,19,2,6,0,81,43,1,2,3,67.9,Medium Risk
S10419,22,88,1,1,1,1,0,25,2,8,0,64,45,1,0,3,63.6,Medium Risk
S10420,22,88,1,1,1,1,0,24,1,17,1,84,93,0,2,0,88.80000000000001,Low Risk
S10421,22,88,0,1,1,1,0,19,2,6,0,81,43,1,2,3,67.9,Medium Risk
S10422,22,88,0,1,1,1,0,25,2,8,0,64,45,1,0,3,63.6,Medium Risk
S10423,22,88,0,1,1,1,0,24,1,17,1,84,93,0,2,0,88.80000000000001,Low Risk
S10424,24,93,1,1,1,0,0,19,0,19,1,59,63,1,2,2,70.80000000000001,Low Risk
S10425,24,93,1,1,1,0,0,23,3,4,0,67,73,1,2,1,77.19999999999999,Low Risk
S10426,24,93,2,0,1,1,0,19,0,19,1,59,63,1,2,2,70.80000000000001,Low Risk
S10427,24,93,2,0,1,1,0,23,3,4,0,67,73,1,2,1,77.19999999999999,Low Risk
S10428,24,93,1,1,2,1,0,19,0,19,1,59,63,1,2,2,70.80000000000001,Low Risk
S10429,24,93,1,1,2,1,0,23,3,4,0,67,73,1,2,1,77.19999999999999,Low Risk
S10430,24,93,1,1,0,1,0,19,0,19,1,59,63,1,2,2,70.80000000000001,Low Risk
S10431,24,93,1,1,0,1,0,23,3,4,0,67,73,1,2,1,77.19999999999999,Low Risk
S10432,24,93,0,1,1,1,0,19,0,19,1,59,63,1,2,2,70.80000000000001,Low Risk
S10433,24,93,0,1,1,1,0,23,3,4,0,67,73,1,2,1,77.19999999999999,Low Risk
S10434,24,93,2,0,0,1,0,19,0,19,1,59,63,1,2,2,70.80000000000001,Low Risk
S10435,24,93,2,0,0,1,0,23,3,4,0,67,73,1,2,1,77.19999999999999,Low Risk
S10436,24,93,2,1,1,1,0,19,0,19,1,59,63,1,2,2,70.80000000000001,Low Risk
S10437,24,93,2,1,1,1,0,23,3,4,0,67,73,1,2,1,77.19999999999999,Low Risk
S10438,24,93,2,1,0,1,0,19,0,19,1,59,63,1,2,2,70.80000000000001,Low Risk
S10439,24,93,2,1,0,1,0,23,3,4,0,67,73,1,2,1,77.19999999999999,Low Risk
S10440,27,85,2,0,0,1,1,20,2,9,1,93,45,1,0,3,71.4,Medium Risk
S10441,27,85,2,0,0,1,1,21,1,10,1,99,44,1,2,3,72.8,Medium Risk
S10442,27,85,1,1,1,1,1,20,2,9,1,93,45,1,0,3,71.4,Medium Risk
S10443,27,85,1,1,1,1,1,21,1,10,1,99,44,1,2,3,72.8,Medium Risk
S10444,20,60,1,1,0,1,0,28,2,2,1,97,55,1,2,2,69.1,Medium Risk
S10445,20,60,1,1,0,1,0,24,0,17,1,81,57,0,2,2,65.1,Medium Risk
S10446,20,60,1,1,0,1,0,29,3,0,0,78,47,1,2,3,60.2,Medium Risk
S10447,20,60,1,1,0,1,0,28,1,15,1,82,62,1,2,2,67.4,Medium Risk
S10448,20,60,1,1,0,1,0,21,3,0,1,85,53,1,1,3,64.7,Medium Risk
S10449,20,60,1,1,0,1,0,19,0,15,1,76,89,1,1,0,76.4,Medium Risk
S10450,20,60,1,1,1,1,0,28,2,2,1,97,55,1,2,2,69.1,Medium Risk
S10451,20,60,1,1,1,1,0,24,0,17,1,81,57,0,2,2,65.1,Medium Risk
S10452,20,60,1,1,1,1,0,29,3,0,0,78,47,1,2,3,60.2,Medium Risk
S10453,20,60,1,1,1,1,0,28,1,15,1,82,62,1,2,2,67.4,Medium Risk
S10454,20,60,1,1,1,1,0,21,3,0,1,85,53,1,1,3,64.7,Medium Risk
S10455,20,60,1,1,1,1,0,19,0,15,1,76,89,1,1,0,76.4,Medium Risk
S10456,20,60,0,1,1,1,0,28,2,2,1,97,55,1,2,2,69.1,Medium Risk
S10457,20,60,0,1,1,1,0,24,0,17,1,81,57,0,2,2,65.1,Medium Risk
S10458,20,60,0,1,1,1,0,29,3,0,0,78,47,1,2,3,60.2,Medium Risk
S10459,20,60,0,1,1,1,0,28,1,15,1,82,62,1,2,2,67.4,Medium Risk
S10460,20,60,0,1,1,1,0,21,3,0,1,85,53,1,1,3,64.7,Medium Risk
S10461,20,60,0,1,1,1,0,19,0,15,1,76,89,1,1,0,76.4,Medium Risk
S10462,25,79,1,1,1,1,0,19,0,1,1,87,43,1,2,3,67.0,Medium Risk
S10463,25,79,1,1,1,1,0,18,2,15,1,50,59,0,1,2,62.3,Low Risk
S10464,25,79,1,1,1,1,0,27,2,8,1,74,99,0,2,0,85.5,Low Risk
S10465,25,79,1,1,1,1,0,29,3,15,1,100,91,0,1,0,90.10000000000001,Low Risk
S10466,25,79,1,1,1,1,0,19,3,2,1,57,73,0,1,1,70.0,Low Risk
S10467,25,79,1,1,1,1,0,19,0,1,1,87,43,1,2,3,67.0,Medium Risk
S10468,25,79,1,1,1,1,0,18,2,15,1,50,59,0,1,2,62.3,Low Risk
S10469,25,79,1,1,1,1,0,27,2,8,1,74,99,0,2,0,85.5,Low Risk
S10470,25,79,1,1,1,1,0,29,3,15,1,100,91,0,1,0,90.10000000000001,Low Risk
S10471,25,79,1,1,1,1,0,19,3,2,1,57,73,0,1,1,70.0,Low Risk
S10472,25,88,1,1,1,1,0,19,1,5,1,95,73,1,2,1,84.1,Low Risk
S10473,25,88,1,1,1,1,0,29,2,2,1,100,85,1,2,0,90.4,Low Risk
S10474,25,88,0,1,0,1,0,19,1,5,1,95,73,1,2,1,84.1,Low Risk
S10475,25,88,0,1,0,1,0,29,2,2,1,100,85,1,2,0,90.4,Low Risk
S10476,25,88,2,0,1,1,0,19,1,5,1,95,73,1,2,1,84.1,Low Risk
S10477,25,88,2,0,1,1,0,29,2,2,1,100,85,1,2,0,90.4,Low Risk
S10478,25,88,2,1,1,1,0,19,1,5,1,95,73,1,2,1,84.1,Low Risk
S10479,25,88,2,1,1,1,0,29,2,2,1,100,85,1,2,0,90.4,Low Risk
S10480,25,88,1,1,0,1,0,19,1,5,1,95,73,1,2,1,84.1,Low Risk
S10481,25,88,1,1,0,1,0,29,2,2,1,100,85,1,2,0,90.4,Low Risk
S10482,27,70,1,0,2,1,0,22,2,9,1,69,62,0,1,2,66.5,Medium Risk
S10483,27,70,1,0,2,1,0,23,0,6,1,62,66,0,0,2,66.0,Medium Risk
S10484,27,70,1,0,0,1,0,22,2,9,1,69,62,0,1,2,66.5,Medium Risk
S10485,27,70,1,0,0,1,0,23,0,6,1,62,66,0,0,2,66.0,Medium Risk
S10486,24,94,0,0,1,1,1,26,3,6,0,87,81,1,1,1,86.7,Low Risk
S10487,24,94,0,0,1,1,1,25,2,8,1,90,40,1,1,3,71.2,Medium Risk
S10488,24,94,1,0,1,1,1,26,3,6,0,87,81,1,1,1,86.7,Low Risk
S10489,24,94,1,0,1,1,1,25,2,8,1,90,40,1,1,3,71.2,Medium Risk
S10490,24,94,1,0,0,1,1,26,3,6,0,87,81,1,1,1,86.7,Low Risk
S10491,24,94,1,0,0,1,1,25,2,8,1,90,40,1,1,3,71.2,Medium Risk
S10492,22,96,2,1,0,1,1,19,0,20,1,68,72,1,1,1,78.0,Low Risk
S10493,22,96,2,1,0,1,1,20,0,2,0,67,41,1,2,3,65.3,Medium Risk
S10494,22,96,0,0,2,1,1,19,0,20,1,68,72,1,1,1,78.0,Low Risk
S10495,22,96,0,0,2,1,1,20,0,2,0,67,41,1,2,3,65.3,Medium Risk
S10496,22,96,2,1,2,1,1,19,0,20,1,68,72,1,1,1,78.0,Low Risk
S10497,22,96,2,1,2,1,1,20,0,2,0,67,41,1,2,3,65.3,Medium Risk
S10498,22,96,2,0,1,0,1,19,0,20,1,68,72,1,1,1,78.0,Low Risk
S10499,22,96,2,0,1,0,1,20,0,2,0,67,41,1,2,3,65.3,Medium Risk
S10500,15,99,1,1,1,1,1,27,0,2,1,89,81,1,2,1,88.8,Low Risk
S10501,15,99,1,1,1,1,1,29,0,10,1,61,48,1,1,3,67.2,Medium Risk
S10502,15,99,1,1,1,1,1,21,1,13,1,62,61,0,0,2,72.7,Low Risk
S10503,15,99,2,1,2,1,1,27,0,2,1,89,81,1,2,1,88.8,Low Risk
S10504,15,99,2,1,2,1,1,29,0,10,1,61,48,1,1,3,67.2,Medium Risk
S10505,15,99,2,1,2,1,1,21,1,13,1,62,61,0,0,2,72.7,Low Risk
S10506,15,99,2,1,2,0,1,27,0,2,1,89,81,1,2,1,88.8,Low Risk
S10507,15,99,2,1,2,0,1,29,0,10,1,61,48,1,1,3,67.2,Medium Risk
S10508,15,99,2,1,2,0,1,21,1,13,1,62,61,0,0,2,72.7,Low Risk
S10509,15,99,1,1,0,1,1,27,0,2,1,89,81,1,2,1,88.8,Low Risk
S10510,15,99,1,1,0,1,1,29,0,10,1,61,48,1,1,3,67.2,Medium Risk
S10511,15,99,1,1,0,1,1,21,1,13,1,62,61,0,0,2,72.7,Low Risk
S10512,15,99,1,1,1,1,1,27,0,2,1,89,81,1,2,1,88.8,Low Risk
S10513,15,99,1,1,1,1,1,29,0,10,1,61,48,1,1,3,67.2,Medium Risk
S10514,15,99,1,1,1,1,1,21,1,13,1,62,61,0,0,2,72.7,Low Risk
S10515,15,99,1,0,0,1,1,27,0,2,1,89,81,1,2,1,88.8,Low Risk
S10516,15,99,1,0,0,1,1,29,0,10,1,61,48,1,1,3,67.2,Medium Risk
S10517,15,99,1,0,0,1,1,21,1,13,1,62,61,0,0,2,72.7,Low Risk
S10518,19,82,1,0,1,1,0,26,1,7,0,72,83,1,1,1,79.39999999999999,Low Risk
S10519,19,82,1,0,1,1,0,19,0,1,1,78,69,1,1,2,75.6,Low Risk
S10520,19,82,1,0,1,1,0,18,2,3,0,78,76,1,1,1,78.39999999999999,Low Risk
S10521,19,82,1,1,2,1,0,26,1,7,0,72,83,1,1,1,79.39999999999999,Low Risk
S10522,19,82,1,1,2,1,0,19,0,1,1,78,69,1,1,2,75.6,Low Risk
S10523,19,82,1,1,2,1,0,18,2,3,0,78,76,1,1,1,78.39999999999999,Low Risk
S10524,19,82,1,0,0,1,0,26,1,7,0,72,83,1,1,1,79.39999999999999,Low Risk
S10525,19,82,1,0,0,1,0,19,0,1,1,78,69,1,1,2,75.6,Low Risk
S10526,19,82,1,0,0,1,0,18,2,3,0,78,76,1,1,1,78.39999999999999,Low Risk
S10527,19,82,0,0,1,1,0,26,1,7,0,72,83,1,1,1,79.39999999999999,Low Risk
S10528,19,82,0,0,1,1,0,19,0,1,1,78,69,1,1,2,75.6,Low Risk
S10529,19,82,0,0,1,1,0,18,2,3,0,78,76,1,1,1,78.39999999999999,Low Risk
S10530,19,82,1,1,0,1,0,26,1,7,0,72,83,1,1,1,79.39999999999999,Low Risk
S10531,19,82,1,1,0,1,0,19,0,1,1,78,69,1,1,2,75.6,Low Risk
S10532,19,82,1,1,0,1,0,18,2,3,0,78,76,1,1,1,78.39999999999999,Low Risk
S10533,19,82,2,0,1,1,0,26,1,7,0,72,83,1,1,1,79.39999999999999,Low Risk
S10534,19,82,2,0,1,1,0,19,0,1,1,78,69,1,1,2,75.6,Low Risk
S10535,19,82,2,0,1,1,0,18,2,3,0,78,76,1,1,1,78.39999999999999,Low Risk
S10536,9,62,2,1,0,1,0,28,1,0,1,55,74,1,1,1,64.7,Medium Risk
S10537,9,62,2,1,0,1,0,18,0,7,0,79,67,1,2,2,69.1,Medium Risk
S10538,10,67,1,0,1,0,1,24,0,17,0,96,98,0,2,0,88.1,Medium Risk
S10539,10,67,1,0,1,0,1,24,0,9,1,78,73,0,2,1,72.7,Medium Risk
S10540,10,67,1,1,1,1,1,24,0,17,0,96,98,0,2,0,88.1,Medium Risk
S10541,10,67,1,1,1,1,1,24,0,9,1,78,73,0,2,1,72.7,Medium Risk
S10542,15,66,1,0,1,1,0,26,0,5,1,92,63,1,0,2,72.6,Medium Risk
S10543,15,66,1,0,1,1,0,27,0,19,1,74,48,1,2,3,61.2,Medium Risk
S10544,15,66,1,0,1,1,0,18,0,0,0,73,55,0,2,2,63.7,Medium Risk
S10545,15,66,2,1,2,1,0,26,0,5,1,92,63,1,0,2,72.6,Medium Risk
S10546,15,66,2,1,2,1,0,27,0,19,1,74,48,1,2,3,61.2,Medium Risk
S10547,15,66,2,1,2,1,0,18,0,0,0,73,55,0,2,2,63.7,Medium Risk
S10548,15,66,1,0,0,1,0,26,0,5,1,92,63,1,0,2,72.6,Medium Risk
S10549,15,66,1,0,0,1,0,27,0,19,1,74,48,1,2,3,61.2,Medium Risk
S10550,15,66,1,0,0,1,0,18,0,0,0,73,55,0,2,2,63.7,Medium Risk
S10551,25,99,0,0,0,1,0,27,1,18,1,54,76,0,1,1,76.3,Low Risk
S10552,25,99,0,0,0,1,0,19,2,0,1,61,74,1,1,1,77.60000000000001,Low Risk
S10553,25,99,0,0,0,1,0,25,2,9,0,55,93,1,0,0,83.4,Low Risk
S10554,25,99,0,0,0,1,0,27,2,7,0,87,90,1,2,0,91.8,Low Risk
S10555,25,99,2,0,0,0,0,27,1,18,1,54,76,0,1,1,76.3,Low Risk
S10556,25,99,2,0,0,0,0,19,2,0,1,61,74,1,1,1,77.60000000000001,Low Risk
S10557,25,99,2,0,0,0,0,25,2,9,0,55,93,1,0,0,83.4,Low Risk
S10558,25,99,2,0,0,0,0,27,2,7,0,87,90,1,2,0,91.8,Low Risk
S10559,25,99,1,1,1,1,0,27,1,18,1,54,76,0,1,1,76.3,Low Risk
S10560,25,99,1,1,1,1,0,19,2,0,1,61,74,1,1,1,77.60000000000001,Low Risk
S10561,25,99,1,1,1,1,0,25,2,9,0,55,93,1,0,0,83.4,Low Risk
S10562,25,99,1,1,1,1,0,27,2,7,0,87,90,1,2,0,91.8,Low Risk
S10563,25,99,1,0,1,1,0,27,1,18,1,54,76,0,1,1,76.3,Low Risk
S10564,25,99,1,0,1,1,0,19,2,0,1,61,74,1,1,1,77.60000000000001,Low Risk
S10565,25,99,1,0,1,1,0,25,2,9,0,55,93,1,0,0,83.4,Low Risk
S10566,25,99,1,0,1,1,0,27,2,7,0,87,90,1,2,0,91.8,Low Risk
S10567,25,99,1,0,1,1,0,27,1,18,1,54,76,0,1,1,76.3,Low Risk
S10568,25,99,1,0,1,1,0,19,2,0,1,61,74,1,1,1,77.60000000000001,Low Risk
S10569,25,99,1,0,1,1,0,25,2,9,0,55,93,1,0,0,83.4,Low Risk
S10570,25,99,1,0,1,1,0,27,2,7,0,87,90,1,2,0,91.8,Low Risk
S10571,8,84,2,0,1,1,1,24,3,12,0,60,100,0,1,0,83.2,Low Risk
S10572,8,84,2,0,1,1,1,27,1,19,0,80,85,1,1,0,83.2,Low Risk
S10573,8,84,2,0,1,1,1,28,1,4,1,97,97,0,0,0,93.10000000000001,Low Risk
S10574,8,84,2,0,1,1,1,25,3,9,0,68,43,1,2,3,62.8,Medium Risk
S10575,8,84,0,1,0,1,1,24,3,12,0,60,100,0,1,0,83.2,Low Risk
S10576,8,84,0,1,0,1,1,27,1,19,0,80,85,1,1,0,83.2,Low Risk
S10577,8,84,0,1,0,1,1,28,1,4,1,97,97,0,0,0,93.10000000000001,Low Risk
S10578,8,84,0,1,0,1,1,25,3,9,0,68,43,1,2,3,62.8,Medium Risk
S10579,13,66,1,1,1,1,1,19,1,16,0,96,87,1,2,0,83.4,Medium Risk
S10580,13,66,1,1,1,1,1,29,1,10,1,95,67,1,1,2,75.1,Medium Risk
S10581,13,66,1,1,1,1,1,23,2,0,0,60,54,1,0,3,59.400000000000006,Medium Risk
S10582,13,66,1,1,1,1,1,19,1,16,0,96,87,1,2,0,83.4,Medium Risk
S10583,13,66,1,1,1,1,1,29,1,10,1,95,67,1,1,2,75.1,Medium Risk
S10584,13,66,1,1,1,1,1,23,2,0,0,60,54,1,0,3,59.400000000000006,Medium Risk
S10585,13,66,1,1,0,1,1,19,1,16,0,96,87,1,2,0,83.4,Medium Risk
S10586,13,66,1,1,0,1,1,29,1,10,1,95,67,1,1,2,75.1,Medium Risk
S10587,13,66,1,1,0,1,1,23,2,0,0,60,54,1,0,3,59.400000000000006,Medium Risk
S10588,13,66,1,1,0,1,1,19,1,16,0,96,87,1,2,0,83.4,Medium Risk
S10589,13,66,1,1,0,1,1,29,1,10,1,95,67,1,1,2,75.1,Medium Risk
S10590,13,66,1,1,0,1,1,23,2,0,0,60,54,1,0,3,59.400000000000006,Medium Risk
S10591,13,66,2,0,0,1,1,19,1,16,0,96,87,1,2,0,83.4,Medium Risk
S10592,13,66,2,0,0,1,1,29,1,10,1,95,67,1,1,2,75.1,Medium Risk
S10593,13,66,2,0,0,1,1,23,2,0,0,60,54,1,0,3,59.400000000000006,Medium Risk
S10594,22,91,1,1,0,1,0,23,1,17,1,68,52,0,1,3,68.5,Low Risk
S10595,22,91,1,1,0,1,0,20,0,11,0,64,98,1,1,0,85.7,Low Risk
S10596,22,91,0,1,1,1,0,23,1,17,1,68,52,0,1,3,68.5,Low Risk
S10597,22,91,0,1,1,1,0,20,0,11,0,64,98,1,1,0,85.7,Low Risk
S10598,22,91,1,1,1,0,0,23,1,17,1,68,52,0,1,3,68.5,Low Risk
S10599,22,91,1,1,1,0,0,20,0,11,0,64,98,1,1,0,85.7,Low Risk
S10600,22,91,1,0,0,1,0,23,1,17,1,68,52,0,1,3,68.5,Low Risk
S10601,22,91,1,0,0,1,0,20,0,11,0,64,98,1,1,0,85.7,Low Risk
S10602,22,91,1,1,2,1,0,23,1,17,1,68,52,0,1,3,68.5,Low Risk
S10603,22,91,1,1,2,1,0,20,0,11,0,64,98,1,1,0,85.7,Low Risk
S10604,22,91,1,0,1,1,0,23,1,17,1,68,52,0,1,3,68.5,Low Risk
S10605,22,91,1,0,1,1,0,20,0,11,0,64,98,1,1,0,85.7,Low Risk
S10606,28,69,2,0,0,1,0,25,2,18,0,77,62,1,1,2,68.6,Medium Risk
S10607,28,69,1,0,1,1,0,25,2,18,0,77,62,1,1,2,68.6,Medium Risk
S10608,28,69,1,0,2,1,0,25,2,18,0,77,62,1,1,2,68.6,Medium Risk
S10609,31,88,0,0,1,1,1,21,3,15,0,74,67,1,2,2,75.4,Low Risk
S10610,31,88,0,0,1,1,1,26,1,4,0,100,53,1,0,3,77.6,Low Risk
S10611,31,88,0,0,1,1,1,25,2,6,1,88,98,1,1,0,92.0,Low Risk
S10612,31,88,1,1,0,1,1,21,3,15,0,74,67,1,2,2,75.4,Low Risk
S10613,31,88,1,1,0,1,1,26,1,4,0,100,53,1,0,3,77.6,Low Risk
S10614,31,88,1,1,0,1,1,25,2,6,1,88,98,1,1,0,92.0,Low Risk
S10615,31,88,2,0,1,1,1,21,3,15,0,74,67,1,2,2,75.4,Low Risk
S10616,31,88,2,0,1,1,1,26,1,4,0,100,53,1,0,3,77.6,Low Risk
S10617,31,88,2,0,1,1,1,25,2,6,1,88,98,1,1,0,92.0,Low Risk
S10618,23,73,2,0,1,1,1,19,0,17,0,86,44,0,1,3,65.30000000000001,Medium Risk
S10619,23,73,2,0,1,1,1,24,2,15,0,57,75,1,2,1,69.0,Medium Risk
S10620,23,73,2,0,1,1,1,28,1,14,1,94,98,1,1,0,89.30000000000001,Medium Risk
S10621,23,73,2,0,1,1,1,19,1,12,0,79,51,1,1,3,66.0,Medium Risk
S10622,23,73,1,0,1,1,1,19,0,17,0,86,44,0,1,3,65.30000000000001,Medium Risk
S10623,23,73,1,0,1,1,1,24,2,15,0,57,75,1,2,1,69.0,Medium Risk
S10624,23,73,1,0,1,1,1,28,1,14,1,94,98,1,1,0,89.30000000000001,Medium Risk
S10625,23,73,1,0,1,1,1,19,1,12,0,79,51,1,1,3,66.0,Medium Risk
S10626,23,73,2,0,1,1,1,19,0,17,0,86,44,0,1,3,65.30000000000001,Medium Risk
S10627,23,73,2,0,1,1,1,24,2,15,0,57,75,1,2,1,69.0,Medium Risk
S10628,23,73,2,0,1,1,1,28,1,14,1,94,98,1,1,0,89.30000000000001,Medium Risk
S10629,23,73,2,0,1,1,1,19,1,12,0,79,51,1,1,3,66.0,Medium Risk
S10630,23,73,1,0,1,1,1,19,0,17,0,86,44,0,1,3,65.30000000000001,Medium Risk
S10631,23,73,1,0,1,1,1,24,2,15,0,57,75,1,2,1,69.0,Medium Risk
S10632,23,73,1,0,1,1,1,28,1,14,1,94,98,1,1,0,89.30000000000001,Medium Risk
S10633,23,73,1,0,1,1,1,19,1,12,0,79,51,1,1,3,66.0,Medium Risk
S10634,37,94,1,1,2,1,1,20,1,6,0,61,91,1,2,0,82.9,Low Risk
S10635,12,71,1,1,1,1,1,20,1,8,0,67,65,1,2,2,67.39999999999999,Medium Risk
S10636,12,71,1,1,1,1,1,18,0,18,0,56,67,0,1,2,64.9,Medium Risk
S10637,12,71,1,1,1,1,1,19,0,4,1,75,56,0,2,2,66.2,Medium Risk
S10638,12,71,0,0,1,1,1,20,1,8,0,67,65,1,2,2,67.39999999999999,Medium Risk
S10639,12,71,0,0,1,1,1,18,0,18,0,56,67,0,1,2,64.9,Medium Risk
S10640,12,71,0,0,1,1,1,19,0,4,1,75,56,0,2,2,66.2,Medium Risk
S10641,12,71,1,0,1,1,1,20,1,8,0,67,65,1,2,2,67.39999999999999,Medium Risk
S10642,12,71,1,0,1,1,1,18,0,18,0,56,67,0,1,2,64.9,Medium Risk
S10643,12,71,1,0,1,1,1,19,0,4,1,75,56,0,2,2,66.2,Medium Risk
S10644,17,76,0,0,0,1,1,24,3,5,1,53,47,0,0,3,57.5,Medium Risk
S10645,17,76,2,1,0,1,1,24,3,5,1,53,47,0,0,3,57.5,Medium Risk
S10646,17,76,2,0,1,1,1,24,3,5,1,53,47,0,0,3,57.5,Medium Risk
S10647,17,76,1,0,0,0,1,24,3,5,1,53,47,0,0,3,57.5,Medium Risk
S10648,17,76,1,0,1,1,1,24,3,5,1,53,47,0,0,3,57.5,Medium Risk
S10649,21,100,1,0,1,1,1,19,1,1,0,83,87,1,1,0,89.7,Low Risk
S10650,21,100,1,0,1,1,1,23,0,1,1,97,89,0,2,0,94.7,Low Risk
S10651,21,100,1,0,0,1,1,19,1,1,0,83,87,1,1,0,89.7,Low Risk
S10652,21,100,1,0,0,1,1,23,0,1,1,97,89,0,2,0,94.7,Low Risk
S10653,21,100,1,0,1,1,1,19,1,1,0,83,87,1,1,0,89.7,Low Risk
S10654,21,100,1,0,1,1,1,23,0,1,1,97,89,0,2,0,94.7,Low Risk
S10655,25,89,2,0,0,1,0,23,3,18,1,77,78,1,2,1,81.0,Low Risk
S10656,25,89,2,0,0,1,0,27,1,9,0,61,92,0,1,0,81.80000000000001,Low Risk
S10657,25,89,2,0,0,1,0,25,1,14,1,63,59,1,1,2,69.2,Low Risk
S10658,25,89,0,1,1,1,0,23,3,18,1,77,78,1,2,1,81.0,Low Risk
S10659,25,89,0,1,1,1,0,27,1,9,0,61,92,0,1,0,81.80000000000001,Low Risk
S10660,25,89,0,1,1,1,0,25,1,14,1,63,59,1,1,2,69.2,Low Risk
S10661,22,93,1,0,1,1,0,23,3,7,1,51,51,1,0,3,63.6,Low Risk
S10662,22,93,1,0,1,1,0,20,1,12,1,73,77,1,2,1,80.6,Low Risk
S10663,22,93,1,0,1,1,0,19,2,4,1,93,51,1,1,3,76.19999999999999,Low Risk
S10664,22,93,1,0,1,1,0,24,3,17,1,60,50,1,1,3,65.9,Low Risk
S10665,22,93,1,0,1,1,0,18,2,13,1,89,89,0,2,0,90.19999999999999,Low Risk
S10666,22,93,1,1,1,1,0,23,3,7,1,51,51,1,0,3,63.6,Low Risk
S10667,22,93,1,1,1,1,0,20,1,12,1,73,77,1,2,1,80.6,Low Risk
S10668,22,93,1,1,1,1,0,19,2,4,1,93,51,1,1,3,76.19999999999999,Low Risk
S10669,22,93,1,1,1,1,0,24,3,17,1,60,50,1,1,3,65.9,Low Risk
S10670,22,93,1,1,1,1,0,18,2,13,1,89,89,0,2,0,90.19999999999999,Low Risk
S10671,22,93,1,0,1,1,0,23,3,7,1,51,51,1,0,3,63.6,Low Risk
S10672,22,93,1,0,1,1,0,20,1,12,1,73,77,1,2,1,80.6,Low Risk
S10673,22,93,1,0,1,1,0,19,2,4,1,93,51,1,1,3,76.19999999999999,Low Risk
S10674,22,93,1,0,1,1,0,24,3,17,1,60,50,1,1,3,65.9,Low Risk
S10675,22,93,1,0,1,1,0,18,2,13,1,89,89,0,2,0,90.19999999999999,Low Risk
S10676,22,93,2,0,0,1,0,23,3,7,1,51,51,1,0,3,63.6,Low Risk
S10677,22,93,2,0,0,1,0,20,1,12,1,73,77,1,2,1,80.6,Low Risk
S10678,22,93,2,0,0,1,0,19,2,4,1,93,51,1,1,3,76.19999999999999,Low Risk
S10679,22,93,2,0,0,1,0,24,3,17,1,60,50,1,1,3,65.9,Low Risk
S10680,22,93,2,0,0,1,0,18,2,13,1,89,89,0,2,0,90.19999999999999,Low Risk
S10681,22,93,1,0,1,1,0,23,3,7,1,51,51,1,0,3,63.6,Low Risk
S10682,22,93,1,0,1,1,0,20,1,12,1,73,77,1,2,1,80.6,Low Risk
S10683,22,93,1,0,1,1,0,19,2,4,1,93,51,1,1,3,76.19999999999999,Low Risk
S10684,22,93,1,0,1,1,0,24,3,17,1,60,50,1,1,3,65.9,Low Risk
S10685,22,93,1,0,1,1,0,18,2,13,1,89,89,0,2,0,90.19999999999999,Low Risk
S10686,5,70,2,1,1,1,1,19,0,2,1,67,76,1,2,1,71.5,Medium Risk
S10687,5,70,2,1,1,1,1,28,3,2,1,58,86,1,2,0,72.8,Medium Risk
S10688,5,70,2,1,1,1,1,21,3,16,0,64,79,1,1,1,71.8,Medium Risk
S10689,5,70,2,1,1,1,1,22,2,13,1,95,99,1,2,0,89.1,Medium Risk
S10690,5,70,2,1,1,1,1,28,3,12,0,89,97,0,1,0,86.5,Medium Risk
S10691,29,61,1,1,2,1,1,24,1,6,1,66,76,0,2,1,68.5,Medium Risk
S10692,29,61,1,1,2,1,1,19,2,6,1,97,78,1,2,1,78.6,Medium Risk
S10693,29,61,2,0,1,1,1,24,1,6,1,66,76,0,2,1,68.5,Medium Risk
S10694,29,61,2,0,1,1,1,19,2,6,1,97,78,1,2,1,78.6,Medium Risk
S10695,26,80,2,1,1,1,0,28,1,5,1,63,54,0,0,3,64.5,Low Risk
S10696,21,99,2,1,1,1,0,26,2,18,1,99,52,1,1,3,80.2,Low Risk
S10697,21,99,2,1,1,1,0,18,3,18,1,50,45,1,2,3,62.7,Medium Risk
S10698,21,99,0,1,0,1,0,26,2,18,1,99,52,1,1,3,80.2,Low Risk
S10699,21,99,0,1,0,1,0,18,3,18,1,50,45,1,2,3,62.7,Medium Risk
S10700,21,99,0,1,1,1,0,26,2,18,1,99,52,1,1,3,80.2,Low Risk
S10701,21,99,0,1,1,1,0,18,3,18,1,50,45,1,2,3,62.7,Medium Risk
S10702,21,99,2,0,2,1,0,26,2,18,1,99,52,1,1,3,80.2,Low Risk
S10703,21,99,2,0,2,1,0,18,3,18,1,50,45,1,2,3,62.7,Medium Risk
S10704,21,99,0,0,0,1,0,26,2,18,1,99,52,1,1,3,80.2,Low Risk
S10705,21,99,0,0,0,1,0,18,3,18,1,50,45,1,2,3,62.7,Medium Risk
S10706,21,99,1,1,0,1,0,26,2,18,1,99,52,1,1,3,80.2,Low Risk
S10707,21,99,1,1,0,1,0,18,3,18,1,50,45,1,2,3,62.7,Medium Risk
S10708,24,77,1,1,1,1,1,19,2,5,1,96,74,1,1,1,81.5,Low Risk
S10709,24,77,1,1,1,1,1,21,2,8,1,56,76,0,2,1,70.3,Low Risk
S10710,24,77,1,1,1,1,1,19,2,5,1,96,74,1,1,1,81.5,Low Risk
S10711,24,77,1,1,1,1,1,21,2,8,1,56,76,0,2,1,70.3,Low Risk
S10712,24,77,1,1,0,1,1,19,2,5,1,96,74,1,1,1,81.5,Low Risk
S10713,24,77,1,1,0,1,1,21,2,8,1,56,76,0,2,1,70.3,Low Risk
S10714,24,77,1,0,2,1,1,19,2,5,1,96,74,1,1,1,81.5,Low Risk
S10715,24,77,1,0,2,1,1,21,2,8,1,56,76,0,2,1,70.3,Low Risk
S10716,24,77,2,1,0,1,1,19,2,5,1,96,74,1,1,1,81.5,Low Risk
S10717,24,77,2,1,0,1,1,21,2,8,1,56,76,0,2,1,70.3,Low Risk
S10718,24,77,1,1,1,1,1,19,2,5,1,96,74,1,1,1,81.5,Low Risk
S10719,24,77,1,1,1,1,1,21,2,8,1,56,76,0,2,1,70.3,Low Risk
S10720,24,77,2,1,2,1,1,19,2,5,1,96,74,1,1,1,81.5,Low Risk
S10721,24,77,2,1,2,1,1,21,2,8,1,56,76,0,2,1,70.3,Low Risk
S10722,24,77,1,1,2,1,1,19,2,5,1,96,74,1,1,1,81.5,Low Risk
S10723,24,77,1,1,2,1,1,21,2,8,1,56,76,0,2,1,70.3,Low Risk
S10724,24,77,1,1,1,1,1,19,2,5,1,96,74,1,1,1,81.5,Low Risk
S10725,24,77,1,1,1,1,1,21,2,8,1,56,76,0,2,1,70.3,Low Risk
S10726,24,77,0,1,0,1,1,19,2,5,1,96,74,1,1,1,81.5,Low Risk
S10727,24,77,0,1,0,1,1,21,2,8,1,56,76,0,2,1,70.3,Low Risk
S10728,24,77,2,1,1,1,1,19,2,5,1,96,74,1,1,1,81.5,Low Risk
S10729,24,77,2,1,1,1,1,21,2,8,1,56,76,0,2,1,70.3,Low Risk
S10730,24,77,0,1,2,1,1,19,2,5,1,96,74,1,1,1,81.5,Low Risk
S10731,24,77,0,1,2,1,1,21,2,8,1,56,76,0,2,1,70.3,Low Risk
S10732,24,94,1,1,0,1,0,19,2,0,1,67,46,0,1,3,66.7,Medium Risk
S10733,24,94,1,1,0,1,0,25,0,8,0,76,66,1,1,2,77.4,Low Risk
S10734,24,94,1,1,0,1,0,27,1,1,0,81,40,0,1,3,68.5,Medium Risk
S10735,24,94,0,1,2,0,0,19,2,0,1,67,46,0,1,3,66.7,Medium Risk
S10736,24,94,0,1,2,0,0,25,0,8,0,76,66,1,1,2,77.4,Low Risk
S10737,24,94,0,1,2,0,0,27,1,1,0,81,40,0,1,3,68.5,Medium Risk
S10738,24,94,1,0,2,1,0,19,2,0,1,67,46,0,1,3,66.7,Medium Risk
S10739,24,94,1,0,2,1,0,25,0,8,0,76,66,1,1,2,77.4,Low Risk
S10740,24,94,1,0,2,1,0,27,1,1,0,81,40,0,1,3,68.5,Medium Risk
S10741,11,92,2,1,1,1,0,27,1,4,0,51,91,1,2,0,79.3,Low Risk
S10742,11,92,1,1,2,1,0,27,1,4,0,51,91,1,2,0,79.3,Low Risk
S10743,11,92,1,0,1,1,0,27,1,4,0,51,91,1,2,0,79.3,Low Risk
S10744,6,65,2,0,1,0,1,26,3,17,0,98,78,1,0,1,80.1,Medium Risk
S10745,6,65,2,0,1,0,1,29,2,2,1,92,40,1,2,3,63.099999999999994,Medium Risk
S10746,17,72,2,1,0,1,0,22,2,20,0,53,93,1,0,0,74.7,Medium Risk
S10747,17,72,2,1,0,1,0,21,2,16,0,64,79,0,2,1,72.39999999999999,Medium Risk
S10748,17,72,1,0,0,1,0,22,2,20,0,53,93,1,0,0,74.7,Medium Risk
S10749,17,72,1,0,0,1,0,21,2,16,0,64,79,0,2,1,72.39999999999999,Medium Risk
S10750,17,72,1,0,0,1,0,22,2,20,0,53,93,1,0,0,74.7,Medium Risk
S10751,17,72,1,0,0,1,0,21,2,16,0,64,79,0,2,1,72.39999999999999,Medium Risk
S10752,29,74,1,1,2,1,0,27,1,10,1,85,42,1,1,3,64.5,Medium Risk
S10753,29,74,1,1,2,1,0,29,2,12,1,53,47,0,2,3,56.900000000000006,Medium Risk
S10754,29,74,1,1,2,1,0,26,3,2,1,92,98,1,1,0,89.0,Medium Risk
S10755,29,74,1,0,0,1,0,27,1,10,1,85,42,1,1,3,64.5,Medium Risk
S10756,29,74,1,0,0,1,0,29,2,12,1,53,47,0,2,3,56.900000000000006,Medium Risk
S10757,29,74,1,0,0,1,0,26,3,2,1,92,98,1,1,0,89.0,Medium Risk
S10758,29,74,1,0,1,1,0,27,1,10,1,85,42,1,1,3,64.5,Medium Risk
S10759,29,74,1,0,1,1,0,29,2,12,1,53,47,0,2,3,56.900000000000006,Medium Risk
S10760,29,74,1,0,1,1,0,26,3,2,1,92,98,1,1,0,89.0,Medium Risk
S10761,29,74,2,1,1,1,0,27,1,10,1,85,42,1,1,3,64.5,Medium Risk
S10762,29,74,2,1,1,1,0,29,2,12,1,53,47,0,2,3,56.900000000000006,Medium Risk
S10763,29,74,2,1,1,1,0,26,3,2,1,92,98,1,1,0,89.0,Medium Risk
S10764,24,91,1,1,0,1,0,23,0,16,0,53,83,1,0,1,76.4,Low Risk
S10765,24,91,1,1,0,1,0,29,1,13,0,99,40,1,1,3,73.0,Medium Risk
S10766,24,91,1,1,0,1,0,21,0,3,1,63,58,1,2,2,69.4,Low Risk
S10767,24,91,0,1,2,1,0,23,0,16,0,53,83,1,0,1,76.4,Low Risk
S10768,24,91,0,1,2,1,0,29,1,13,0,99,40,1,1,3,73.0,Medium Risk
S10769,24,91,0,1,2,1,0,21,0,3,1,63,58,1,2,2,69.4,Low Risk
S10770,24,91,2,1,1,1,0,23,0,16,0,53,83,1,0,1,76.4,Low Risk
S10771,24,91,2,1,1,1,0,29,1,13,0,99,40,1,1,3,73.0,Medium Risk
S10772,24,91,2,1,1,1,0,21,0,3,1,63,58,1,2,2,69.4,Low Risk
S10773,26,62,1,1,1,1,0,20,2,19,1,82,97,1,1,0,82.0,Medium Risk
S10774,26,62,0,1,0,1,0,20,2,19,1,82,97,1,1,0,82.0,Medium Risk
S10775,26,62,1,0,1,1,0,20,2,19,1,82,97,1,1,0,82.0,Medium Risk
S10776,11,85,1,1,0,1,0,29,1,6,1,61,83,1,0,1,77.0,Low Risk
S10777,11,85,1,1,0,1,0,18,3,0,1,50,90,1,2,0,76.5,Low Risk
S10778,11,85,0,0,0,0,0,29,1,6,1,61,83,1,0,1,77.0,Low Risk
S10779,11,85,0,0,0,0,0,18,3,0,1,50,90,1,2,0,76.5,Low Risk
S10780,15,69,1,1,0,0,1,24,1,19,1,96,78,1,2,1,80.7,Medium Risk
S10781,15,69,1,1,0,0,1,23,3,16,1,56,100,1,1,0,77.5,Medium Risk
S10782,15,69,1,0,1,1,1,24,1,19,1,96,78,1,2,1,80.7,Medium Risk
S10783,15,69,1,0,1,1,1,23,3,16,1,56,100,1,1,0,77.5,Medium Risk
S10784,15,69,2,0,0,1,1,24,1,19,1,96,78,1,2,1,80.7,Medium Risk
S10785,15,69,2,0,0,1,1,23,3,16,1,56,100,1,1,0,77.5,Medium Risk
S10786,15,69,1,1,0,1,1,24,1,19,1,96,78,1,2,1,80.7,Medium Risk
S10787,15,69,1,1,0,1,1,23,3,16,1,56,100,1,1,0,77.5,Medium Risk
S10788,27,66,2,0,0,1,0,22,3,14,0,89,68,1,2,2,73.7,Medium Risk
S10789,27,66,2,0,0,1,0,26,0,8,1,54,66,1,0,2,62.400000000000006,Medium Risk
S10790,27,66,2,0,0,1,0,23,3,9,0,85,54,1,1,3,66.9,Medium Risk
S10791,27,66,2,0,0,1,0,24,2,11,1,93,40,1,2,3,63.7,Medium Risk
S10792,13,84,1,1,2,1,0,24,2,10,0,76,93,1,2,0,85.2,Low Risk
S10793,13,84,1,0,0,0,0,24,2,10,0,76,93,1,2,0,85.2,Low Risk
S10794,13,84,1,1,2,1,0,24,2,10,0,76,93,1,2,0,85.2,Low Risk
S10795,15,81,1,1,1,1,1,26,2,11,1,81,78,1,0,1,79.8,Low Risk
S10796,15,81,1,1,1,1,1,29,3,5,1,85,94,0,2,0,87.4,Low Risk
S10797,15,81,1,1,1,1,1,27,1,3,0,92,83,0,1,1,85.1,Low Risk
S10798,15,81,1,1,1,1,1,21,2,19,1,92,76,1,2,1,82.3,Low Risk
S10799,15,81,1,1,1,1,1,26,2,10,1,77,49,0,1,3,67.0,Medium Risk
S10800,15,81,0,1,0,1,1,26,2,11,1,81,78,1,0,1,79.8,Low Risk
S10801,15,81,0,1,0,1,1,29,3,5,1,85,94,0,2,0,87.4,Low Risk
S10802,15,81,0,1,0,1,1,27,1,3,0,92,83,0,1,1,85.1,Low Risk
S10803,15,81,0,1,0,1,1,21,2,19,1,92,76,1,2,1,82.3,Low Risk
S10804,15,81,0,1,0,1,1,26,2,10,1,77,49,0,1,3,67.0,Medium Risk
S10805,15,81,1,1,1,1,1,26,2,11,1,81,78,1,0,1,79.8,Low Risk
S10806,15,81,1,1,1,1,1,29,3,5,1,85,94,0,2,0,87.4,Low Risk
S10807,15,81,1,1,1,1,1,27,1,3,0,92,83,0,1,1,85.1,Low Risk
S10808,15,81,1,1,1,1,1,21,2,19,1,92,76,1,2,1,82.3,Low Risk
S10809,15,81,1,1,1,1,1,26,2,10,1,77,49,0,1,3,67.0,Medium Risk
S10810,18,72,2,1,1,1,0,26,0,5,0,63,47,1,0,3,59.3,Medium Risk
S10811,18,72,2,1,1,1,0,22,0,11,1,79,63,0,2,2,70.5,Medium Risk
S10812,18,72,1,1,1,1,0,26,0,5,0,63,47,1,0,3,59.3,Medium Risk
S10813,18,72,1,1,1,1,0,22,0,11,1,79,63,0,2,2,70.5,Medium Risk
S10814,18,72,2,1,2,1,0,26,0,5,0,63,47,1,0,3,59.3,Medium Risk
S10815,18,72,2,1,2,1,0,22,0,11,1,79,63,0,2,2,70.5,Medium Risk
S10816,18,72,1,1,1,1,0,26,0,5,0,63,47,1,0,3,59.3,Medium Risk
S10817,18,72,1,1,1,1,0,22,0,11,1,79,63,0,2,2,70.5,Medium Risk
S10818,18,72,1,1,2,0,0,26,0,5,0,63,47,1,0,3,59.3,Medium Risk
S10819,18,72,1,1,2,0,0,22,0,11,1,79,63,0,2,2,70.5,Medium Risk
S10820,24,61,1,1,1,1,0,21,3,7,1,57,56,0,1,2,57.8,Medium Risk
S10821,24,61,1,1,1,1,0,29,0,16,1,66,58,1,0,2,61.3,Medium Risk
S10822,24,61,1,1,0,1,0,21,3,7,1,57,56,0,1,2,57.8,Medium Risk
S10823,24,61,1,1,0,1,0,29,0,16,1,66,58,1,0,2,61.3,Medium Risk
S10824,24,61,1,0,1,1,0,21,3,7,1,57,56,0,1,2,57.8,Medium Risk
S10825,24,61,1,0,1,1,0,29,0,16,1,66,58,1,0,2,61.3,Medium Risk
S10826,24,61,1,0,0,1,0,21,3,7,1,57,56,0,1,2,57.8,Medium Risk
S10827,24,61,1,0,0,1,0,29,0,16,1,66,58,1,0,2,61.3,Medium Risk
S10828,19,71,1,0,1,1,1,29,2,5,0,53,85,0,2,0,71.2,Medium Risk
S10829,19,71,1,0,1,1,1,19,1,8,1,84,66,0,1,2,72.9,Medium Risk
S10830,19,71,2,1,2,1,1,29,2,5,0,53,85,0,2,0,71.2,Medium Risk
S10831,19,71,2,1,2,1,1,19,1,8,1,84,66,0,1,2,72.9,Medium Risk
S10832,34,65,1,1,2,1,1,19,0,13,1,76,94,1,0,0,79.9,Medium Risk
S10833,34,65,1,1,2,1,1,27,0,10,0,58,56,1,0,2,59.3,Medium Risk
S10834,34,65,1,1,2,1,1,22,3,2,1,54,70,0,2,1,63.7,Medium Risk
S10835,24,95,2,1,1,1,0,24,3,9,1,55,51,1,2,3,65.4,Low Risk
S10836,24,95,2,1,1,1,0,20,0,0,1,62,73,1,2,1,76.3,Low Risk
S10837,24,95,2,1,1,1,0,29,1,3,0,62,72,0,0,1,75.9,Low Risk
S10838,24,95,0,0,0,1,0,24,3,9,1,55,51,1,2,3,65.4,Low Risk
S10839,24,95,0,0,0,1,0,20,0,0,1,62,73,1,2,1,76.3,Low Risk
S10840,24,95,0,0,0,1,0,29,1,3,0,62,72,0,0,1,75.9,Low Risk
S10841,24,95,0,1,2,1,0,24,3,9,1,55,51,1,2,3,65.4,Low Risk
S10842,24,95,0,1,2,1,0,20,0,0,1,62,73,1,2,1,76.3,Low Risk
S10843,24,95,0,1,2,1,0,29,1,3,0,62,72,0,0,1,75.9,Low Risk
S10844,18,77,1,1,0,1,1,29,2,6,0,78,76,1,2,1,76.89999999999999,Low Risk
S10845,18,77,1,1,0,1,1,24,0,15,0,97,66,1,1,2,78.6,Low Risk
S10846,18,77,1,1,0,1,1,29,2,6,0,78,76,1,2,1,76.89999999999999,Low Risk
S10847,18,77,1,1,0,1,1,24,0,15,0,97,66,1,1,2,78.6,Low Risk
S10848,18,77,1,0,1,1,1,29,2,6,0,78,76,1,2,1,76.89999999999999,Low Risk
S10849,18,77,1,0,1,1,1,24,0,15,0,97,66,1,1,2,78.6,Low Risk
S10850,18,77,0,0,2,1,1,29,2,6,0,78,76,1,2,1,76.89999999999999,Low Risk
S10851,18,77,0,0,2,1,1,24,0,15,0,97,66,1,1,2,78.6,Low Risk
S10852,18,77,1,1,1,1,1,29,2,6,0,78,76,1,2,1,76.89999999999999,Low Risk
S10853,18,77,1,1,1,1,1,24,0,15,0,97,66,1,1,2,78.6,Low Risk
S10854,17,91,0,1,0,1,0,18,0,10,1,61,41,0,1,3,62.0,Medium Risk
S10855,17,91,1,1,2,1,0,18,0,10,1,61,41,0,1,3,62.0,Medium Risk
S10856,17,91,2,0,2,1,0,18,0,10,1,61,41,0,1,3,62.0,Medium Risk
S10857,29,63,2,1,1,1,0,19,1,13,1,64,88,1,1,0,73.30000000000001,Medium Risk
S10858,13,96,1,0,1,1,0,25,3,11,1,77,92,1,1,0,88.7,Low Risk
S10859,13,96,1,0,1,1,0,24,1,7,1,95,100,1,0,0,97.3,Low Risk
S10860,13,96,1,0,1,1,0,23,1,20,1,80,54,0,1,3,74.4,Low Risk
S10861,13,96,1,0,1,1,0,27,2,18,1,52,61,1,2,2,68.8,Low Risk
S10862,13,96,1,0,1,1,0,25,2,0,0,86,84,0,2,1,88.2,Low Risk
S10863,13,96,1,0,1,1,0,25,3,11,1,77,92,1,1,0,88.7,Low Risk
S10864,13,96,1,0,1,1,0,24,1,7,1,95,100,1,0,0,97.3,Low Risk
S10865,13,96,1,0,1,1,0,23,1,20,1,80,54,0,1,3,74.4,Low Risk
S10866,13,96,1,0,1,1,0,27,2,18,1,52,61,1,2,2,68.8,Low Risk
S10867,13,96,1,0,1,1,0,25,2,0,0,86,84,0,2,1,88.2,Low Risk
S10868,10,73,2,1,0,1,0,18,1,7,1,97,71,1,2,1,79.4,Medium Risk
S10869,10,73,2,1,0,1,0,25,2,10,0,89,87,1,1,0,83.4,Medium Risk
S10870,10,73,2,1,0,1,0,23,0,11,0,56,73,1,2,1,67.9,Medium Risk
S10871,10,79,1,0,2,0,0,23,0,0,0,53,69,1,1,2,67.2,Low Risk
S10872,10,79,1,0,2,0,0,21,1,1,0,55,76,1,2,1,70.60000000000001,Low Risk
S10873,10,79,1,0,2,0,0,19,3,9,1,97,79,1,2,1,84.4,Low Risk
S10874,18,98,2,1,0,1,0,23,1,14,0,84,66,0,0,2,81.0,Low Risk
S10875,18,98,1,1,1,1,0,23,1,14,0,84,66,0,0,2,81.0,Low Risk
S10876,18,98,1,1,0,1,0,23,1,14,0,84,66,0,0,2,81.0,Low Risk
S10877,28,72,1,1,0,0,1,18,2,20,0,55,68,0,1,2,65.3,Medium Risk
S10878,28,72,1,1,0,0,1,20,0,17,0,81,76,0,2,1,76.3,Medium Risk
S10879,28,72,1,1,0,0,1,19,3,9,1,93,97,0,2,0,88.3,Medium Risk
S10880,28,72,1,1,0,0,1,21,3,17,1,91,59,1,0,2,72.5,Medium Risk
S10881,28,72,2,0,0,1,1,18,2,20,0,55,68,0,1,2,65.3,Medium Risk
S10882,28,72,2,0,0,1,1,20,0,17,0,81,76,0,2,1,76.3,Medium Risk
S10883,28,72,2,0,0,1,1,19,3,9,1,93,97,0,2,0,88.3,Medium Risk
S10884,28,72,2,0,0,1,1,21,3,17,1,91,59,1,0,2,72.5,Medium Risk
S10885,28,72,1,1,1,1,1,18,2,20,0,55,68,0,1,2,65.3,Medium Risk
S10886,28,72,1,1,1,1,1,20,0,17,0,81,76,0,2,1,76.3,Medium Risk
S10887,28,72,1,1,1,1,1,19,3,9,1,93,97,0,2,0,88.3,Medium Risk
S10888,28,72,1,1,1,1,1,21,3,17,1,91,59,1,0,2,72.5,Medium Risk
S10889,13,77,1,1,0,1,0,23,3,9,0,91,78,0,2,1,81.6,Low Risk
S10890,13,77,2,0,0,1,0,23,3,9,0,91,78,0,2,1,81.6,Low Risk
S10891,23,83,1,1,0,1,1,21,1,4,1,91,84,1,2,1,85.80000000000001,Low Risk
S10892,23,83,1,1,0,1,1,19,1,13,0,84,74,1,2,1,79.69999999999999,Low Risk
S10893,23,83,1,1,0,1,1,18,0,9,1,76,67,1,0,2,74.5,Low Risk
S10894,23,83,2,1,0,1,1,21,1,4,1,91,84,1,2,1,85.80000000000001,Low Risk
S10895,23,83,2,1,0,1,1,19,1,13,0,84,74,1,2,1,79.69999999999999,Low Risk
S10896,23,83,2,1,0,1,1,18,0,9,1,76,67,1,0,2,74.5,Low Risk
S10897,23,83,0,0,1,1,1,21,1,4,1,91,84,1,2,1,85.80000000000001,Low Risk
S10898,23,83,0,0,1,1,1,19,1,13,0,84,74,1,2,1,79.69999999999999,Low Risk
S10899,23,83,0,0,1,1,1,18,0,9,1,76,67,1,0,2,74.5,Low Risk
S10900,23,83,1,0,1,1,1,21,1,4,1,91,84,1,2,1,85.80000000000001,Low Risk
S10901,23,83,1,0,1,1,1,19,1,13,0,84,74,1,2,1,79.69999999999999,Low Risk
S10902,23,83,1,0,1,1,1,18,0,9,1,76,67,1,0,2,74.5,Low Risk
S10903,27,83,2,1,1,1,1,29,0,2,1,65,41,0,2,3,60.800000000000004,Medium Risk
S10904,27,83,1,1,1,1,1,29,0,2,1,65,41,0,2,3,60.800000000000004,Medium Risk
S10905,27,83,0,0,1,1,1,29,0,2,1,65,41,0,2,3,60.800000000000004,Medium Risk
S10906,23,99,1,0,0,1,0,18,0,19,1,80,50,1,1,3,73.7,Low Risk
S10907,23,99,2,0,2,1,0,18,0,19,1,80,50,1,1,3,73.7,Low Risk
S10908,23,99,1,0,2,1,0,18,0,19,1,80,50,1,1,3,73.7,Low Risk
S10909,15,62,2,0,1,1,1,25,2,7,0,50,90,1,1,0,69.6,Medium Risk
S10910,15,62,2,0,1,1,1,28,0,19,1,67,82,1,1,1,71.5,Medium Risk
S10911,15,62,2,0,0,1,1,25,2,7,0,50,90,1,1,0,69.6,Medium Risk
S10912,15,62,2,0,0,1,1,28,0,19,1,67,82,1,1,1,71.5,Medium Risk
S10913,33,88,0,0,1,1,1,19,0,9,0,58,57,1,2,2,66.6,Low Risk
S10914,33,88,0,0,1,1,1,22,0,2,1,91,75,0,0,1,83.69999999999999,Low Risk
S10915,33,88,0,0,1,1,1,21,0,13,0,78,98,1,1,0,89.0,Low Risk
S10916,10,94,1,1,2,1,1,21,2,0,0,60,88,0,1,0,81.4,Low Risk
S10917,10,94,0,0,1,1,1,21,2,0,0,60,88,0,1,0,81.4,Low Risk
S10918,10,94,1,0,0,1,1,21,2,0,0,60,88,0,1,0,81.4,Low Risk
S10919,10,94,2,0,1,1,1,21,2,0,0,60,88,0,1,0,81.4,Low Risk
S10920,32,97,0,1,0,1,0,26,0,9,1,72,86,1,2,0,85.1,Low Risk
S10921,32,97,0,1,0,1,0,25,0,7,1,77,83,1,0,1,85.39999999999999,Low Risk
S10922,32,97,0,1,0,1,0,21,0,12,0,94,85,1,0,0,91.3,Low Risk
S10923,32,97,0,1,0,1,0,28,0,7,1,50,79,1,2,1,75.7,Low Risk
S10924,32,97,1,1,1,1,0,26,0,9,1,72,86,1,2,0,85.1,Low Risk
S10925,32,97,1,1,1,1,0,25,0,7,1,77,83,1,0,1,85.39999999999999,Low Risk
S10926,32,97,1,1,1,1,0,21,0,12,0,94,85,1,0,0,91.3,Low Risk
S10927,32,97,1,1,1,1,0,28,0,7,1,50,79,1,2,1,75.7,Low Risk
S10928,19,85,2,0,0,1,1,19,3,9,1,83,61,0,1,2,74.8,Low Risk
S10929,19,85,2,0,0,1,1,27,1,15,1,100,94,1,0,0,93.1,Low Risk
S10930,19,85,1,0,0,1,1,19,3,9,1,83,61,0,1,2,74.8,Low Risk
S10931,19,85,1,0,0,1,1,27,1,15,1,100,94,1,0,0,93.1,Low Risk
S10932,19,85,2,0,0,1,1,19,3,9,1,83,61,0,1,2,74.8,Low Risk
S10933,19,85,2,0,0,1,1,27,1,15,1,100,94,1,0,0,93.1,Low Risk
S10934,19,85,1,0,0,1,1,19,3,9,1,83,61,0,1,2,74.8,Low Risk
S10935,19,85,1,0,0,1,1,27,1,15,1,100,94,1,0,0,93.1,Low Risk
S10936,19,85,1,1,2,1,1,19,3,9,1,83,61,0,1,2,74.8,Low Risk
S10937,19,85,1,1,2,1,1,27,1,15,1,100,94,1,0,0,93.1,Low Risk
S10938,28,74,1,1,0,1,0,28,1,11,1,57,68,1,1,2,66.5,Medium Risk
S10939,28,74,1,1,0,1,0,25,2,5,1,79,99,1,2,0,85.5,Medium Risk
S10940,28,74,1,0,0,1,0,28,1,11,1,57,68,1,1,2,66.5,Medium Risk
S10941,28,74,1,0,0,1,0,25,2,5,1,79,99,1,2,0,85.5,Medium Risk
S10942,7,96,1,1,1,1,0,21,3,5,0,51,74,0,0,1,73.69999999999999,Low Risk
S10943,7,96,1,1,1,1,0,29,1,16,1,79,76,0,2,1,82.9,Low Risk
S10944,11,99,2,1,2,0,1,18,0,19,0,88,73,0,1,1,85.3,Low Risk
S10945,11,99,0,1,1,1,1,18,0,19,0,88,73,0,1,1,85.3,Low Risk
S10946,11,99,1,1,2,1,1,18,0,19,0,88,73,0,1,1,85.3,Low Risk
S10947,18,96,0,0,1,1,1,28,2,8,0,94,55,0,2,2,79.0,Low Risk
S10948,18,96,0,0,1,1,1,26,0,10,1,77,97,1,2,0,90.7,Low Risk
S10949,18,96,0,0,1,1,1,21,1,5,1,64,95,1,2,0,86.0,Low Risk
S10950,18,96,2,0,2,1,1,28,2,8,0,94,55,0,2,2,79.0,Low Risk
S10951,18,96,2,0,2,1,1,26,0,10,1,77,97,1,2,0,90.7,Low Risk
S10952,18,96,2,0,2,1,1,21,1,5,1,64,95,1,2,0,86.0,Low Risk
S10953,18,96,2,1,1,1,1,28,2,8,0,94,55,0,2,2,79.0,Low Risk
S10954,18,96,2,1,1,1,1,26,0,10,1,77,97,1,2,0,90.7,Low Risk
S10955,18,96,2,1,1,1,1,21,1,5,1,64,95,1,2,0,86.0,Low Risk
S10956,18,96,2,1,2,1,1,28,2,8,0,94,55,0,2,2,79.0,Low Risk
S10957,18,96,2,1,2,1,1,26,0,10,1,77,97,1,2,0,90.7,Low Risk
S10958,18,96,2,1,2,1,1,21,1,5,1,64,95,1,2,0,86.0,Low Risk
S10959,17,65,1,1,1,1,1,23,2,17,1,73,54,1,1,3,63.0,Medium Risk
S10960,17,65,1,1,1,1,1,29,3,15,1,65,87,0,2,0,73.80000000000001,Medium Risk
S10961,17,65,1,1,0,1,1,23,2,17,1,73,54,1,1,3,63.0,Medium Risk
S10962,17,65,1,1,0,1,1,29,3,15,1,65,87,0,2,0,73.80000000000001,Medium Risk
S10963,17,65,2,0,1,1,1,23,2,17,1,73,54,1,1,3,63.0,Medium Risk
S10964,17,65,2,0,1,1,1,29,3,15,1,65,87,0,2,0,73.80000000000001,Medium Risk
S10965,17,65,1,0,1,1,1,23,2,17,1,73,54,1,1,3,63.0,Medium Risk
S10966,17,65,1,0,1,1,1,29,3,15,1,65,87,0,2,0,73.80000000000001,Medium Risk
S10967,17,65,2,0,1,1,1,23,2,17,1,73,54,1,1,3,63.0,Medium Risk
S10968,17,65,2,0,1,1,1,29,3,15,1,65,87,0,2,0,73.80000000000001,Medium Risk
S10969,17,65,2,1,0,1,1,23,2,17,1,73,54,1,1,3,63.0,Medium Risk
S10970,17,65,2,1,0,1,1,29,3,15,1,65,87,0,2,0,73.80000000000001,Medium Risk
S10971,24,93,1,1,1,1,1,28,3,13,1,95,69,0,2,2,84.0,Low Risk
S10972,24,93,1,1,1,1,1,19,2,4,0,50,97,1,2,0,81.7,Low Risk
S10973,24,93,1,1,1,1,1,18,0,8,1,77,90,1,0,0,87.0,Low Risk
S10974,24,93,1,1,2,1,1,28,3,13,1,95,69,0,2,2,84.0,Low Risk
S10975,24,93,1,1,2,1,1,19,2,4,0,50,97,1,2,0,81.7,Low Risk
S10976,24,93,1,1,2,1,1,18,0,8,1,77,90,1,0,0,87.0,Low Risk
S10977,24,93,0,1,2,1,1,28,3,13,1,95,69,0,2,2,84.0,Low Risk
S10978,24,93,0,1,2,1,1,19,2,4,0,50,97,1,2,0,81.7,Low Risk
S10979,24,93,0,1,2,1,1,18,0,8,1,77,90,1,0,0,87.0,Low Risk
S10980,24,93,2,1,1,1,1,28,3,13,1,95,69,0,2,2,84.0,Low Risk
S10981,24,93,2,1,1,1,1,19,2,4,0,50,97,1,2,0,81.7,Low Risk
S10982,24,93,2,1,1,1,1,18,0,8,1,77,90,1,0,0,87.0,Low Risk
S10983,24,93,1,1,2,1,1,28,3,13,1,95,69,0,2,2,84.0,Low Risk
S10984,24,93,1,1,2,1,1,19,2,4,0,50,97,1,2,0,81.7,Low Risk
S10985,24,93,1,1,2,1,1,18,0,8,1,77,90,1,0,0,87.0,Low Risk
S10986,10,76,1,1,1,1,0,29,2,7,1,94,86,1,0,0,85.39999999999999,Low Risk
S10987,10,76,1,1,1,1,0,28,3,7,0,100,44,1,1,3,70.4,Medium Risk
S10988,10,76,1,1,1,1,0,19,0,12,1,53,54,1,2,3,60.3,Low Risk
S10989,10,76,0,1,0,1,0,29,2,7,1,94,86,1,0,0,85.39999999999999,Low Risk
S10990,10,76,0,1,0,1,0,28,3,7,0,100,44,1,1,3,70.4,Medium Risk
S10991,10,76,0,1,0,1,0,19,0,12,1,53,54,1,2,3,60.3,Low Risk
S10992,23,100,1,1,1,1,1,27,1,12,0,96,90,1,1,0,94.8,Low Risk
S10993,23,100,1,1,1,1,1,19,3,0,1,71,53,1,2,3,72.5,Low Risk
S10994,23,100,1,1,1,1,1,27,1,12,0,96,90,1,1,0,94.8,Low Risk
S10995,23,100,1,1,1,1,1,19,3,0,1,71,53,1,2,3,72.5,Low Risk
S10996,23,100,0,1,1,1,1,27,1,12,0,96,90,1,1,0,94.8,Low Risk
S10997,23,100,0,1,1,1,1,19,3,0,1,71,53,1,2,3,72.5,Low Risk
S10998,32,79,2,1,1,1,1,25,2,8,1,50,98,1,1,0,77.9,Low Risk
S10999,32,79,2,1,1,1,1,26,1,20,1,59,64,0,0,2,67.0,Low Risk
S11000,31,91,1,1,1,1,1,24,3,16,1,91,56,0,2,2,77.0,Low Risk
S11001,31,91,1,1,1,1,1,26,0,17,1,96,65,1,2,2,82.1,Low Risk
S11002,31,91,1,1,1,1,1,23,1,11,1,57,60,1,0,2,68.39999999999999,Low Risk
S11003,31,91,1,1,1,1,1,28,2,2,0,63,94,1,1,0,83.8,Low Risk
S11004,31,91,1,1,1,1,1,21,3,0,1,91,61,0,2,2,79.0,Low Risk
S11005,31,91,1,1,0,1,1,24,3,16,1,91,56,0,2,2,77.0,Low Risk
S11006,31,91,1,1,0,1,1,26,0,17,1,96,65,1,2,2,82.1,Low Risk
S11007,31,91,1,1,0,1,1,23,1,11,1,57,60,1,0,2,68.39999999999999,Low Risk
S11008,31,91,1,1,0,1,1,28,2,2,0,63,94,1,1,0,83.8,Low Risk
S11009,31,91,1,1,0,1,1,21,3,0,1,91,61,0,2,2,79.0,Low Risk
S11010,31,91,2,1,2,1,1,24,3,16,1,91,56,0,2,2,77.0,Low Risk
S11011,31,91,2,1,2,1,1,26,0,17,1,96,65,1,2,2,82.1,Low Risk
S11012,31,91,2,1,2,1,1,23,1,11,1,57,60,1,0,2,68.39999999999999,Low Risk
S11013,31,91,2,1,2,1,1,28,2,2,0,63,94,1,1,0,83.8,Low Risk
S11014,31,91,2,1,2,1,1,21,3,0,1,91,61,0,2,2,79.0,Low Risk
S11015,29,82,2,0,1,1,1,27,1,14,1,62,92,1,1,0,80.0,Low Risk
S11016,29,82,2,0,0,1,1,27,1,14,1,62,92,1,1,0,80.0,Low Risk
S11017,25,86,0,1,1,1,0,22,0,12,0,64,42,1,2,3,61.8,Medium Risk
S11018,22,68,1,1,2,1,0,23,0,14,0,78,47,1,2,3,62.6,Medium Risk
S11019,22,68,1,1,2,1,0,19,1,5,0,83,94,1,2,0,82.9,Medium Risk
S11020,22,68,1,1,2,1,0,28,1,14,0,62,58,0,1,2,62.199999999999996,Medium Risk
S11021,22,68,1,1,2,1,0,28,1,18,1,59,76,1,0,1,68.5,Medium Risk
S11022,22,68,1,0,2,1,0,23,0,14,0,78,47,1,2,3,62.6,Medium Risk
S11023,22,68,1,0,2,1,0,19,1,5,0,83,94,1,2,0,82.9,Medium Risk
S11024,22,68,1,0,2,1,0,28,1,14,0,62,58,0,1,2,62.199999999999996,Medium Risk
S11025,22,68,1,0,2,1,0,28,1,18,1,59,76,1,0,1,68.5,Medium Risk
S11026,22,68,1,0,1,1,0,23,0,14,0,78,47,1,2,3,62.6,Medium Risk
S11027,22,68,1,0,1,1,0,19,1,5,0,83,94,1,2,0,82.9,Medium Risk
S11028,22,68,1,0,1,1,0,28,1,14,0,62,58,0,1,2,62.199999999999996,Medium Risk
S11029,22,68,1,0,1,1,0,28,1,18,1,59,76,1,0,1,68.5,Medium Risk
S11030,33,90,1,1,1,1,1,24,3,14,0,72,91,0,0,0,85.0,Low Risk
S11031,33,90,1,1,1,1,1,20,3,9,0,86,100,1,0,0,92.8,Low Risk
S11032,33,90,1,1,1,1,1,19,0,1,1,79,53,1,2,3,71.9,Low Risk
S11033,33,90,1,1,1,1,1,25,0,4,0,93,48,1,2,3,74.1,Medium Risk
S11034,19,74,2,1,1,1,1,27,2,9,0,65,67,1,2,2,68.5,Medium Risk
S11035,19,74,2,1,1,1,1,20,1,18,1,85,83,1,1,1,80.9,Medium Risk
S11036,19,74,2,0,2,1,1,27,2,9,0,65,67,1,2,2,68.5,Medium Risk
S11037,19,74,2,0,2,1,1,20,1,18,1,85,83,1,1,1,80.9,Medium Risk
S11038,19,74,0,1,1,0,1,27,2,9,0,65,67,1,2,2,68.5,Medium Risk
S11039,19,74,0,1,1,0,1,20,1,18,1,85,83,1,1,1,80.9,Medium Risk
S11040,19,74,0,1,2,0,1,27,2,9,0,65,67,1,2,2,68.5,Medium Risk
S11041,19,74,0,1,2,0,1,20,1,18,1,85,83,1,1,1,80.9,Medium Risk
S11042,19,74,1,0,2,1,1,27,2,9,0,65,67,1,2,2,68.5,Medium Risk
S11043,19,74,1,0,2,1,1,20,1,18,1,85,83,1,1,1,80.9,Medium Risk
S11044,19,74,2,0,2,1,1,27,2,9,0,65,67,1,2,2,68.5,Medium Risk
S11045,19,74,2,0,2,1,1,20,1,18,1,85,83,1,1,1,80.9,Medium Risk
S11046,19,74,1,1,1,1,1,27,2,9,0,65,67,1,2,2,68.5,Medium Risk
S11047,19,74,1,1,1,1,1,20,1,18,1,85,83,1,1,1,80.9,Medium Risk
S11048,19,74,2,0,2,1,1,27,2,9,0,65,67,1,2,2,68.5,Medium Risk
S11049,19,74,2,0,2,1,1,20,1,18,1,85,83,1,1,1,80.9,Medium Risk
S11050,28,80,2,1,0,1,0,19,0,19,0,50,64,1,2,2,64.6,Low Risk
S11051,28,80,2,1,0,1,0,21,1,1,0,67,91,0,1,0,80.5,Low Risk
S11052,28,80,2,0,1,1,0,19,0,19,0,50,64,1,2,2,64.6,Low Risk
S11053,28,80,2,0,1,1,0,21,1,1,0,67,91,0,1,0,80.5,Low Risk
S11054,9,65,1,0,0,1,1,18,1,11,1,79,45,0,1,3,61.2,Medium Risk
S11055,9,65,1,0,0,1,1,27,0,9,1,96,70,0,2,1,76.3,Medium Risk
S11056,9,65,1,1,1,1,1,18,1,11,1,79,45,0,1,3,61.2,Medium Risk
S11057,9,65,1,1,1,1,1,27,0,9,1,96,70,0,2,1,76.3,Medium Risk
S11058,8,85,0,1,0,1,1,19,1,4,1,81,89,1,1,0,85.4,Low Risk
S11059,8,85,0,1,0,1,1,24,1,2,0,64,90,0,2,0,80.7,Low Risk
S11060,13,98,2,1,1,1,0,25,2,5,1,53,46,0,2,3,63.699999999999996,Medium Risk
S11061,13,98,2,1,1,1,0,18,1,5,0,66,74,1,2,1,78.80000000000001,Low Risk
S11062,13,98,0,1,1,1,0,25,2,5,1,53,46,0,2,3,63.699999999999996,Medium Risk
S11063,13,98,0,1,1,1,0,18,1,5,0,66,74,1,2,1,78.80000000000001,Low Risk
S11064,13,98,2,1,1,1,0,25,2,5,1,53,46,0,2,3,63.699999999999996,Medium Risk
S11065,13,98,2,1,1,1,0,18,1,5,0,66,74,1,2,1,78.80000000000001,Low Risk
S11066,24,90,0,1,0,1,0,29,2,15,0,54,75,1,2,1,73.2,Low Risk
S11067,24,90,2,0,2,1,0,29,2,15,0,54,75,1,2,1,73.2,Low Risk
S11068,11,75,1,0,1,1,1,29,2,10,0,77,93,1,0,0,82.8,Low Risk
S11069,11,75,2,1,1,0,1,29,2,10,0,77,93,1,0,0,82.8,Low Risk
S11070,11,79,1,0,0,1,0,28,2,10,1,69,56,1,2,2,66.8,Low Risk
S11071,11,79,1,0,0,1,0,23,2,4,0,82,43,1,2,3,65.5,Medium Risk
S11072,11,79,1,0,0,1,0,20,1,12,0,72,40,1,0,3,61.3,Medium Risk
S11073,11,79,2,1,1,1,0,28,2,10,1,69,56,1,2,2,66.8,Low Risk
S11074,11,79,2,1,1,1,0,23,2,4,0,82,43,1,2,3,65.5,Medium Risk
S11075,11,79,2,1,1,1,0,20,1,12,0,72,40,1,0,3,61.3,Medium Risk
S11076,11,79,1,1,1,1,0,28,2,10,1,69,56,1,2,2,66.8,Low Risk
S11077,11,79,1,1,1,1,0,23,2,4,0,82,43,1,2,3,65.5,Medium Risk
S11078,11,79,1,1,1,1,0,20,1,12,0,72,40,1,0,3,61.3,Medium Risk
S11079,12,69,1,1,0,1,0,23,0,5,1,86,79,1,2,1,78.10000000000001,Medium Risk
S11080,23,97,2,0,1,1,0,27,1,17,1,94,50,0,2,3,77.3,Low Risk
S11081,23,97,2,0,1,1,0,27,2,20,1,73,61,0,0,2,75.39999999999999,Low Risk
S11082,23,97,2,1,1,1,0,27,1,17,1,94,50,0,2,3,77.3,Low Risk
S11083,23,97,2,1,1,1,0,27,2,20,1,73,61,0,0,2,75.39999999999999,Low Risk
S11084,23,97,2,0,0,1,0,27,1,17,1,94,50,0,2,3,77.3,Low Risk
S11085,23,97,2,0,0,1,0,27,2,20,1,73,61,0,0,2,75.39999999999999,Low Risk
S11086,23,97,1,1,0,1,0,27,1,17,1,94,50,0,2,3,77.3,Low Risk
S11087,23,97,1,1,0,1,0,27,2,20,1,73,61,0,0,2,75.39999999999999,Low Risk
S11088,17,62,0,1,0,1,1,26,0,1,1,67,62,1,2,2,63.5,Medium Risk
S11089,17,62,1,0,2,1,1,26,0,1,1,67,62,1,2,2,63.5,Medium Risk
S11090,17,62,1,1,1,1,1,26,0,1,1,67,62,1,2,2,63.5,Medium Risk
S11091,20,78,1,0,1,1,1,19,3,7,1,78,84,1,2,1,80.4,Low Risk
S11092,20,78,1,0,1,1,1,25,3,11,1,76,74,1,2,1,75.80000000000001,Low Risk
S11093,20,78,1,0,1,1,1,27,3,17,1,83,100,1,1,0,88.30000000000001,Low Risk
S11094,20,78,1,0,1,1,1,26,1,16,1,51,40,1,2,3,54.699999999999996,Medium Risk
S11095,20,78,1,0,1,1,1,18,0,3,1,77,96,1,1,0,84.9,Low Risk
S11096,20,78,1,0,1,1,1,25,3,3,1,67,45,0,2,3,61.49999999999999,Medium Risk
S11097,20,78,1,1,0,1,1,19,3,7,1,78,84,1,2,1,80.4,Low Risk
S11098,20,78,1,1,0,1,1,25,3,11,1,76,74,1,2,1,75.80000000000001,Low Risk
S11099,20,78,1,1,0,1,1,27,3,17,1,83,100,1,1,0,88.30000000000001,Low Risk
S11100,20,78,1,1,0,1,1,26,1,16,1,51,40,1,2,3,54.699999999999996,Medium Risk
S11101,20,78,1,1,0,1,1,18,0,3,1,77,96,1,1,0,84.9,Low Risk
S11102,20,78,1,1,0,1,1,25,3,3,1,67,45,0,2,3,61.49999999999999,Medium Risk
S11103,20,78,1,1,1,1,1,19,3,7,1,78,84,1,2,1,80.4,Low Risk
S11104,20,78,1,1,1,1,1,25,3,11,1,76,74,1,2,1,75.80000000000001,Low Risk
S11105,20,78,1,1,1,1,1,27,3,17,1,83,100,1,1,0,88.30000000000001,Low Risk
S11106,20,78,1,1,1,1,1,26,1,16,1,51,40,1,2,3,54.699999999999996,Medium Risk
S11107,20,78,1,1,1,1,1,18,0,3,1,77,96,1,1,0,84.9,Low Risk
S11108,20,78,1,1,1,1,1,25,3,3,1,67,45,0,2,3,61.49999999999999,Medium Risk
S11109,20,78,1,0,2,1,1,19,3,7,1,78,84,1,2,1,80.4,Low Risk
S11110,20,78,1,0,2,1,1,25,3,11,1,76,74,1,2,1,75.80000000000001,Low Risk
S11111,20,78,1,0,2,1,1,27,3,17,1,83,100,1,1,0,88.30000000000001,Low Risk
S11112,20,78,1,0,2,1,1,26,1,16,1,51,40,1,2,3,54.699999999999996,Medium Risk
S11113,20,78,1,0,2,1,1,18,0,3,1,77,96,1,1,0,84.9,Low Risk
S11114,20,78,1,0,2,1,1,25,3,3,1,67,45,0,2,3,61.49999999999999,Medium Risk
S11115,25,95,0,0,0,1,0,28,3,5,0,67,79,1,2,1,80.2,Low Risk
S11116,25,95,2,1,1,1,0,28,3,5,0,67,79,1,2,1,80.2,Low Risk
S11117,16,68,2,1,1,1,1,28,3,2,1,50,96,1,2,0,73.80000000000001,Medium Risk
S11118,16,68,2,1,1,1,1,24,1,15,1,60,76,0,1,1,68.80000000000001,Medium Risk
S11119,16,68,2,1,1,1,1,18,0,17,1,68,46,1,1,3,59.199999999999996,Medium Risk
S11120,16,68,2,1,1,1,1,21,1,0,1,82,45,0,1,3,62.99999999999999,Medium Risk
S11121,16,68,2,1,1,1,1,20,1,8,1,96,66,1,2,2,75.6,Medium Risk
S11122,16,68,1,0,1,1,1,28,3,2,1,50,96,1,2,0,73.80000000000001,Medium Risk
S11123,16,68,1,0,1,1,1,24,1,15,1,60,76,0,1,1,68.80000000000001,Medium Risk
S11124,16,68,1,0,1,1,1,18,0,17,1,68,46,1,1,3,59.199999999999996,Medium Risk
S11125,16,68,1,0,1,1,1,21,1,0,1,82,45,0,1,3,62.99999999999999,Medium Risk
S11126,16,68,1,0,1,1,1,20,1,8,1,96,66,1,2,2,75.6,Medium Risk
S11127,16,68,0,1,1,1,1,28,3,2,1,50,96,1,2,0,73.80000000000001,Medium Risk
S11128,16,68,0,1,1,1,1,24,1,15,1,60,76,0,1,1,68.80000000000001,Medium Risk
S11129,16,68,0,1,1,1,1,18,0,17,1,68,46,1,1,3,59.199999999999996,Medium Risk
S11130,16,68,0,1,1,1,1,21,1,0,1,82,45,0,1,3,62.99999999999999,Medium Risk
S11131,16,68,0,1,1,1,1,20,1,8,1,96,66,1,2,2,75.6,Medium Risk
S11132,16,68,2,1,1,1,1,28,3,2,1,50,96,1,2,0,73.80000000000001,Medium Risk
S11133,16,68,2,1,1,1,1,24,1,15,1,60,76,0,1,1,68.80000000000001,Medium Risk
S11134,16,68,2,1,1,1,1,18,0,17,1,68,46,1,1,3,59.199999999999996,Medium Risk
S11135,16,68,2,1,1,1,1,21,1,0,1,82,45,0,1,3,62.99999999999999,Medium Risk
S11136,16,68,2,1,1,1,1,20,1,8,1,96,66,1,2,2,75.6,Medium Risk
S11137,16,68,1,1,1,0,1,28,3,2,1,50,96,1,2,0,73.80000000000001,Medium Risk
S11138,16,68,1,1,1,0,1,24,1,15,1,60,76,0,1,1,68.80000000000001,Medium Risk
S11139,16,68,1,1,1,0,1,18,0,17,1,68,46,1,1,3,59.199999999999996,Medium Risk
S11140,16,68,1,1,1,0,1,21,1,0,1,82,45,0,1,3,62.99999999999999,Medium Risk
S11141,16,68,1,1,1,0,1,20,1,8,1,96,66,1,2,2,75.6,Medium Risk
S11142,29,71,1,0,0,1,0,28,1,12,0,75,76,1,2,1,74.2,Medium Risk
S11143,29,71,1,0,0,1,0,27,1,14,1,59,100,1,0,0,79.0,Medium Risk
S11144,29,71,1,0,0,1,0,20,0,8,1,74,78,0,0,1,74.7,Medium Risk
S11145,29,71,1,1,1,1,0,28,1,12,0,75,76,1,2,1,74.2,Medium Risk
S11146,29,71,1,1,1,1,0,27,1,14,1,59,100,1,0,0,79.0,Medium Risk
S11147,29,71,1,1,1,1,0,20,0,8,1,74,78,0,0,1,74.7,Medium Risk
S11148,30,79,2,1,1,1,1,18,0,12,0,66,49,1,2,3,63.10000000000001,Medium Risk
S11149,26,98,1,1,1,1,0,20,1,4,0,88,65,1,2,2,81.8,Low Risk
S11150,26,98,1,1,1,1,0,21,2,17,0,95,93,1,2,0,95.1,Low Risk
S11151,26,98,1,1,1,1,0,20,1,4,0,88,65,1,2,2,81.8,Low Risk
S11152,26,98,1,1,1,1,0,21,2,17,0,95,93,1,2,0,95.1,Low Risk
S11153,26,98,0,0,0,1,0,20,1,4,0,88,65,1,2,2,81.8,Low Risk
S11154,26,98,0,0,0,1,0,21,2,17,0,95,93,1,2,0,95.1,Low Risk
S11155,26,98,0,0,0,1,0,20,1,4,0,88,65,1,2,2,81.8,Low Risk
S11156,26,98,0,0,0,1,0,21,2,17,0,95,93,1,2,0,95.1,Low Risk
S11157,23,78,1,1,1,1,0,27,2,16,0,89,43,1,2,3,67.3,Medium Risk
S11158,23,78,1,1,1,1,0,18,0,18,0,81,100,1,2,0,87.69999999999999,Low Risk
S11159,23,78,1,1,1,1,0,25,2,9,0,54,63,1,0,2,64.80000000000001,Low Risk
S11160,23,78,1,1,1,1,0,29,1,9,1,93,65,1,2,2,77.3,Low Risk
S11161,23,78,1,1,1,1,0,27,1,19,0,65,70,1,1,1,70.9,Low Risk
S11162,23,78,1,1,1,1,0,22,3,4,0,67,50,1,2,3,63.49999999999999,Low Risk
S11163,23,78,1,1,1,1,0,19,2,10,0,89,90,1,0,0,86.1,Low Risk
S11164,23,78,1,1,1,1,0,21,3,11,1,95,51,1,2,3,72.30000000000001,Low Risk
S11165,23,78,1,1,1,1,0,27,0,17,1,67,68,1,2,2,70.69999999999999,Low Risk
S11166,23,78,1,1,2,1,0,27,2,16,0,89,43,1,2,3,67.3,Medium Risk
S11167,23,78,1,1,2,1,0,18,0,18,0,81,100,1,2,0,87.69999999999999,Low Risk
S11168,23,78,1,1,2,1,0,25,2,9,0,54,63,1,0,2,64.80000000000001,Low Risk
S11169,23,78,1,1,2,1,0,29,1,9,1,93,65,1,2,2,77.3,Low Risk
S11170,23,78,1,1,2,1,0,27,1,19,0,65,70,1,1,1,70.9,Low Risk
S11171,23,78,1,1,2,1,0,22,3,4,0,67,50,1,2,3,63.49999999999999,Low Risk
S11172,23,78,1,1,2,1,0,19,2,10,0,89,90,1,0,0,86.1,Low Risk
S11173,23,78,1,1,2,1,0,21,3,11,1,95,51,1,2,3,72.30000000000001,Low Risk
S11174,23,78,1,1,2,1,0,27,0,17,1,67,68,1,2,2,70.69999999999999,Low Risk
S11175,23,78,2,0,1,1,0,27,2,16,0,89,43,1,2,3,67.3,Medium Risk
S11176,23,78,2,0,1,1,0,18,0,18,0,81,100,1,2,0,87.69999999999999,Low Risk
S11177,23,78,2,0,1,1,0,25,2,9,0,54,63,1,0,2,64.80000000000001,Low Risk
S11178,23,78,2,0,1,1,0,29,1,9,1,93,65,1,2,2,77.3,Low Risk
S11179,23,78,2,0,1,1,0,27,1,19,0,65,70,1,1,1,70.9,Low Risk
S11180,23,78,2,0,1,1,0,22,3,4,0,67,50,1,2,3,63.49999999999999,Low Risk
S11181,23,78,2,0,1,1,0,19,2,10,0,89,90,1,0,0,86.1,Low Risk
S11182,23,78,2,0,1,1,0,21,3,11,1,95,51,1,2,3,72.30000000000001,Low Risk
S11183,23,78,2,0,1,1,0,27,0,17,1,67,68,1,2,2,70.69999999999999,Low Risk
S11184,23,78,1,1,1,1,0,27,2,16,0,89,43,1,2,3,67.3,Medium Risk
S11185,23,78,1,1,1,1,0,18,0,18,0,81,100,1,2,0,87.69999999999999,Low Risk
S11186,23,78,1,1,1,1,0,25,2,9,0,54,63,1,0,2,64.80000000000001,Low Risk
S11187,23,78,1,1,1,1,0,29,1,9,1,93,65,1,2,2,77.3,Low Risk
S11188,23,78,1,1,1,1,0,27,1,19,0,65,70,1,1,1,70.9,Low Risk
S11189,23,78,1,1,1,1,0,22,3,4,0,67,50,1,2,3,63.49999999999999,Low Risk
S11190,23,78,1,1,1,1,0,19,2,10,0,89,90,1,0,0,86.1,Low Risk
S11191,23,78,1,1,1,1,0,21,3,11,1,95,51,1,2,3,72.30000000000001,Low Risk
S11192,23,78,1,1,1,1,0,27,0,17,1,67,68,1,2,2,70.69999999999999,Low Risk
S11193,23,78,0,0,2,1,0,27,2,16,0,89,43,1,2,3,67.3,Medium Risk
S11194,23,78,0,0,2,1,0,18,0,18,0,81,100,1,2,0,87.69999999999999,Low Risk
S11195,23,78,0,0,2,1,0,25,2,9,0,54,63,1,0,2,64.80000000000001,Low Risk
S11196,23,78,0,0,2,1,0,29,1,9,1,93,65,1,2,2,77.3,Low Risk
S11197,23,78,0,0,2,1,0,27,1,19,0,65,70,1,1,1,70.9,Low Risk
S11198,23,78,0,0,2,1,0,22,3,4,0,67,50,1,2,3,63.49999999999999,Low Risk
S11199,23,78,0,0,2,1,0,19,2,10,0,89,90,1,0,0,86.1,Low Risk
S11200,23,78,0,0,2,1,0,21,3,11,1,95,51,1,2,3,72.30000000000001,Low Risk
S11201,23,78,0,0,2,1,0,27,0,17,1,67,68,1,2,2,70.69999999999999,Low Risk
S11202,11,70,0,1,0,1,0,22,3,15,1,94,90,1,1,0,85.2,Medium Risk
S11203,11,70,2,1,0,1,0,22,3,15,1,94,90,1,1,0,85.2,Medium Risk
S11204,11,70,1,0,1,1,0,22,3,15,1,94,90,1,1,0,85.2,Medium Risk
S11205,14,63,1,0,0,1,0,23,2,15,1,52,72,0,1,1,63.3,Medium Risk
S11206,14,63,2,0,1,1,0,23,2,15,1,52,72,0,1,1,63.3,Medium Risk
S11207,14,63,0,1,1,1,0,23,2,15,1,52,72,0,1,1,63.3,Medium Risk
S11208,22,68,2,0,2,1,1,25,3,6,0,75,88,0,2,0,78.1,Medium Risk
S11209,22,68,0,1,1,1,1,25,3,6,0,75,88,0,2,0,78.1,Medium Risk
S11210,22,68,2,1,1,0,1,25,3,6,0,75,88,0,2,0,78.1,Medium Risk
S11211,22,68,2,0,1,1,1,25,3,6,0,75,88,0,2,0,78.1,Medium Risk
S11212,39,92,1,0,1,1,1,19,0,16,0,89,81,1,2,1,86.69999999999999,Low Risk
S11213,39,92,1,0,1,1,1,22,2,20,0,91,70,1,1,1,82.89999999999999,Low Risk
S11214,39,92,1,0,1,1,1,23,3,10,0,83,54,0,1,3,74.1,Low Risk
S11215,39,92,1,0,1,1,1,22,2,13,1,66,40,1,0,3,63.39999999999999,Medium Risk
S11216,39,92,1,0,1,1,1,23,2,12,1,58,88,1,1,0,80.2,Low Risk
S11217,39,92,1,0,1,1,1,24,1,1,1,62,85,1,2,0,80.19999999999999,Low Risk
S11218,24,99,1,0,0,1,1,26,3,8,1,84,55,0,1,2,76.9,Low Risk
S11219,24,99,1,0,0,1,1,18,0,20,0,53,56,1,0,2,68.0,Low Risk
S11220,24,99,1,1,1,1,1,26,3,8,1,84,55,0,1,2,76.9,Low Risk
S11221,24,99,1,1,1,1,1,18,0,20,0,53,56,1,0,2,68.0,Low Risk
S11222,24,99,0,1,0,1,1,26,3,8,1,84,55,0,1,2,76.9,Low Risk
S11223,24,99,0,1,0,1,1,18,0,20,0,53,56,1,0,2,68.0,Low Risk
S11224,24,99,1,0,0,1,1,26,3,8,1,84,55,0,1,2,76.9,Low Risk
S11225,24,99,1,0,0,1,1,18,0,20,0,53,56,1,0,2,68.0,Low Risk
S11226,24,99,1,0,2,1,1,26,3,8,1,84,55,0,1,2,76.9,Low Risk
S11227,24,99,1,0,2,1,1,18,0,20,0,53,56,1,0,2,68.0,Low Risk
S11228,23,89,2,0,0,1,1,18,3,8,0,56,61,1,0,2,67.9,Low Risk
S11229,23,89,2,0,0,1,1,24,0,20,0,89,100,1,1,0,93.4,Low Risk
S11230,23,89,2,0,0,1,1,27,1,7,1,75,46,1,1,3,67.60000000000001,Medium Risk
S11231,23,89,2,0,0,1,1,25,0,2,1,76,54,0,0,3,71.10000000000001,Low Risk
S11232,23,89,2,0,1,1,1,18,3,8,0,56,61,1,0,2,67.9,Low Risk
S11233,23,89,2,0,1,1,1,24,0,20,0,89,100,1,1,0,93.4,Low Risk
S11234,23,89,2,0,1,1,1,27,1,7,1,75,46,1,1,3,67.60000000000001,Medium Risk
S11235,23,89,2,0,1,1,1,25,0,2,1,76,54,0,0,3,71.10000000000001,Low Risk
S11236,23,89,1,0,0,1,1,18,3,8,0,56,61,1,0,2,67.9,Low Risk
S11237,23,89,1,0,0,1,1,24,0,20,0,89,100,1,1,0,93.4,Low Risk
S11238,23,89,1,0,0,1,1,27,1,7,1,75,46,1,1,3,67.60000000000001,Medium Risk
S11239,23,89,1,0,0,1,1,25,0,2,1,76,54,0,0,3,71.10000000000001,Low Risk
S11240,23,89,2,1,0,1,1,18,3,8,0,56,61,1,0,2,67.9,Low Risk
S11241,23,89,2,1,0,1,1,24,0,20,0,89,100,1,1,0,93.4,Low Risk
S11242,23,89,2,1,0,1,1,27,1,7,1,75,46,1,1,3,67.60000000000001,Medium Risk
S11243,23,89,2,1,0,1,1,25,0,2,1,76,54,0,0,3,71.10000000000001,Low Risk
S11244,23,89,2,1,1,1,1,18,3,8,0,56,61,1,0,2,67.9,Low Risk
S11245,23,89,2,1,1,1,1,24,0,20,0,89,100,1,1,0,93.4,Low Risk
S11246,23,89,2,1,1,1,1,27,1,7,1,75,46,1,1,3,67.60000000000001,Medium Risk
S11247,23,89,2,1,1,1,1,25,0,2,1,76,54,0,0,3,71.10000000000001,Low Risk
S11248,23,89,1,0,2,1,1,18,3,8,0,56,61,1,0,2,67.9,Low Risk
S11249,23,89,1,0,2,1,1,24,0,20,0,89,100,1,1,0,93.4,Low Risk
S11250,23,89,1,0,2,1,1,27,1,7,1,75,46,1,1,3,67.60000000000001,Medium Risk
S11251,23,89,1,0,2,1,1,25,0,2,1,76,54,0,0,3,71.10000000000001,Low Risk
S11252,23,89,0,0,1,1,1,18,3,8,0,56,61,1,0,2,67.9,Low Risk
S11253,23,89,0,0,1,1,1,24,0,20,0,89,100,1,1,0,93.4,Low Risk
S11254,23,89,0,0,1,1,1,27,1,7,1,75,46,1,1,3,67.60000000000001,Medium Risk
S11255,23,89,0,0,1,1,1,25,0,2,1,76,54,0,0,3,71.10000000000001,Low Risk
S11256,25,75,2,0,2,1,1,18,3,17,1,81,63,1,0,2,72.0,Low Risk
S11257,25,75,2,0,2,1,1,19,3,11,0,68,90,1,1,0,78.9,Low Risk
S11258,25,75,2,0,2,1,1,21,3,7,1,67,76,1,2,1,73.0,Low Risk
S11259,25,75,2,0,2,1,1,21,1,13,0,85,79,1,2,1,79.6,Low Risk
S11260,25,75,2,0,2,1,1,26,0,11,1,66,97,1,1,0,81.10000000000001,Low Risk
S11261,25,75,1,1,0,1,1,18,3,17,1,81,63,1,0,2,72.0,Low Risk
S11262,25,75,1,1,0,1,1,19,3,11,0,68,90,1,1,0,78.9,Low Risk
S11263,25,75,1,1,0,1,1,21,3,7,1,67,76,1,2,1,73.0,Low Risk
S11264,25,75,1,1,0,1,1,21,1,13,0,85,79,1,2,1,79.6,Low Risk
S11265,25,75,1,1,0,1,1,26,0,11,1,66,97,1,1,0,81.10000000000001,Low Risk
S11266,25,75,2,1,2,1,1,18,3,17,1,81,63,1,0,2,72.0,Low Risk
S11267,25,75,2,1,2,1,1,19,3,11,0,68,90,1,1,0,78.9,Low Risk
S11268,25,75,2,1,2,1,1,21,3,7,1,67,76,1,2,1,73.0,Low Risk
S11269,25,75,2,1,2,1,1,21,1,13,0,85,79,1,2,1,79.6,Low Risk
S11270,25,75,2,1,2,1,1,26,0,11,1,66,97,1,1,0,81.10000000000001,Low Risk
S11271,25,75,0,1,1,1,1,18,3,17,1,81,63,1,0,2,72.0,Low Risk
S11272,25,75,0,1,1,1,1,19,3,11,0,68,90,1,1,0,78.9,Low Risk
S11273,25,75,0,1,1,1,1,21,3,7,1,67,76,1,2,1,73.0,Low Risk
S11274,25,75,0,1,1,1,1,21,1,13,0,85,79,1,2,1,79.6,Low Risk
S11275,25,75,0,1,1,1,1,26,0,11,1,66,97,1,1,0,81.10000000000001,Low Risk
S11276,25,75,0,1,2,1,1,18,3,17,1,81,63,1,0,2,72.0,Low Risk
S11277,25,75,0,1,2,1,1,19,3,11,0,68,90,1,1,0,78.9,Low Risk
S11278,25,75,0,1,2,1,1,21,3,7,1,67,76,1,2,1,73.0,Low Risk
S11279,25,75,0,1,2,1,1,21,1,13,0,85,79,1,2,1,79.6,Low Risk
S11280,25,75,0,1,2,1,1,26,0,11,1,66,97,1,1,0,81.10000000000001,Low Risk
S11281,25,75,2,1,0,1,1,18,3,17,1,81,63,1,0,2,72.0,Low Risk
S11282,25,75,2,1,0,1,1,19,3,11,0,68,90,1,1,0,78.9,Low Risk
S11283,25,75,2,1,0,1,1,21,3,7,1,67,76,1,2,1,73.0,Low Risk
S11284,25,75,2,1,0,1,1,21,1,13,0,85,79,1,2,1,79.6,Low Risk
S11285,25,75,2,1,0,1,1,26,0,11,1,66,97,1,1,0,81.10000000000001,Low Risk
S11286,31,78,2,1,0,1,1,24,0,16,1,83,62,0,0,2,73.1,Low Risk
S11287,31,78,2,1,0,1,1,21,0,15,1,50,92,0,2,0,75.2,Low Risk
S11288,31,78,2,1,0,1,1,21,0,4,1,100,85,1,0,0,87.4,Low Risk
S11289,31,78,2,1,0,1,1,19,3,17,1,97,84,1,2,1,86.1,Low Risk
S11290,31,78,2,1,0,1,1,20,3,6,1,74,90,1,1,0,81.6,Low Risk
S11291,31,78,2,1,0,1,1,18,2,6,0,92,57,0,0,2,73.8,Low Risk
S11292,24,64,1,1,1,1,0,29,3,6,1,60,92,0,1,0,74.0,Medium Risk
S11293,24,64,1,1,1,1,0,22,0,4,1,96,85,1,1,0,82.0,Medium Risk
S11294,24,64,1,1,1,1,0,21,2,18,0,92,97,1,2,0,85.60000000000001,Medium Risk
S11295,24,64,1,1,1,1,0,21,0,11,1,84,42,0,2,3,61.2,Medium Risk
S11296,25,85,0,1,1,1,1,23,0,12,1,55,63,1,0,2,67.2,Low Risk
S11297,25,85,0,1,1,1,1,28,0,4,1,71,97,0,1,0,85.60000000000001,Low Risk
S11298,25,85,1,0,1,1,1,23,0,12,1,55,63,1,0,2,67.2,Low Risk
S11299,25,85,1,0,1,1,1,28,0,4,1,71,97,0,1,0,85.60000000000001,Low Risk
S11300,25,85,1,1,1,1,1,23,0,12,1,55,63,1,0,2,67.2,Low Risk
S11301,25,85,1,1,1,1,1,28,0,4,1,71,97,0,1,0,85.60000000000001,Low Risk
S11302,16,82,2,1,1,1,1,23,3,1,1,69,59,1,0,2,68.89999999999999,Low Risk
S11303,16,82,2,1,1,1,1,26,3,1,0,85,60,1,1,2,74.1,Low Risk
S11304,16,82,2,1,1,1,1,19,2,18,1,50,81,1,2,1,72.0,Low Risk
S11305,16,82,1,1,1,1,1,23,3,1,1,69,59,1,0,2,68.89999999999999,Low Risk
S11306,16,82,1,1,1,1,1,26,3,1,0,85,60,1,1,2,74.1,Low Risk
S11307,16,82,1,1,1,1,1,19,2,18,1,50,81,1,2,1,72.0,Low Risk
S11308,16,82,1,1,2,1,1,23,3,1,1,69,59,1,0,2,68.89999999999999,Low Risk
S11309,16,82,1,1,2,1,1,26,3,1,0,85,60,1,1,2,74.1,Low Risk
S11310,16,82,1,1,2,1,1,19,2,18,1,50,81,1,2,1,72.0,Low Risk
S11311,16,82,2,0,0,1,1,23,3,1,1,69,59,1,0,2,68.89999999999999,Low Risk
S11312,16,82,2,0,0,1,1,26,3,1,0,85,60,1,1,2,74.1,Low Risk
S11313,16,82,2,0,0,1,1,19,2,18,1,50,81,1,2,1,72.0,Low Risk
S11314,16,82,0,0,0,1,1,23,3,1,1,69,59,1,0,2,68.89999999999999,Low Risk
S11315,16,82,0,0,0,1,1,26,3,1,0,85,60,1,1,2,74.1,Low Risk
S11316,16,82,0,0,0,1,1,19,2,18,1,50,81,1,2,1,72.0,Low Risk
S11317,16,82,1,0,1,1,1,23,3,1,1,69,59,1,0,2,68.89999999999999,Low Risk
S11318,16,82,1,0,1,1,1,26,3,1,0,85,60,1,1,2,74.1,Low Risk
S11319,16,82,1,0,1,1,1,19,2,18,1,50,81,1,2,1,72.0,Low Risk
S11320,16,82,2,1,0,1,1,23,3,1,1,69,59,1,0,2,68.89999999999999,Low Risk
S11321,16,82,2,1,0,1,1,26,3,1,0,85,60,1,1,2,74.1,Low Risk
S11322,16,82,2,1,0,1,1,19,2,18,1,50,81,1,2,1,72.0,Low Risk
S11323,16,82,1,1,1,1,1,23,3,1,1,69,59,1,0,2,68.89999999999999,Low Risk
S11324,16,82,1,1,1,1,1,26,3,1,0,85,60,1,1,2,74.1,Low Risk
S11325,16,82,1,1,1,1,1,19,2,18,1,50,81,1,2,1,72.0,Low Risk
S11326,16,82,2,1,1,1,1,23,3,1,1,69,59,1,0,2,68.89999999999999,Low Risk
S11327,16,82,2,1,1,1,1,26,3,1,0,85,60,1,1,2,74.1,Low Risk
S11328,16,82,2,1,1,1,1,19,2,18,1,50,81,1,2,1,72.0,Low Risk
S11329,23,82,1,0,1,1,0,28,1,8,1,69,54,1,1,3,66.89999999999999,Low Risk
S11330,23,82,1,0,1,1,0,23,0,17,1,61,70,1,2,1,70.89999999999999,Low Risk
S11331,23,82,0,0,2,1,0,28,1,8,1,69,54,1,1,3,66.89999999999999,Low Risk
S11332,23,82,0,0,2,1,0,23,0,17,1,61,70,1,2,1,70.89999999999999,Low Risk
S11333,23,82,1,1,1,1,0,28,1,8,1,69,54,1,1,3,66.89999999999999,Low Risk
S11334,23,82,1,1,1,1,0,23,0,17,1,61,70,1,2,1,70.89999999999999,Low Risk
S11335,25,71,2,1,1,1,0,29,2,12,1,74,59,1,0,2,67.1,Medium Risk
S11336,25,71,1,1,0,1,0,29,2,12,1,74,59,1,0,2,67.1,Medium Risk
S11337,30,90,1,0,2,1,1,19,2,0,1,89,97,1,1,0,92.5,Low Risk
S11338,20,99,1,0,1,1,1,23,0,17,1,78,59,1,2,2,76.7,Low Risk
S11339,20,99,1,0,1,1,1,25,3,2,0,78,71,0,0,1,81.5,Low Risk
S11340,20,99,0,1,2,1,1,23,0,17,1,78,59,1,2,2,76.7,Low Risk
S11341,20,99,0,1,2,1,1,25,3,2,0,78,71,0,0,1,81.5,Low Risk
S11342,20,99,0,1,0,1,1,23,0,17,1,78,59,1,2,2,76.7,Low Risk
S11343,20,99,0,1,0,1,1,25,3,2,0,78,71,0,0,1,81.5,Low Risk
S11344,20,99,0,0,0,1,1,23,0,17,1,78,59,1,2,2,76.7,Low Risk
S11345,20,99,0,0,0,1,1,25,3,2,0,78,71,0,0,1,81.5,Low Risk
S11346,20,99,0,0,0,1,1,23,0,17,1,78,59,1,2,2,76.7,Low Risk
S11347,20,99,0,0,0,1,1,25,3,2,0,78,71,0,0,1,81.5,Low Risk
S11348,20,99,1,1,1,1,1,23,0,17,1,78,59,1,2,2,76.7,Low Risk
S11349,20,99,1,1,1,1,1,25,3,2,0,78,71,0,0,1,81.5,Low Risk
S11350,20,99,0,1,2,1,1,23,0,17,1,78,59,1,2,2,76.7,Low Risk
S11351,20,99,0,1,2,1,1,25,3,2,0,78,71,0,0,1,81.5,Low Risk
S11352,20,99,1,0,2,1,1,23,0,17,1,78,59,1,2,2,76.7,Low Risk
S11353,20,99,1,0,2,1,1,25,3,2,0,78,71,0,0,1,81.5,Low Risk
S11354,24,62,2,0,0,1,0,27,3,18,1,76,88,1,2,0,76.6,Medium Risk
S11355,24,62,2,0,0,1,0,29,1,11,0,50,100,1,2,0,73.6,Medium Risk
S11356,24,62,2,0,0,1,0,26,3,16,1,100,78,1,1,1,79.8,Medium Risk
S11357,24,62,0,1,1,1,0,27,3,18,1,76,88,1,2,0,76.6,Medium Risk
S11358,24,62,0,1,1,1,0,29,1,11,0,50,100,1,2,0,73.6,Medium Risk
S11359,24,62,0,1,1,1,0,26,3,16,1,100,78,1,1,1,79.8,Medium Risk
S11360,24,62,2,0,0,1,0,27,3,18,1,76,88,1,2,0,76.6,Medium Risk
S11361,24,62,2,0,0,1,0,29,1,11,0,50,100,1,2,0,73.6,Medium Risk
S11362,24,62,2,0,0,1,0,26,3,16,1,100,78,1,1,1,79.8,Medium Risk
S11363,24,62,2,1,1,1,0,27,3,18,1,76,88,1,2,0,76.6,Medium Risk
S11364,24,62,2,1,1,1,0,29,1,11,0,50,100,1,2,0,73.6,Medium Risk
S11365,24,62,2,1,1,1,0,26,3,16,1,100,78,1,1,1,79.8,Medium Risk
S11366,24,62,1,0,1,1,0,27,3,18,1,76,88,1,2,0,76.6,Medium Risk
S11367,24,62,1,0,1,1,0,29,1,11,0,50,100,1,2,0,73.6,Medium Risk
S11368,24,62,1,0,1,1,0,26,3,16,1,100,78,1,1,1,79.8,Medium Risk
S11369,11,80,1,1,0,1,1,26,2,12,1,98,42,1,1,3,70.2,Medium Risk
S11370,11,80,1,1,0,1,1,29,2,1,1,79,66,0,2,2,74.1,Low Risk
S11371,18,96,1,0,0,1,0,24,0,6,0,97,42,1,1,3,74.69999999999999,Medium Risk
S11372,18,96,2,0,1,1,0,24,0,6,0,97,42,1,1,3,74.69999999999999,Medium Risk
S11373,18,96,0,1,1,1,0,24,0,6,0,97,42,1,1,3,74.69999999999999,Medium Risk
S11374,18,96,1,1,1,1,0,24,0,6,0,97,42,1,1,3,74.69999999999999,Medium Risk
S11375,18,96,1,1,0,1,0,24,0,6,0,97,42,1,1,3,74.69999999999999,Medium Risk
S11376,18,96,1,1,1,1,0,24,0,6,0,97,42,1,1,3,74.69999999999999,Medium Risk
S11377,18,96,0,1,0,1,0,24,0,6,0,97,42,1,1,3,74.69999999999999,Medium Risk
S11378,18,96,0,0,0,1,0,24,0,6,0,97,42,1,1,3,74.69999999999999,Medium Risk
S11379,23,90,1,1,1,1,1,28,3,10,0,86,95,0,2,0,90.8,Low Risk
S11380,23,90,1,1,1,1,1,18,1,9,0,70,41,0,2,3,64.4,Medium Risk
S11381,23,90,1,1,1,1,1,28,0,0,1,93,44,1,1,3,72.5,Medium Risk
S11382,23,90,1,1,1,1,1,25,3,20,1,74,62,1,1,2,74.0,Low Risk
S11383,23,90,0,0,0,1,1,28,3,10,0,86,95,0,2,0,90.8,Low Risk
S11384,23,90,0,0,0,1,1,18,1,9,0,70,41,0,2,3,64.4,Medium Risk
S11385,23,90,0,0,0,1,1,28,0,0,1,93,44,1,1,3,72.5,Medium Risk
S11386,23,90,0,0,0,1,1,25,3,20,1,74,62,1,1,2,74.0,Low Risk
S11387,23,90,1,1,0,1,1,28,3,10,0,86,95,0,2,0,90.8,Low Risk
S11388,23,90,1,1,0,1,1,18,1,9,0,70,41,0,2,3,64.4,Medium Risk
S11389,23,90,1,1,0,1,1,28,0,0,1,93,44,1,1,3,72.5,Medium Risk
S11390,23,90,1,1,0,1,1,25,3,20,1,74,62,1,1,2,74.0,Low Risk
S11391,23,90,2,1,2,0,1,28,3,10,0,86,95,0,2,0,90.8,Low Risk
S11392,23,90,2,1,2,0,1,18,1,9,0,70,41,0,2,3,64.4,Medium Risk
S11393,23,90,2,1,2,0,1,28,0,0,1,93,44,1,1,3,72.5,Medium Risk
S11394,23,90,2,1,2,0,1,25,3,20,1,74,62,1,1,2,74.0,Low Risk
S11395,23,90,1,0,0,1,1,28,3,10,0,86,95,0,2,0,90.8,Low Risk
S11396,23,90,1,0,0,1,1,18,1,9,0,70,41,0,2,3,64.4,Medium Risk
S11397,23,90,1,0,0,1,1,28,0,0,1,93,44,1,1,3,72.5,Medium Risk
S11398,23,90,1,0,0,1,1,25,3,20,1,74,62,1,1,2,74.0,Low Risk
S11399,23,90,1,1,1,1,1,28,3,10,0,86,95,0,2,0,90.8,Low Risk
S11400,23,90,1,1,1,1,1,18,1,9,0,70,41,0,2,3,64.4,Medium Risk
S11401,23,90,1,1,1,1,1,28,0,0,1,93,44,1,1,3,72.5,Medium Risk
S11402,23,90,1,1,1,1,1,25,3,20,1,74,62,1,1,2,74.0,Low Risk
S11403,7,75,2,1,1,1,0,27,3,6,0,62,47,0,2,3,59.9,Medium Risk
S11404,7,75,2,1,1,1,0,19,2,12,0,65,40,1,1,3,58.0,Medium Risk
S11405,27,68,1,0,1,1,0,26,3,0,0,74,73,0,2,1,71.80000000000001,Medium Risk
S11406,27,68,1,0,1,1,0,23,0,18,1,50,52,1,1,3,56.199999999999996,Medium Risk
S11407,27,68,2,0,1,1,0,26,3,0,0,74,73,0,2,1,71.80000000000001,Medium Risk
S11408,27,68,2,0,1,1,0,23,0,18,1,50,52,1,1,3,56.199999999999996,Medium Risk
S11409,27,68,1,0,1,1,0,26,3,0,0,74,73,0,2,1,71.80000000000001,Medium Risk
S11410,27,68,1,0,1,1,0,23,0,18,1,50,52,1,1,3,56.199999999999996,Medium Risk
S11411,9,78,1,1,0,1,1,23,3,3,1,53,83,0,1,1,72.5,Low Risk
S11412,9,78,1,1,0,1,1,25,1,8,1,64,99,0,2,0,82.19999999999999,Low Risk
S11413,9,78,1,1,0,1,1,22,3,11,1,62,57,0,2,2,64.8,Low Risk
S11414,9,78,1,0,0,1,1,23,3,3,1,53,83,0,1,1,72.5,Low Risk
S11415,9,78,1,0,0,1,1,25,1,8,1,64,99,0,2,0,82.19999999999999,Low Risk
S11416,9,78,1,0,0,1,1,22,3,11,1,62,57,0,2,2,64.8,Low Risk
S11417,9,78,2,0,1,1,1,23,3,3,1,53,83,0,1,1,72.5,Low Risk
S11418,9,78,2,0,1,1,1,25,1,8,1,64,99,0,2,0,82.19999999999999,Low Risk
S11419,9,78,2,0,1,1,1,22,3,11,1,62,57,0,2,2,64.8,Low Risk
S11420,14,77,2,0,0,1,1,20,1,2,1,52,83,1,0,1,71.9,Low Risk
S11421,14,77,2,0,0,1,1,21,3,14,0,97,70,1,2,1,80.19999999999999,Low Risk
S11422,14,77,2,0,0,1,1,23,0,12,0,68,91,0,0,0,79.89999999999999,Low Risk
S11423,14,77,2,0,0,1,1,22,0,18,0,60,59,1,0,2,64.7,Low Risk
S11424,14,77,1,1,1,1,1,20,1,2,1,52,83,1,0,1,71.9,Low Risk
S11425,14,77,1,1,1,1,1,21,3,14,0,97,70,1,2,1,80.19999999999999,Low Risk
S11426,14,77,1,1,1,1,1,23,0,12,0,68,91,0,0,0,79.89999999999999,Low Risk
S11427,14,77,1,1,1,1,1,22,0,18,0,60,59,1,0,2,64.7,Low Risk
S11428,14,77,1,1,0,1,1,20,1,2,1,52,83,1,0,1,71.9,Low Risk
S11429,14,77,1,1,0,1,1,21,3,14,0,97,70,1,2,1,80.19999999999999,Low Risk
S11430,14,77,1,1,0,1,1,23,0,12,0,68,91,0,0,0,79.89999999999999,Low Risk
S11431,14,77,1,1,0,1,1,22,0,18,0,60,59,1,0,2,64.7,Low Risk
S11432,14,77,2,1,0,1,1,20,1,2,1,52,83,1,0,1,71.9,Low Risk
S11433,14,77,2,1,0,1,1,21,3,14,0,97,70,1,2,1,80.19999999999999,Low Risk
S11434,14,77,2,1,0,1,1,23,0,12,0,68,91,0,0,0,79.89999999999999,Low Risk
S11435,14,77,2,1,0,1,1,22,0,18,0,60,59,1,0,2,64.7,Low Risk
S11436,14,77,0,0,1,1,1,20,1,2,1,52,83,1,0,1,71.9,Low Risk
S11437,14,77,0,0,1,1,1,21,3,14,0,97,70,1,2,1,80.19999999999999,Low Risk
S11438,14,77,0,0,1,1,1,23,0,12,0,68,91,0,0,0,79.89999999999999,Low Risk
S11439,14,77,0,0,1,1,1,22,0,18,0,60,59,1,0,2,64.7,Low Risk
S11440,14,77,1,1,0,1,1,20,1,2,1,52,83,1,0,1,71.9,Low Risk
S11441,14,77,1,1,0,1,1,21,3,14,0,97,70,1,2,1,80.19999999999999,Low Risk
S11442,14,77,1,1,0,1,1,23,0,12,0,68,91,0,0,0,79.89999999999999,Low Risk
S11443,14,77,1,1,0,1,1,22,0,18,0,60,59,1,0,2,64.7,Low Risk
S11444,14,77,1,0,2,1,1,20,1,2,1,52,83,1,0,1,71.9,Low Risk
S11445,14,77,1,0,2,1,1,21,3,14,0,97,70,1,2,1,80.19999999999999,Low Risk
S11446,14,77,1,0,2,1,1,23,0,12,0,68,91,0,0,0,79.89999999999999,Low Risk
S11447,14,77,1,0,2,1,1,22,0,18,0,60,59,1,0,2,64.7,Low Risk
S11448,11,82,0,0,0,1,0,29,2,9,1,92,49,0,2,3,71.8,Medium Risk
S11449,11,82,0,0,0,1,0,23,3,14,0,87,59,1,2,2,74.3,Low Risk
S11450,11,82,1,1,1,0,0,29,2,9,1,92,49,0,2,3,71.8,Medium Risk
S11451,11,82,1,1,1,0,0,23,3,14,0,87,59,1,2,2,74.3,Low Risk
S11452,11,82,2,0,2,1,0,29,2,9,1,92,49,0,2,3,71.8,Medium Risk
S11453,11,82,2,0,2,1,0,23,3,14,0,87,59,1,2,2,74.3,Low Risk
S11454,10,90,1,1,0,1,0,23,2,8,0,96,98,1,0,0,95.0,Low Risk
S11455,10,90,1,1,0,1,0,23,1,11,1,66,100,1,0,0,86.8,Low Risk
S11456,29,85,1,1,2,0,1,28,3,16,1,89,71,1,2,1,80.6,Low Risk
S11457,29,85,1,1,2,0,1,22,0,17,1,94,50,1,2,3,73.7,Low Risk
S11458,29,85,1,1,2,0,1,22,2,15,0,81,100,1,2,0,89.8,Low Risk
S11459,12,74,0,1,0,1,1,22,2,6,1,93,86,1,2,0,84.5,Medium Risk
S11460,12,74,1,0,1,1,1,22,2,6,1,93,86,1,2,0,84.5,Medium Risk
S11461,12,74,1,0,2,1,1,22,2,6,1,93,86,1,2,0,84.5,Medium Risk
S11462,12,74,2,1,2,1,1,22,2,6,1,93,86,1,2,0,84.5,Medium Risk
S11463,18,79,1,1,0,1,0,23,1,12,0,63,65,1,1,2,68.6,Low Risk
S11464,18,79,1,1,0,1,0,22,0,14,1,91,89,1,2,0,86.60000000000001,Low Risk
S11465,18,79,1,1,0,1,0,21,1,8,1,71,70,1,0,1,73.0,Low Risk
S11466,18,79,1,1,1,1,0,23,1,12,0,63,65,1,1,2,68.6,Low Risk
S11467,18,79,1,1,1,1,0,22,0,14,1,91,89,1,2,0,86.60000000000001,Low Risk
S11468,18,79,1,1,1,1,0,21,1,8,1,71,70,1,0,1,73.0,Low Risk
S11469,18,79,1,0,2,1,0,23,1,12,0,63,65,1,1,2,68.6,Low Risk
S11470,18,79,1,0,2,1,0,22,0,14,1,91,89,1,2,0,86.60000000000001,Low Risk
S11471,18,79,1,0,2,1,0,21,1,8,1,71,70,1,0,1,73.0,Low Risk
S11472,18,79,1,0,1,0,0,23,1,12,0,63,65,1,1,2,68.6,Low Risk
S11473,18,79,1,0,1,0,0,22,0,14,1,91,89,1,2,0,86.60000000000001,Low Risk
S11474,18,79,1,0,1,0,0,21,1,8,1,71,70,1,0,1,73.0,Low Risk
S11475,18,79,1,1,1,1,0,23,1,12,0,63,65,1,1,2,68.6,Low Risk
S11476,18,79,1,1,1,1,0,22,0,14,1,91,89,1,2,0,86.60000000000001,Low Risk
S11477,18,79,1,1,1,1,0,21,1,8,1,71,70,1,0,1,73.0,Low Risk
S11478,18,79,2,0,0,1,0,23,1,12,0,63,65,1,1,2,68.6,Low Risk
S11479,18,79,2,0,0,1,0,22,0,14,1,91,89,1,2,0,86.60000000000001,Low Risk
S11480,18,79,2,0,0,1,0,21,1,8,1,71,70,1,0,1,73.0,Low Risk
S11481,18,79,2,1,1,1,0,23,1,12,0,63,65,1,1,2,68.6,Low Risk
S11482,18,79,2,1,1,1,0,22,0,14,1,91,89,1,2,0,86.60000000000001,Low Risk
S11483,18,79,2,1,1,1,0,21,1,8,1,71,70,1,0,1,73.0,Low Risk
S11484,14,88,1,1,1,1,0,20,1,5,1,64,65,1,1,2,71.6,Low Risk
S11485,14,88,1,1,1,1,0,24,2,6,1,95,55,1,2,2,76.9,Low Risk
S11486,25,92,2,0,1,1,0,18,2,10,1,63,69,1,2,2,74.1,Low Risk
S11487,25,92,2,0,1,1,0,20,3,19,0,55,40,1,1,3,60.099999999999994,Medium Risk
S11488,25,92,2,0,1,1,0,24,3,5,1,56,100,1,0,0,84.39999999999999,Low Risk
S11489,25,92,2,1,1,1,0,18,2,10,1,63,69,1,2,2,74.1,Low Risk
S11490,25,92,2,1,1,1,0,20,3,19,0,55,40,1,1,3,60.099999999999994,Medium Risk
S11491,25,92,2,1,1,1,0,24,3,5,1,56,100,1,0,0,84.39999999999999,Low Risk
S11492,25,92,1,1,1,1,0,18,2,10,1,63,69,1,2,2,74.1,Low Risk
S11493,25,92,1,1,1,1,0,20,3,19,0,55,40,1,1,3,60.099999999999994,Medium Risk
S11494,25,92,1,1,1,1,0,24,3,5,1,56,100,1,0,0,84.39999999999999,Low Risk
S11495,25,92,1,0,2,1,0,18,2,10,1,63,69,1,2,2,74.1,Low Risk
S11496,25,92,1,0,2,1,0,20,3,19,0,55,40,1,1,3,60.099999999999994,Medium Risk
S11497,25,92,1,0,2,1,0,24,3,5,1,56,100,1,0,0,84.39999999999999,Low Risk
S11498,26,68,2,0,0,1,0,19,3,9,0,94,49,0,2,3,68.19999999999999,Medium Risk
S11499,26,68,2,0,0,1,0,25,2,7,0,55,60,1,0,2,60.9,Medium Risk
S11500,26,68,1,1,2,1,0,19,3,9,0,94,49,0,2,3,68.19999999999999,Medium Risk
S11501,26,68,1,1,2,1,0,25,2,7,0,55,60,1,0,2,60.9,Medium Risk
S11502,18,65,1,1,1,1,0,21,0,14,1,99,81,0,1,1,81.6,Medium Risk
S11503,18,65,1,1,1,1,0,21,2,15,1,61,45,1,2,3,55.8,Medium Risk
S11504,18,65,2,1,0,1,0,21,0,14,1,99,81,0,1,1,81.6,Medium Risk
S11505,18,65,2,1,0,1,0,21,2,15,1,61,45,1,2,3,55.8,Medium Risk
S11506,12,76,0,1,1,1,0,24,3,12,0,98,46,1,2,3,70.6,Medium Risk
S11507,12,76,0,1,1,1,0,28,3,5,1,78,63,0,2,2,71.4,Low Risk
S11508,29,93,2,0,1,1,1,18,1,4,1,80,70,1,0,1,79.9,Low Risk
S11509,29,93,2,0,1,1,1,19,2,4,1,74,75,1,1,1,80.1,Low Risk
S11510,29,93,1,1,1,1,1,18,1,4,1,80,70,1,0,1,79.9,Low Risk
S11511,29,93,1,1,1,1,1,19,2,4,1,74,75,1,1,1,80.1,Low Risk
S11512,29,93,1,1,1,0,1,18,1,4,1,80,70,1,0,1,79.9,Low Risk
S11513,29,93,1,1,1,0,1,19,2,4,1,74,75,1,1,1,80.1,Low Risk
S11514,29,93,2,0,1,1,1,18,1,4,1,80,70,1,0,1,79.9,Low Risk
S11515,29,93,2,0,1,1,1,19,2,4,1,74,75,1,1,1,80.1,Low Risk
S11516,12,84,2,1,1,0,1,28,0,4,0,51,100,1,0,0,80.5,Low Risk
S11517,12,84,1,0,1,1,1,28,0,4,0,51,100,1,0,0,80.5,Low Risk
S11518,12,84,2,0,2,0,1,28,0,4,0,51,100,1,0,0,80.5,Low Risk
S11519,26,86,2,1,1,1,1,25,2,5,0,68,92,0,2,0,83.0,Low Risk
S11520,26,86,0,0,1,1,1,25,2,5,0,68,92,0,2,0,83.0,Low Risk
S11521,26,86,0,1,1,1,1,25,2,5,0,68,92,0,2,0,83.0,Low Risk
S11522,20,93,0,0,1,1,0,23,2,18,0,78,64,1,1,2,76.9,Low Risk
S11523,20,93,0,0,1,1,0,29,3,10,1,87,77,1,1,1,84.8,Low Risk
S11524,20,93,0,0,1,1,0,23,1,2,0,77,48,1,2,3,70.19999999999999,Medium Risk
S11525,20,93,0,0,1,1,0,29,2,19,1,75,46,0,2,3,68.80000000000001,Medium Risk
S11526,20,93,1,1,0,0,0,23,2,18,0,78,64,1,1,2,76.9,Low Risk
S11527,20,93,1,1,0,0,0,29,3,10,1,87,77,1,1,1,84.8,Low Risk
S11528,20,93,1,1,0,0,0,23,1,2,0,77,48,1,2,3,70.19999999999999,Medium Risk
S11529,20,93,1,1,0,0,0,29,2,19,1,75,46,0,2,3,68.80000000000001,Medium Risk
S11530,20,93,1,0,0,1,0,23,2,18,0,78,64,1,1,2,76.9,Low Risk
S11531,20,93,1,0,0,1,0,29,3,10,1,87,77,1,1,1,84.8,Low Risk
S11532,20,93,1,0,0,1,0,23,1,2,0,77,48,1,2,3,70.19999999999999,Medium Risk
S11533,20,93,1,0,0,1,0,29,2,19,1,75,46,0,2,3,68.80000000000001,Medium Risk
S11534,11,88,2,1,0,1,1,24,0,10,1,51,62,0,0,2,66.5,Low Risk
S11535,11,88,2,1,0,1,1,27,3,16,1,74,82,0,2,1,81.4,Low Risk
S11536,11,88,1,1,0,1,1,24,0,10,1,51,62,0,0,2,66.5,Low Risk
S11537,11,88,1,1,0,1,1,27,3,16,1,74,82,0,2,1,81.4,Low Risk
S11538,25,97,2,1,2,1,1,21,1,6,0,80,49,1,2,3,72.7,Medium Risk
S11539,25,97,2,1,2,1,1,29,2,15,1,60,48,1,1,3,66.3,Medium Risk
S11540,25,97,1,1,1,1,1,21,1,6,0,80,49,1,2,3,72.7,Medium Risk
S11541,25,97,1,1,1,1,1,29,2,15,1,60,48,1,1,3,66.3,Medium Risk
S11542,25,97,2,1,1,1,1,21,1,6,0,80,49,1,2,3,72.7,Medium Risk
S11543,25,97,2,1,1,1,1,29,2,15,1,60,48,1,1,3,66.3,Medium Risk
S11544,25,97,2,1,2,1,1,21,1,6,0,80,49,1,2,3,72.7,Medium Risk
S11545,25,97,2,1,2,1,1,29,2,15,1,60,48,1,1,3,66.3,Medium Risk
S11546,25,97,1,1,0,1,1,21,1,6,0,80,49,1,2,3,72.7,Medium Risk
S11547,25,97,1,1,0,1,1,29,2,15,1,60,48,1,1,3,66.3,Medium Risk
S11548,12,75,1,1,2,1,0,26,2,17,1,79,86,1,2,0,80.6,Low Risk
S11549,12,75,1,1,2,1,0,26,2,2,1,54,93,1,0,0,75.9,Low Risk
S11550,12,75,2,0,0,1,0,26,2,17,1,79,86,1,2,0,80.6,Low Risk
S11551,12,75,2,0,0,1,0,26,2,2,1,54,93,1,0,0,75.9,Low Risk
S11552,20,95,0,1,0,0,1,18,3,20,1,61,92,1,0,0,83.60000000000001,Low Risk
S11553,20,95,0,1,0,0,1,22,2,19,1,55,86,1,0,0,79.4,Low Risk
S11554,20,95,1,0,1,1,1,18,3,20,1,61,92,1,0,0,83.60000000000001,Low Risk
S11555,20,95,1,0,1,1,1,22,2,19,1,55,86,1,0,0,79.4,Low Risk
S11556,20,95,0,1,1,1,1,18,3,20,1,61,92,1,0,0,83.60000000000001,Low Risk
S11557,20,95,0,1,1,1,1,22,2,19,1,55,86,1,0,0,79.4,Low Risk
S11558,20,95,0,1,0,1,1,18,3,20,1,61,92,1,0,0,83.60000000000001,Low Risk
S11559,20,95,0,1,0,1,1,22,2,19,1,55,86,1,0,0,79.4,Low Risk
S11560,20,95,1,0,0,1,1,18,3,20,1,61,92,1,0,0,83.60000000000001,Low Risk
S11561,20,95,1,0,0,1,1,22,2,19,1,55,86,1,0,0,79.4,Low Risk
S11562,20,95,0,1,0,1,1,18,3,20,1,61,92,1,0,0,83.60000000000001,Low Risk
S11563,20,95,0,1,0,1,1,22,2,19,1,55,86,1,0,0,79.4,Low Risk
S11564,20,95,2,1,0,1,1,18,3,20,1,61,92,1,0,0,83.60000000000001,Low Risk
S11565,20,95,2,1,0,1,1,22,2,19,1,55,86,1,0,0,79.4,Low Risk
S11566,16,72,0,0,1,0,0,29,3,15,0,68,82,1,1,1,74.8,Medium Risk
S11567,16,72,0,0,1,0,0,18,0,9,0,53,97,1,1,0,76.3,Medium Risk
S11568,16,72,0,0,1,0,0,21,2,14,1,86,73,1,2,1,76.6,Medium Risk
S11569,16,72,1,0,1,1,0,29,3,15,0,68,82,1,1,1,74.8,Medium Risk
S11570,16,72,1,0,1,1,0,18,0,9,0,53,97,1,1,0,76.3,Medium Risk
S11571,16,72,1,0,1,1,0,21,2,14,1,86,73,1,2,1,76.6,Medium Risk
S11572,17,83,1,1,0,1,1,19,2,2,1,83,94,1,2,0,87.4,Low Risk
S11573,17,83,1,0,1,1,1,19,2,2,1,83,94,1,2,0,87.4,Low Risk
S11574,17,83,1,1,1,1,1,19,2,2,1,83,94,1,2,0,87.4,Low Risk
S11575,17,83,0,1,0,1,1,19,2,2,1,83,94,1,2,0,87.4,Low Risk
S11576,17,83,2,0,0,1,1,19,2,2,1,83,94,1,2,0,87.4,Low Risk
S11577,17,83,1,1,2,1,1,19,2,2,1,83,94,1,2,0,87.4,Low Risk
S11578,17,83,1,0,1,1,1,19,2,2,1,83,94,1,2,0,87.4,Low Risk
S11579,34,74,0,1,1,1,0,23,0,12,1,54,98,0,1,0,77.60000000000001,Medium Risk
S11580,34,74,0,1,1,1,0,28,0,13,0,77,87,1,1,0,80.10000000000001,Medium Risk
S11581,29,90,1,1,1,1,1,22,2,19,0,79,93,1,1,0,87.9,Low Risk
S11582,29,90,1,1,1,1,1,26,2,14,0,76,47,1,2,3,68.6,Medium Risk
S11583,29,90,1,1,1,1,1,26,2,11,1,76,97,1,2,0,88.60000000000001,Low Risk
S11584,12,81,1,1,1,1,1,23,2,16,1,78,80,1,1,1,79.7,Low Risk
S11585,12,81,1,1,1,1,1,24,2,17,0,76,74,1,2,1,76.7,Low Risk
S11586,12,81,1,1,1,1,1,26,0,14,1,67,63,0,2,2,69.6,Low Risk
S11587,12,81,1,1,1,1,1,25,3,12,1,93,67,1,2,2,79.0,Low Risk
S11588,12,81,1,0,0,1,1,23,2,16,1,78,80,1,1,1,79.7,Low Risk
S11589,12,81,1,0,0,1,1,24,2,17,0,76,74,1,2,1,76.7,Low Risk
S11590,12,81,1,0,0,1,1,26,0,14,1,67,63,0,2,2,69.6,Low Risk
S11591,12,81,1,0,0,1,1,25,3,12,1,93,67,1,2,2,79.0,Low Risk
S11592,12,81,1,1,2,1,1,23,2,16,1,78,80,1,1,1,79.7,Low Risk
S11593,12,81,1,1,2,1,1,24,2,17,0,76,74,1,2,1,76.7,Low Risk
S11594,12,81,1,1,2,1,1,26,0,14,1,67,63,0,2,2,69.6,Low Risk
S11595,12,81,1,1,2,1,1,25,3,12,1,93,67,1,2,2,79.0,Low Risk
S11596,12,81,1,1,2,1,1,23,2,16,1,78,80,1,1,1,79.7,Low Risk
S11597,12,81,1,1,2,1,1,24,2,17,0,76,74,1,2,1,76.7,Low Risk
S11598,12,81,1,1,2,1,1,26,0,14,1,67,63,0,2,2,69.6,Low Risk
S11599,12,81,1,1,2,1,1,25,3,12,1,93,67,1,2,2,79.0,Low Risk
S11600,12,81,1,1,2,1,1,23,2,16,1,78,80,1,1,1,79.7,Low Risk
S11601,12,81,1,1,2,1,1,24,2,17,0,76,74,1,2,1,76.7,Low Risk
S11602,12,81,1,1,2,1,1,26,0,14,1,67,63,0,2,2,69.6,Low Risk
S11603,12,81,1,1,2,1,1,25,3,12,1,93,67,1,2,2,79.0,Low Risk
S11604,16,63,1,0,2,1,0,24,3,9,1,80,53,1,1,3,64.1,Medium Risk
S11605,16,63,1,0,2,1,0,25,0,4,0,53,66,0,0,2,61.199999999999996,Medium Risk
S11606,16,63,2,0,0,1,0,24,3,9,1,80,53,1,1,3,64.1,Medium Risk
S11607,16,63,2,0,0,1,0,25,0,4,0,53,66,0,0,2,61.199999999999996,Medium Risk
S11608,16,63,0,0,1,1,0,24,3,9,1,80,53,1,1,3,64.1,Medium Risk
S11609,16,63,0,0,1,1,0,25,0,4,0,53,66,0,0,2,61.199999999999996,Medium Risk
S11610,32,83,1,1,0,1,1,24,1,15,1,87,62,1,2,2,75.8,Low Risk
S11611,32,83,1,1,0,1,1,26,2,7,1,83,69,0,2,2,77.4,Low Risk
S11612,32,83,1,1,0,1,1,19,3,11,0,58,52,0,2,3,63.1,Low Risk
S11613,32,83,1,1,1,1,1,24,1,15,1,87,62,1,2,2,75.8,Low Risk
S11614,32,83,1,1,1,1,1,26,2,7,1,83,69,0,2,2,77.4,Low Risk
S11615,32,83,1,1,1,1,1,19,3,11,0,58,52,0,2,3,63.1,Low Risk
S11616,20,82,0,1,0,1,0,29,1,4,1,95,68,0,1,2,80.3,Low Risk
S11617,20,82,0,1,0,1,0,27,2,0,1,77,57,1,2,2,70.5,Low Risk
S11618,20,82,0,1,0,1,0,19,0,12,1,93,48,0,2,3,71.7,Medium Risk
S11619,20,82,0,1,0,1,0,27,1,7,1,54,51,0,2,3,61.2,Low Risk
S11620,20,82,0,1,0,1,0,22,3,15,1,95,73,1,2,1,82.3,Low Risk
S11621,20,82,0,1,0,1,0,24,3,1,1,95,75,0,1,1,83.1,Low Risk
S11622,20,82,1,1,1,1,0,29,1,4,1,95,68,0,1,2,80.3,Low Risk
S11623,20,82,1,1,1,1,0,27,2,0,1,77,57,1,2,2,70.5,Low Risk
S11624,20,82,1,1,1,1,0,19,0,12,1,93,48,0,2,3,71.7,Medium Risk
S11625,20,82,1,1,1,1,0,27,1,7,1,54,51,0,2,3,61.2,Low Risk
S11626,20,82,1,1,1,1,0,22,3,15,1,95,73,1,2,1,82.3,Low Risk
S11627,20,82,1,1,1,1,0,24,3,1,1,95,75,0,1,1,83.1,Low Risk
S11628,20,82,1,0,0,1,0,29,1,4,1,95,68,0,1,2,80.3,Low Risk
S11629,20,82,1,0,0,1,0,27,2,0,1,77,57,1,2,2,70.5,Low Risk
S11630,20,82,1,0,0,1,0,19,0,12,1,93,48,0,2,3,71.7,Medium Risk
S11631,20,82,1,0,0,1,0,27,1,7,1,54,51,0,2,3,61.2,Low Risk
S11632,20,82,1,0,0,1,0,22,3,15,1,95,73,1,2,1,82.3,Low Risk
S11633,20,82,1,0,0,1,0,24,3,1,1,95,75,0,1,1,83.1,Low Risk
S11634,17,75,2,1,1,1,0,24,0,8,1,81,68,0,1,2,74.0,Low Risk
S11635,17,75,0,0,2,1,0,24,0,8,1,81,68,0,1,2,74.0,Low Risk
S11636,29,84,1,1,2,1,0,19,2,16,1,93,77,0,2,1,83.9,Low Risk
S11637,29,84,1,1,2,1,0,22,2,10,0,86,90,0,2,0,87.0,Low Risk
S11638,18,93,2,1,1,1,0,24,0,13,1,96,67,1,2,2,83.5,Low Risk
S11639,18,93,1,0,0,1,0,24,0,13,1,96,67,1,2,2,83.5,Low Risk
S11640,18,93,2,0,2,1,0,24,0,13,1,96,67,1,2,2,83.5,Low Risk
S11641,18,93,2,0,2,1,0,24,0,13,1,96,67,1,2,2,83.5,Low Risk
S11642,38,63,2,0,2,1,1,26,0,19,0,64,52,1,1,3,58.9,Medium Risk
S11643,38,63,2,0,2,1,1,20,1,17,1,90,81,0,0,1,78.3,Medium Risk
S11644,38,63,2,0,2,1,1,20,2,4,1,80,89,1,2,0,78.5,Medium Risk
S11645,27,69,2,1,1,0,0,18,0,10,1,75,78,1,2,1,74.4,Medium Risk
S11646,27,69,2,1,1,0,0,21,3,5,1,55,91,1,2,0,73.6,Medium Risk
S11647,19,94,0,0,1,1,0,18,1,18,0,98,87,1,2,0,92.4,Low Risk
S11648,19,94,0,0,1,1,0,26,1,11,1,77,72,1,0,1,80.1,Low Risk
S11649,19,94,2,0,1,1,0,18,1,18,0,98,87,1,2,0,92.4,Low Risk
S11650,19,94,2,0,1,1,0,26,1,11,1,77,72,1,0,1,80.1,Low Risk
S11651,19,94,1,0,1,1,0,18,1,18,0,98,87,1,2,0,92.4,Low Risk
S11652,19,94,1,0,1,1,0,26,1,11,1,77,72,1,0,1,80.1,Low Risk
S11653,19,94,1,1,1,1,0,18,1,18,0,98,87,1,2,0,92.4,Low Risk
S11654,19,94,1,1,1,1,0,26,1,11,1,77,72,1,0,1,80.1,Low Risk
S11655,19,94,0,1,1,1,0,18,1,18,0,98,87,1,2,0,92.4,Low Risk
S11656,19,94,0,1,1,1,0,26,1,11,1,77,72,1,0,1,80.1,Low Risk
S11657,38,86,1,0,2,1,0,24,0,8,1,83,84,0,1,1,84.3,Low Risk
S11658,38,86,1,0,2,1,0,27,1,4,1,75,54,1,1,3,69.9,Low Risk
S11659,38,86,1,0,2,1,0,18,0,13,1,93,90,0,0,0,89.7,Low Risk
S11660,26,94,1,0,1,1,0,28,3,1,1,84,81,1,2,1,85.8,Low Risk
S11661,26,94,1,0,0,1,0,28,3,1,1,84,81,1,2,1,85.8,Low Risk
S11662,26,94,2,1,0,1,0,28,3,1,1,84,81,1,2,1,85.8,Low Risk
S11663,26,94,1,0,2,1,0,28,3,1,1,84,81,1,2,1,85.8,Low Risk
S11664,32,84,2,1,1,1,1,18,1,10,1,96,55,1,2,2,76.0,Low Risk
S11665,32,84,1,1,1,0,1,18,1,10,1,96,55,1,2,2,76.0,Low Risk
S11666,13,71,2,1,0,1,0,19,0,1,1,76,40,0,1,3,60.099999999999994,Medium Risk
S11667,13,71,2,1,0,1,0,27,2,7,0,81,68,1,1,2,72.8,Medium Risk
S11668,13,71,2,1,2,1,0,19,0,1,1,76,40,0,1,3,60.099999999999994,Medium Risk
S11669,13,71,2,1,2,1,0,27,2,7,0,81,68,1,1,2,72.8,Medium Risk
S11670,14,84,1,0,1,1,0,18,0,3,1,99,40,1,2,3,70.9,Medium Risk
S11671,14,84,2,1,2,1,0,18,0,3,1,99,40,1,2,3,70.9,Medium Risk
S11672,14,84,2,0,1,0,0,18,0,3,1,99,40,1,2,3,70.9,Medium Risk
S11673,14,84,1,1,2,1,0,18,0,3,1,99,40,1,2,3,70.9,Medium Risk
S11674,14,61,1,0,0,0,0,29,3,4,0,80,81,0,1,1,74.7,Medium Risk
S11675,14,61,1,0,0,0,0,21,1,12,1,57,86,1,1,0,69.8,Medium Risk
S11676,14,61,2,0,1,1,0,29,3,4,0,80,81,0,1,1,74.7,Medium Risk
S11677,14,61,2,0,1,1,0,21,1,12,1,57,86,1,1,0,69.8,Medium Risk
S11678,14,61,2,0,1,1,0,29,3,4,0,80,81,0,1,1,74.7,Medium Risk
S11679,14,61,2,0,1,1,0,21,1,12,1,57,86,1,1,0,69.8,Medium Risk
S11680,14,61,0,1,1,1,0,29,3,4,0,80,81,0,1,1,74.7,Medium Risk
S11681,14,61,0,1,1,1,0,21,1,12,1,57,86,1,1,0,69.8,Medium Risk
S11682,14,61,1,0,2,1,0,29,3,4,0,80,81,0,1,1,74.7,Medium Risk
S11683,14,61,1,0,2,1,0,21,1,12,1,57,86,1,1,0,69.8,Medium Risk
S11684,17,90,2,0,1,1,1,28,1,7,1,91,52,1,2,3,75.1,Low Risk
S11685,17,90,2,0,1,1,1,21,0,8,1,75,92,1,1,0,86.30000000000001,Low Risk
S11686,17,90,1,0,0,1,1,28,1,7,1,91,52,1,2,3,75.1,Low Risk
S11687,17,90,1,0,0,1,1,21,0,8,1,75,92,1,1,0,86.30000000000001,Low Risk
S11688,17,90,1,0,1,1,1,28,1,7,1,91,52,1,2,3,75.1,Low Risk
S11689,17,90,1,0,1,1,1,21,0,8,1,75,92,1,1,0,86.30000000000001,Low Risk
S11690,13,83,1,1,1,1,0,25,1,5,1,64,92,1,2,0,80.9,Low Risk
S11691,13,83,1,1,1,1,0,20,3,8,1,93,41,1,2,3,69.19999999999999,Medium Risk
S11692,13,83,1,1,1,1,0,19,1,11,1,66,51,0,2,3,65.1,Low Risk
S11693,13,83,0,0,2,1,0,25,1,5,1,64,92,1,2,0,80.9,Low Risk
S11694,13,83,0,0,2,1,0,20,3,8,1,93,41,1,2,3,69.19999999999999,Medium Risk
S11695,13,83,0,0,2,1,0,19,1,11,1,66,51,0,2,3,65.1,Low Risk
S11696,13,83,1,0,1,1,0,25,1,5,1,64,92,1,2,0,80.9,Low Risk
S11697,13,83,1,0,1,1,0,20,3,8,1,93,41,1,2,3,69.19999999999999,Medium Risk
S11698,13,83,1,0,1,1,0,19,1,11,1,66,51,0,2,3,65.1,Low Risk
S11699,19,68,1,1,1,1,1,21,3,20,0,79,55,0,2,2,66.1,Medium Risk
S11700,19,68,1,1,1,1,1,25,0,12,1,63,91,0,0,0,75.69999999999999,Medium Risk
S11701,19,68,2,1,2,1,1,21,3,20,0,79,55,0,2,2,66.1,Medium Risk
S11702,19,68,2,1,2,1,1,25,0,12,1,63,91,0,0,0,75.69999999999999,Medium Risk
S11703,19,68,0,1,0,1,1,21,3,20,0,79,55,0,2,2,66.1,Medium Risk
S11704,19,68,0,1,0,1,1,25,0,12,1,63,91,0,0,0,75.69999999999999,Medium Risk
S11705,35,77,2,1,1,1,0,18,2,8,1,56,87,0,1,0,74.7,Low Risk
S11706,9,86,1,0,2,1,0,19,3,4,0,100,97,1,2,0,94.60000000000001,Low Risk
S11707,9,86,1,0,2,1,0,28,1,18,0,60,70,0,1,1,71.8,Low Risk
S11708,9,86,1,0,2,1,0,29,1,16,1,65,44,0,2,3,62.900000000000006,Medium Risk
S11709,9,86,2,0,1,1,0,19,3,4,0,100,97,1,2,0,94.60000000000001,Low Risk
S11710,9,86,2,0,1,1,0,28,1,18,0,60,70,0,1,1,71.8,Low Risk
S11711,9,86,2,0,1,1,0,29,1,16,1,65,44,0,2,3,62.900000000000006,Medium Risk
S11712,15,74,1,1,1,1,1,18,0,7,1,87,64,0,2,2,73.9,Medium Risk
S11713,15,74,1,1,1,1,1,18,1,14,0,93,61,1,1,2,74.5,Medium Risk
S11714,15,74,2,0,0,0,1,18,0,7,1,87,64,0,2,2,73.9,Medium Risk
S11715,15,74,2,0,0,0,1,18,1,14,0,93,61,1,1,2,74.5,Medium Risk
S11716,15,74,1,1,1,1,1,18,0,7,1,87,64,0,2,2,73.9,Medium Risk
S11717,15,74,1,1,1,1,1,18,1,14,0,93,61,1,1,2,74.5,Medium Risk
S11718,15,74,0,0,0,1,1,18,0,7,1,87,64,0,2,2,73.9,Medium Risk
S11719,15,74,0,0,0,1,1,18,1,14,0,93,61,1,1,2,74.5,Medium Risk
S11720,15,74,0,0,1,1,1,18,0,7,1,87,64,0,2,2,73.9,Medium Risk
S11721,15,74,0,0,1,1,1,18,1,14,0,93,61,1,1,2,74.5,Medium Risk
S11722,15,74,2,0,1,1,1,18,0,7,1,87,64,0,2,2,73.9,Medium Risk
S11723,15,74,2,0,1,1,1,18,1,14,0,93,61,1,1,2,74.5,Medium Risk
S11724,15,74,1,1,0,1,1,18,0,7,1,87,64,0,2,2,73.9,Medium Risk
S11725,15,74,1,1,0,1,1,18,1,14,0,93,61,1,1,2,74.5,Medium Risk
S11726,15,74,2,0,0,1,1,18,0,7,1,87,64,0,2,2,73.9,Medium Risk
S11727,15,74,2,0,0,1,1,18,1,14,0,93,61,1,1,2,74.5,Medium Risk
S11728,15,95,1,1,0,1,0,18,1,14,1,69,93,1,1,0,86.4,Low Risk
S11729,15,95,1,1,0,1,0,18,3,18,0,63,94,0,0,0,85.0,Low Risk
S11730,15,95,1,1,0,1,0,22,0,17,1,90,61,0,1,2,79.9,Low Risk
S11731,15,95,1,0,2,1,0,18,1,14,1,69,93,1,1,0,86.4,Low Risk
S11732,15,95,1,0,2,1,0,18,3,18,0,63,94,0,0,0,85.0,Low Risk
S11733,15,95,1,0,2,1,0,22,0,17,1,90,61,0,1,2,79.9,Low Risk
S11734,15,95,0,0,2,1,0,18,1,14,1,69,93,1,1,0,86.4,Low Risk
S11735,15,95,0,0,2,1,0,18,3,18,0,63,94,0,0,0,85.0,Low Risk
S11736,15,95,0,0,2,1,0,22,0,17,1,90,61,0,1,2,79.9,Low Risk
S11737,15,95,0,0,1,1,0,18,1,14,1,69,93,1,1,0,86.4,Low Risk
S11738,15,95,0,0,1,1,0,18,3,18,0,63,94,0,0,0,85.0,Low Risk
S11739,15,95,0,0,1,1,0,22,0,17,1,90,61,0,1,2,79.9,Low Risk
S11740,15,95,1,1,0,1,0,18,1,14,1,69,93,1,1,0,86.4,Low Risk
S11741,15,95,1,1,0,1,0,18,3,18,0,63,94,0,0,0,85.0,Low Risk
S11742,15,95,1,1,0,1,0,22,0,17,1,90,61,0,1,2,79.9,Low Risk
S11743,15,95,1,1,2,1,0,18,1,14,1,69,93,1,1,0,86.4,Low Risk
S11744,15,95,1,1,2,1,0,18,3,18,0,63,94,0,0,0,85.0,Low Risk
S11745,15,95,1,1,2,1,0,22,0,17,1,90,61,0,1,2,79.9,Low Risk
S11746,15,95,1,1,0,1,0,18,1,14,1,69,93,1,1,0,86.4,Low Risk
S11747,15,95,1,1,0,1,0,18,3,18,0,63,94,0,0,0,85.0,Low Risk
S11748,15,95,1,1,0,1,0,22,0,17,1,90,61,0,1,2,79.9,Low Risk
S11749,11,81,1,1,2,1,0,23,0,10,0,63,47,1,1,3,62.0,Medium Risk
S11750,11,81,1,1,2,1,0,18,3,16,1,52,64,1,2,2,65.5,Low Risk
S11751,11,81,1,1,2,1,0,29,0,17,1,74,78,1,2,1,77.7,Low Risk
S11752,11,81,1,1,2,1,0,19,2,10,1,79,44,1,1,3,65.6,Medium Risk
S11753,11,81,1,1,2,1,0,21,3,10,0,94,52,1,2,3,73.3,Low Risk
S11754,36,96,0,0,1,1,0,20,2,2,0,71,57,1,2,2,72.9,Low Risk
S11755,36,96,0,0,1,1,0,20,3,13,0,62,88,1,0,0,82.6,Low Risk
S11756,29,66,2,0,1,1,1,19,3,4,1,57,55,1,2,2,58.89999999999999,Medium Risk
S11757,29,66,2,0,1,1,1,29,1,10,1,89,61,1,2,2,70.9,Medium Risk
S11758,22,86,1,0,1,1,0,19,0,18,1,86,42,0,2,3,68.4,Medium Risk
S11759,22,86,1,0,1,1,0,24,1,12,0,82,66,0,2,2,76.8,Low Risk
S11760,22,86,0,0,1,1,0,19,0,18,1,86,42,0,2,3,68.4,Medium Risk
S11761,22,86,0,0,1,1,0,24,1,12,0,82,66,0,2,2,76.8,Low Risk
S11762,31,68,2,1,0,1,1,27,0,9,0,58,93,1,2,0,75.0,Medium Risk
S11763,31,68,2,1,0,1,1,19,0,18,0,51,91,0,0,0,72.1,Medium Risk
S11764,31,68,2,1,0,1,1,21,3,16,1,91,93,0,2,0,84.9,Medium Risk
S11765,31,68,2,1,0,1,1,19,2,20,0,55,99,0,2,0,76.5,Medium Risk
S11766,12,98,0,1,1,0,0,22,1,18,1,73,72,1,1,1,80.1,Low Risk
S11767,12,98,0,1,1,0,0,22,1,7,0,83,45,0,0,3,72.3,Medium Risk
S11768,12,98,0,1,1,0,0,20,0,11,1,81,44,1,2,3,71.30000000000001,Medium Risk
S11769,12,98,2,1,1,1,0,22,1,18,1,73,72,1,1,1,80.1,Low Risk
S11770,12,98,2,1,1,1,0,22,1,7,0,83,45,0,0,3,72.3,Medium Risk
S11771,12,98,2,1,1,1,0,20,0,11,1,81,44,1,2,3,71.30000000000001,Medium Risk
S11772,12,98,2,0,1,1,0,22,1,18,1,73,72,1,1,1,80.1,Low Risk
S11773,12,98,2,0,1,1,0,22,1,7,0,83,45,0,0,3,72.3,Medium Risk
S11774,12,98,2,0,1,1,0,20,0,11,1,81,44,1,2,3,71.30000000000001,Medium Risk
S11775,12,98,1,0,1,1,0,22,1,18,1,73,72,1,1,1,80.1,Low Risk
S11776,12,98,1,0,1,1,0,22,1,7,0,83,45,0,0,3,72.3,Medium Risk
S11777,12,98,1,0,1,1,0,20,0,11,1,81,44,1,2,3,71.30000000000001,Medium Risk
S11778,12,98,1,0,0,1,0,22,1,18,1,73,72,1,1,1,80.1,Low Risk
S11779,12,98,1,0,0,1,0,22,1,7,0,83,45,0,0,3,72.3,Medium Risk
S11780,12,98,1,0,0,1,0,20,0,11,1,81,44,1,2,3,71.30000000000001,Medium Risk
S11781,12,98,0,1,1,1,0,22,1,18,1,73,72,1,1,1,80.1,Low Risk
S11782,12,98,0,1,1,1,0,22,1,7,0,83,45,0,0,3,72.3,Medium Risk
S11783,12,98,0,1,1,1,0,20,0,11,1,81,44,1,2,3,71.30000000000001,Medium Risk
S11784,17,84,0,1,0,1,1,25,0,2,1,54,81,1,2,1,73.8,Low Risk
S11785,17,84,0,1,0,1,1,19,1,17,1,96,60,0,0,2,78.0,Low Risk
S11786,17,84,2,0,2,1,1,25,0,2,1,54,81,1,2,1,73.8,Low Risk
S11787,17,84,2,0,2,1,1,19,1,17,1,96,60,0,0,2,78.0,Low Risk
S11788,17,84,2,1,1,1,1,25,0,2,1,54,81,1,2,1,73.8,Low Risk
S11789,17,84,2,1,1,1,1,19,1,17,1,96,60,0,0,2,78.0,Low Risk
S11790,17,84,2,0,1,1,1,25,0,2,1,54,81,1,2,1,73.8,Low Risk
S11791,17,84,2,0,1,1,1,19,1,17,1,96,60,0,0,2,78.0,Low Risk
S11792,7,69,2,1,2,1,1,23,0,6,1,62,59,1,1,2,62.900000000000006,Medium Risk
S11793,7,69,2,1,2,1,1,18,3,14,0,98,84,1,2,1,83.7,Medium Risk
S11794,9,86,1,0,1,1,1,29,3,2,0,80,41,0,0,3,66.2,Medium Risk
S11795,9,86,1,0,1,1,1,26,0,14,1,50,96,1,1,0,79.2,Low Risk
S11796,7,88,2,1,0,1,1,20,0,1,1,95,57,0,2,2,77.69999999999999,Low Risk
S11797,7,88,2,1,0,1,1,28,2,12,0,97,69,0,2,2,83.1,Low Risk
S11798,7,88,2,1,0,1,1,29,0,6,0,57,51,1,2,3,63.9,Low Risk
S11799,24,98,0,1,2,1,0,21,1,16,1,51,64,1,1,2,70.3,Low Risk
S11800,24,98,0,1,2,1,0,26,0,18,1,50,94,0,2,0,82.0,Low Risk
S11801,24,98,0,1,2,1,0,29,1,3,1,99,71,1,2,1,87.5,Low Risk
S11802,24,98,0,1,2,1,0,19,2,5,1,53,42,1,0,3,62.1,Medium Risk
S11803,24,98,0,1,2,1,0,19,1,2,1,72,66,0,2,2,77.4,Low Risk
S11804,24,98,2,0,1,1,0,21,1,16,1,51,64,1,1,2,70.3,Low Risk
S11805,24,98,2,0,1,1,0,26,0,18,1,50,94,0,2,0,82.0,Low Risk
S11806,24,98,2,0,1,1,0,29,1,3,1,99,71,1,2,1,87.5,Low Risk
S11807,24,98,2,0,1,1,0,19,2,5,1,53,42,1,0,3,62.1,Medium Risk
S11808,24,98,2,0,1,1,0,19,1,2,1,72,66,0,2,2,77.4,Low Risk
S11809,24,98,1,1,1,1,0,21,1,16,1,51,64,1,1,2,70.3,Low Risk
S11810,24,98,1,1,1,1,0,26,0,18,1,50,94,0,2,0,82.0,Low Risk
S11811,24,98,1,1,1,1,0,29,1,3,1,99,71,1,2,1,87.5,Low Risk
S11812,24,98,1,1,1,1,0,19,2,5,1,53,42,1,0,3,62.1,Medium Risk
S11813,24,98,1,1,1,1,0,19,1,2,1,72,66,0,2,2,77.4,Low Risk
S11814,29,74,1,1,1,0,1,24,2,11,1,78,41,1,1,3,62.0,Medium Risk
S11815,29,74,2,1,2,1,1,24,2,11,1,78,41,1,1,3,62.0,Medium Risk
S11816,29,74,0,0,1,1,1,24,2,11,1,78,41,1,1,3,62.0,Medium Risk
S11817,28,87,1,1,2,1,0,20,2,0,1,65,85,1,1,0,79.6,Low Risk
S11818,28,87,1,0,1,1,0,20,2,0,1,65,85,1,1,0,79.6,Low Risk
S11819,28,87,1,0,1,1,0,20,2,0,1,65,85,1,1,0,79.6,Low Risk
S11820,30,78,2,1,1,1,1,29,0,5,1,58,51,1,2,3,61.199999999999996,Low Risk
S11821,30,78,2,1,1,1,1,29,0,5,1,58,51,1,2,3,61.199999999999996,Low Risk
S11822,14,93,1,0,0,1,1,18,1,2,0,77,83,0,2,1,84.19999999999999,Low Risk
S11823,14,93,1,0,0,1,1,28,2,9,0,57,79,0,1,1,76.6,Low Risk
S11824,14,93,0,1,0,1,1,18,1,2,0,77,83,0,2,1,84.19999999999999,Low Risk
S11825,14,93,0,1,0,1,1,28,2,9,0,57,79,0,1,1,76.6,Low Risk
S11826,31,71,2,1,1,1,1,22,0,12,0,97,79,0,1,1,82.0,Medium Risk
S11827,31,71,2,1,1,1,1,26,3,18,0,79,97,1,0,0,83.8,Medium Risk
S11828,19,60,2,1,2,1,1,19,0,13,1,87,88,1,2,0,79.3,Medium Risk
S11829,19,60,2,1,2,1,1,22,3,18,1,50,87,0,0,0,67.80000000000001,Medium Risk
S11830,19,60,1,0,2,1,1,19,0,13,1,87,88,1,2,0,79.3,Medium Risk
S11831,19,60,1,0,2,1,1,22,3,18,1,50,87,0,0,0,67.80000000000001,Medium Risk
S11832,15,77,1,1,1,1,0,18,1,6,1,86,91,1,0,0,85.3,Low Risk
S11833,15,77,1,1,1,1,0,27,0,19,0,91,72,0,2,1,79.2,Low Risk
S11834,15,77,1,1,1,1,0,18,1,6,1,86,91,1,0,0,85.3,Low Risk
S11835,15,77,1,1,1,1,0,27,0,19,0,91,72,0,2,1,79.2,Low Risk
S11836,18,84,0,1,1,1,1,18,3,8,1,98,99,0,0,0,94.2,Low Risk
S11837,18,84,0,1,1,1,1,29,3,16,0,68,66,1,1,2,72.0,Low Risk
S11838,18,84,0,1,1,1,1,20,0,1,1,81,100,0,2,0,89.5,Low Risk
S11839,18,84,0,0,1,1,1,18,3,8,1,98,99,0,0,0,94.2,Low Risk
S11840,18,84,0,0,1,1,1,29,3,16,0,68,66,1,1,2,72.0,Low Risk
S11841,18,84,0,0,1,1,1,20,0,1,1,81,100,0,2,0,89.5,Low Risk
S11842,18,84,2,0,1,1,1,18,3,8,1,98,99,0,0,0,94.2,Low Risk
S11843,18,84,2,0,1,1,1,29,3,16,0,68,66,1,1,2,72.0,Low Risk
S11844,18,84,2,0,1,1,1,20,0,1,1,81,100,0,2,0,89.5,Low Risk
S11845,18,84,2,1,0,1,1,18,3,8,1,98,99,0,0,0,94.2,Low Risk
S11846,18,84,2,1,0,1,1,29,3,16,0,68,66,1,1,2,72.0,Low Risk
S11847,18,84,2,1,0,1,1,20,0,1,1,81,100,0,2,0,89.5,Low Risk
S11848,12,70,1,1,1,1,0,28,3,12,1,51,81,0,2,1,68.69999999999999,Medium Risk
S11849,12,70,1,1,1,1,0,20,2,18,1,57,90,1,2,0,74.1,Medium Risk
S11850,12,70,1,0,2,1,0,28,3,12,1,51,81,0,2,1,68.69999999999999,Medium Risk
S11851,12,70,1,0,2,1,0,20,2,18,1,57,90,1,2,0,74.1,Medium Risk
S11852,12,70,1,1,1,1,0,28,3,12,1,51,81,0,2,1,68.69999999999999,Medium Risk
S11853,12,70,1,1,1,1,0,20,2,18,1,57,90,1,2,0,74.1,Medium Risk
S11854,29,88,1,1,1,1,1,21,1,7,1,90,49,1,2,3,73.0,Medium Risk
S11855,13,61,1,1,0,1,0,28,0,5,1,86,67,1,2,2,70.9,Medium Risk
S11856,13,61,1,1,0,1,0,29,2,16,1,69,98,0,1,0,78.2,Medium Risk
S11857,13,61,1,1,0,1,0,20,2,15,1,58,57,1,2,2,58.5,Medium Risk
S11858,13,61,0,0,0,1,0,28,0,5,1,86,67,1,2,2,70.9,Medium Risk
S11859,13,61,0,0,0,1,0,29,2,16,1,69,98,0,1,0,78.2,Medium Risk
S11860,13,61,0,0,0,1,0,20,2,15,1,58,57,1,2,2,58.5,Medium Risk
S11861,15,65,1,0,1,1,1,19,1,11,0,51,79,1,0,1,66.4,Medium Risk
S11862,15,65,1,0,1,1,1,28,2,9,0,80,96,1,2,0,81.9,Medium Risk
S11863,15,65,1,0,1,1,1,26,0,18,0,60,47,1,2,3,56.3,Medium Risk
S11864,15,65,2,1,0,1,1,19,1,11,0,51,79,1,0,1,66.4,Medium Risk
S11865,15,65,2,1,0,1,1,28,2,9,0,80,96,1,2,0,81.9,Medium Risk
S11866,15,65,2,1,0,1,1,26,0,18,0,60,47,1,2,3,56.3,Medium Risk
S11867,15,65,2,1,0,1,1,19,1,11,0,51,79,1,0,1,66.4,Medium Risk
S11868,15,65,2,1,0,1,1,28,2,9,0,80,96,1,2,0,81.9,Medium Risk
S11869,15,65,2,1,0,1,1,26,0,18,0,60,47,1,2,3,56.3,Medium Risk
S11870,14,92,2,1,2,1,1,25,2,12,1,64,86,0,0,0,81.19999999999999,Low Risk
S11871,14,92,2,1,2,1,1,20,1,2,1,92,64,1,2,2,80.8,Low Risk
S11872,14,92,1,1,2,1,1,25,2,12,1,64,86,0,0,0,81.19999999999999,Low Risk
S11873,14,92,1,1,2,1,1,20,1,2,1,92,64,1,2,2,80.8,Low Risk
S11874,12,74,2,1,0,1,0,23,1,7,0,63,81,0,2,1,73.5,Medium Risk
S11875,12,74,1,0,1,1,0,23,1,7,0,63,81,0,2,1,73.5,Medium Risk
S11876,16,90,0,0,1,1,1,22,2,2,1,57,52,1,2,3,64.9,Low Risk
S11877,16,90,0,0,1,1,1,23,3,11,0,79,62,1,2,2,75.5,Low Risk
S11878,16,90,1,0,1,1,1,22,2,2,1,57,52,1,2,3,64.9,Low Risk
S11879,16,90,1,0,1,1,1,23,3,11,0,79,62,1,2,2,75.5,Low Risk
S11880,16,90,2,1,0,1,1,22,2,2,1,57,52,1,2,3,64.9,Low Risk
S11881,16,90,2,1,0,1,1,23,3,11,0,79,62,1,2,2,75.5,Low Risk
S11882,22,94,2,0,0,1,1,25,0,9,0,61,51,1,2,3,66.9,Low Risk
S11883,22,94,2,0,0,1,1,20,2,16,1,87,94,0,1,0,91.9,Low Risk
S11884,22,94,2,0,0,1,1,25,0,20,1,62,50,0,2,3,66.8,Low Risk
S11885,22,94,1,1,0,1,1,25,0,9,0,61,51,1,2,3,66.9,Low Risk
S11886,22,94,1,1,0,1,1,20,2,16,1,87,94,0,1,0,91.9,Low Risk
S11887,22,94,1,1,0,1,1,25,0,20,1,62,50,0,2,3,66.8,Low Risk
S11888,22,94,2,1,1,1,1,25,0,9,0,61,51,1,2,3,66.9,Low Risk
S11889,22,94,2,1,1,1,1,20,2,16,1,87,94,0,1,0,91.9,Low Risk
S11890,22,94,2,1,1,1,1,25,0,20,1,62,50,0,2,3,66.8,Low Risk
S11891,18,75,1,1,0,1,1,19,3,15,1,50,97,1,2,0,76.30000000000001,Low Risk
S11892,18,75,1,1,0,1,1,19,3,10,1,76,96,0,0,0,83.7,Low Risk
S11893,18,75,1,1,2,1,1,19,3,15,1,50,97,1,2,0,76.30000000000001,Low Risk
S11894,18,75,1,1,2,1,1,19,3,10,1,76,96,0,0,0,83.7,Low Risk
S11895,18,75,0,1,1,1,1,19,3,15,1,50,97,1,2,0,76.30000000000001,Low Risk
S11896,18,75,0,1,1,1,1,19,3,10,1,76,96,0,0,0,83.7,Low Risk
S11897,11,71,1,1,1,1,0,20,1,5,0,53,75,0,2,1,67.2,Medium Risk
S11898,11,71,1,1,1,1,0,18,0,7,0,96,67,1,2,2,76.89999999999999,Medium Risk
S11899,11,71,1,1,1,1,0,21,3,16,1,86,42,1,0,3,63.900000000000006,Medium Risk
S11900,11,71,1,1,1,1,0,28,3,3,1,60,86,0,2,0,73.7,Medium Risk
S11901,14,100,0,1,2,1,0,23,3,10,1,50,53,0,0,3,66.2,Low Risk
S11902,14,100,0,1,2,1,0,20,3,11,1,52,73,1,1,1,74.80000000000001,Low Risk
S11903,14,100,0,1,2,1,0,29,0,1,1,76,56,1,0,2,75.2,Low Risk
S11904,14,100,0,1,2,1,0,22,1,3,1,80,94,0,1,0,91.6,Low Risk
S11905,14,100,0,0,0,1,0,23,3,10,1,50,53,0,0,3,66.2,Low Risk
S11906,14,100,0,0,0,1,0,20,3,11,1,52,73,1,1,1,74.80000000000001,Low Risk
S11907,14,100,0,0,0,1,0,29,0,1,1,76,56,1,0,2,75.2,Low Risk
S11908,14,100,0,0,0,1,0,22,1,3,1,80,94,0,1,0,91.6,Low Risk
S11909,14,100,1,1,1,1,0,23,3,10,1,50,53,0,0,3,66.2,Low Risk
S11910,14,100,1,1,1,1,0,20,3,11,1,52,73,1,1,1,74.80000000000001,Low Risk
S11911,14,100,1,1,1,1,0,29,0,1,1,76,56,1,0,2,75.2,Low Risk
S11912,14,100,1,1,1,1,0,22,1,3,1,80,94,0,1,0,91.6,Low Risk
S11913,20,75,1,1,0,1,0,22,2,9,1,88,99,0,0,0,88.5,Low Risk
S11914,20,75,1,1,0,1,0,29,2,8,0,94,66,1,1,2,77.1,Low Risk
S11915,20,75,1,1,0,1,0,26,1,1,1,66,94,1,2,0,79.9,Low Risk
S11916,20,75,1,0,1,1,0,22,2,9,1,88,99,0,0,0,88.5,Low Risk
S11917,20,75,1,0,1,1,0,29,2,8,0,94,66,1,1,2,77.1,Low Risk
S11918,20,75,1,0,1,1,0,26,1,1,1,66,94,1,2,0,79.9,Low Risk
S11919,20,75,1,1,2,1,0,22,2,9,1,88,99,0,0,0,88.5,Low Risk
S11920,20,75,1,1,2,1,0,29,2,8,0,94,66,1,1,2,77.1,Low Risk
S11921,20,75,1,1,2,1,0,26,1,1,1,66,94,1,2,0,79.9,Low Risk
S11922,20,75,1,1,2,1,0,22,2,9,1,88,99,0,0,0,88.5,Low Risk
S11923,20,75,1,1,2,1,0,29,2,8,0,94,66,1,1,2,77.1,Low Risk
S11924,20,75,1,1,2,1,0,26,1,1,1,66,94,1,2,0,79.9,Low Risk
S11925,20,75,1,0,1,1,0,22,2,9,1,88,99,0,0,0,88.5,Low Risk
S11926,20,75,1,0,1,1,0,29,2,8,0,94,66,1,1,2,77.1,Low Risk
S11927,20,75,1,0,1,1,0,26,1,1,1,66,94,1,2,0,79.9,Low Risk
S11928,29,76,2,1,0,0,0,18,0,7,1,84,42,0,1,3,64.8,Medium Risk
S11929,29,76,2,1,0,0,0,18,2,2,1,65,91,0,2,0,78.7,Low Risk
S11930,29,76,2,1,0,0,0,26,2,17,1,71,76,0,2,1,74.5,Low Risk
S11931,29,76,2,1,0,0,0,22,1,1,1,75,97,0,2,0,84.10000000000001,Low Risk
S11932,29,76,2,1,0,0,0,19,1,4,1,71,90,1,2,0,80.1,Low Risk
S11933,29,76,2,1,1,1,0,18,0,7,1,84,42,0,1,3,64.8,Medium Risk
S11934,29,76,2,1,1,1,0,18,2,2,1,65,91,0,2,0,78.7,Low Risk
S11935,29,76,2,1,1,1,0,26,2,17,1,71,76,0,2,1,74.5,Low Risk
S11936,29,76,2,1,1,1,0,22,1,1,1,75,97,0,2,0,84.10000000000001,Low Risk
S11937,29,76,2,1,1,1,0,19,1,4,1,71,90,1,2,0,80.1,Low Risk
S11938,28,86,1,0,1,1,1,25,3,10,0,58,89,1,2,0,78.8,Low Risk
S11939,28,86,1,1,1,1,1,25,3,10,0,58,89,1,2,0,78.8,Low Risk
S11940,28,86,1,1,1,1,1,25,3,10,0,58,89,1,2,0,78.8,Low Risk
S11941,27,92,1,0,1,0,0,20,1,7,0,89,67,0,0,2,81.1,Low Risk
S11942,27,92,0,1,2,1,0,20,1,7,0,89,67,0,0,2,81.1,Low Risk
S11943,27,92,1,1,0,1,0,20,1,7,0,89,67,0,0,2,81.1,Low Risk
S11944,27,92,1,1,0,1,0,20,1,7,0,89,67,0,0,2,81.1,Low Risk
S11945,15,71,0,0,1,1,1,24,3,8,1,59,68,1,0,2,66.2,Medium Risk
S11946,15,71,0,0,1,1,1,18,2,1,1,62,73,0,0,1,69.1,Medium Risk
S11947,15,71,0,0,1,1,1,18,3,18,1,80,95,1,0,0,83.3,Medium Risk
S11948,15,71,2,0,0,1,1,24,3,8,1,59,68,1,0,2,66.2,Medium Risk
S11949,15,71,2,0,0,1,1,18,2,1,1,62,73,0,0,1,69.1,Medium Risk
S11950,15,71,2,0,0,1,1,18,3,18,1,80,95,1,0,0,83.3,Medium Risk
S11951,7,64,2,0,1,1,0,27,0,13,1,84,93,1,2,0,81.60000000000001,Medium Risk
S11952,7,64,2,0,1,1,0,18,1,9,1,96,81,1,2,1,80.39999999999999,Medium Risk
S11953,7,64,2,0,1,1,0,23,0,10,1,54,66,1,2,2,61.8,Medium Risk
S11954,7,64,2,0,1,1,0,19,1,19,1,80,96,0,0,0,81.60000000000001,Medium Risk
S11955,28,81,2,1,1,1,0,19,1,5,0,69,73,1,1,1,74.2,Low Risk
S11956,28,81,2,1,1,1,0,27,3,12,1,93,52,0,2,3,73.0,Low Risk
S11957,28,81,2,1,1,1,0,18,0,7,0,56,74,1,2,1,70.7,Low Risk
S11958,30,68,2,0,1,1,1,22,2,2,0,100,100,0,0,0,90.4,Medium Risk
S11959,30,68,2,0,1,1,1,26,0,6,1,52,41,1,0,3,52.4,Medium Risk
S11960,17,89,2,0,1,1,1,21,2,9,0,92,81,0,1,1,86.7,Low Risk
S11961,5,83,1,1,1,1,1,23,0,17,1,92,40,0,2,3,68.5,Medium Risk
S11962,5,83,1,1,1,1,1,19,0,16,1,88,51,1,2,3,71.69999999999999,Low Risk
S11963,13,96,2,0,1,1,1,29,2,9,0,95,91,1,0,0,93.7,Low Risk
S11964,13,96,2,0,1,1,1,27,2,18,1,72,74,0,0,1,80.0,Low Risk
S11965,13,96,2,0,1,1,1,26,0,7,0,50,53,1,2,3,65.0,Low Risk
S11966,13,96,2,0,0,1,1,29,2,9,0,95,91,1,0,0,93.7,Low Risk
S11967,13,96,2,0,0,1,1,27,2,18,1,72,74,0,0,1,80.0,Low Risk
S11968,13,96,2,0,0,1,1,26,0,7,0,50,53,1,2,3,65.0,Low Risk
S11969,13,96,1,0,1,1,1,29,2,9,0,95,91,1,0,0,93.7,Low Risk
S11970,13,96,1,0,1,1,1,27,2,18,1,72,74,0,0,1,80.0,Low Risk
S11971,13,96,1,0,1,1,1,26,0,7,0,50,53,1,2,3,65.0,Low Risk
S11972,13,96,2,1,1,0,1,29,2,9,0,95,91,1,0,0,93.7,Low Risk
S11973,13,96,2,1,1,0,1,27,2,18,1,72,74,0,0,1,80.0,Low Risk
S11974,13,96,2,1,1,0,1,26,0,7,0,50,53,1,2,3,65.0,Low Risk
S11975,19,99,1,1,2,1,0,24,2,0,0,71,80,0,1,1,83.0,Low Risk
S11976,19,99,1,1,2,1,0,26,0,2,0,64,74,1,1,1,78.5,Low Risk
S11977,19,99,1,1,2,1,0,25,1,8,0,53,94,1,2,0,83.2,Low Risk
S11978,19,99,1,1,2,1,0,28,3,9,1,66,52,1,2,3,70.3,Low Risk
S11979,19,99,1,1,2,1,0,18,0,5,1,91,83,0,0,1,90.2,Low Risk
S11980,19,99,2,1,2,0,0,24,2,0,0,71,80,0,1,1,83.0,Low Risk
S11981,19,99,2,1,2,0,0,26,0,2,0,64,74,1,1,1,78.5,Low Risk
S11982,19,99,2,1,2,0,0,25,1,8,0,53,94,1,2,0,83.2,Low Risk
S11983,19,99,2,1,2,0,0,28,3,9,1,66,52,1,2,3,70.3,Low Risk
S11984,19,99,2,1,2,0,0,18,0,5,1,91,83,0,0,1,90.2,Low Risk
S11985,19,99,0,1,0,1,0,24,2,0,0,71,80,0,1,1,83.0,Low Risk
S11986,19,99,0,1,0,1,0,26,0,2,0,64,74,1,1,1,78.5,Low Risk
S11987,19,99,0,1,0,1,0,25,1,8,0,53,94,1,2,0,83.2,Low Risk
S11988,19,99,0,1,0,1,0,28,3,9,1,66,52,1,2,3,70.3,Low Risk
S11989,19,99,0,1,0,1,0,18,0,5,1,91,83,0,0,1,90.2,Low Risk
S11990,29,98,2,0,0,1,1,19,1,11,1,77,69,0,2,2,80.1,Low Risk
S11991,29,98,2,0,0,1,1,22,0,14,1,52,58,1,2,2,68.2,Low Risk
S11992,29,98,2,1,0,1,1,19,1,11,1,77,69,0,2,2,80.1,Low Risk
S11993,29,98,2,1,0,1,1,22,0,14,1,52,58,1,2,2,68.2,Low Risk
S11994,17,73,1,1,0,1,0,27,3,15,0,99,47,1,2,3,70.4,Medium Risk
S11995,17,73,1,1,0,1,0,29,1,14,0,78,80,1,0,1,77.3,Medium Risk
S11996,17,73,1,1,2,1,0,27,3,15,0,99,47,1,2,3,70.4,Medium Risk
S11997,17,73,1,1,2,1,0,29,1,14,0,78,80,1,0,1,77.3,Medium Risk
S11998,17,73,2,0,1,1,0,27,3,15,0,99,47,1,2,3,70.4,Medium Risk
S11999,17,73,2,0,1,1,0,29,1,14,0,78,80,1,0,1,77.3,Medium Risk
S12000,17,73,0,0,2,1,0,27,3,15,0,99,47,1,2,3,70.4,Medium Risk
S12001,17,73,0,0,2,1,0,29,1,14,0,78,80,1,0,1,77.3,Medium Risk
S12002,19,68,1,1,0,1,0,28,2,0,1,79,94,1,2,0,81.69999999999999,Medium Risk
S12003,19,68,2,0,1,0,0,28,2,0,1,79,94,1,2,0,81.69999999999999,Medium Risk
S12004,19,68,2,0,1,1,0,28,2,0,1,79,94,1,2,0,81.69999999999999,Medium Risk
S12005,19,68,2,0,0,0,0,28,2,0,1,79,94,1,2,0,81.69999999999999,Medium Risk
S12006,23,63,1,1,2,1,0,18,3,16,1,86,63,1,2,2,69.9,Medium Risk
S12007,23,63,1,1,1,1,0,18,3,16,1,86,63,1,2,2,69.9,Medium Risk
S12008,23,63,1,1,2,1,0,18,3,16,1,86,63,1,2,2,69.9,Medium Risk
S12009,23,63,2,0,0,1,0,18,3,16,1,86,63,1,2,2,69.9,Medium Risk
S12010,25,94,1,0,0,0,1,25,1,0,1,97,79,1,2,1,88.9,Low Risk
S12011,15,100,0,0,1,1,1,29,2,5,0,58,65,1,0,2,73.4,Low Risk
S12012,15,100,2,0,2,1,1,29,2,5,0,58,65,1,0,2,73.4,Low Risk
S12013,15,100,1,1,1,1,1,29,2,5,0,58,65,1,0,2,73.4,Low Risk
S12014,36,66,2,1,2,1,1,21,3,12,1,50,81,1,2,1,67.2,Medium Risk
S12015,9,71,2,1,1,1,1,24,0,18,0,83,58,1,1,2,69.4,Medium Risk
S12016,25,80,0,0,1,1,1,20,3,5,0,52,79,0,2,1,71.2,Low Risk
S12017,25,80,0,0,1,1,1,23,2,1,0,75,79,1,2,1,78.1,Low Risk
S12018,25,80,1,1,0,1,1,20,3,5,0,52,79,0,2,1,71.2,Low Risk
S12019,25,80,1,1,0,1,1,23,2,1,0,75,79,1,2,1,78.1,Low Risk
S12020,18,90,2,0,2,0,0,27,3,17,1,71,85,1,2,0,82.3,Low Risk
S12021,18,90,2,0,2,0,0,26,2,12,1,74,60,0,0,2,73.2,Low Risk
S12022,18,90,2,1,1,1,0,27,3,17,1,71,85,1,2,0,82.3,Low Risk
S12023,18,90,2,1,1,1,0,26,2,12,1,74,60,0,0,2,73.2,Low Risk
S12024,18,90,1,1,2,1,0,27,3,17,1,71,85,1,2,0,82.3,Low Risk
S12025,18,90,1,1,2,1,0,26,2,12,1,74,60,0,0,2,73.2,Low Risk
S12026,18,90,1,0,0,1,0,27,3,17,1,71,85,1,2,0,82.3,Low Risk
S12027,18,90,1,0,0,1,0,26,2,12,1,74,60,0,0,2,73.2,Low Risk
S12028,18,90,1,0,0,1,0,27,3,17,1,71,85,1,2,0,82.3,Low Risk
S12029,18,90,1,0,0,1,0,26,2,12,1,74,60,0,0,2,73.2,Low Risk
S12030,18,90,2,1,0,1,0,27,3,17,1,71,85,1,2,0,82.3,Low Risk
S12031,18,90,2,1,0,1,0,26,2,12,1,74,60,0,0,2,73.2,Low Risk
S12032,8,75,1,0,1,1,1,27,3,11,0,89,55,0,1,2,71.2,Low Risk
S12033,8,75,1,0,1,1,1,21,3,17,0,64,77,1,2,1,72.5,Low Risk
S12034,8,75,1,0,1,1,1,27,1,9,1,84,100,1,2,0,87.7,Low Risk
S12035,27,77,1,1,0,1,1,23,3,9,0,82,91,0,2,0,84.1,Low Risk
S12036,27,77,2,0,2,1,1,23,3,9,0,82,91,0,2,0,84.1,Low Risk
S12037,27,77,2,1,0,1,1,23,3,9,0,82,91,0,2,0,84.1,Low Risk
S12038,10,63,1,0,1,1,1,21,1,3,1,90,100,1,2,0,85.9,Medium Risk
S12039,10,63,1,0,1,1,1,27,1,19,1,73,89,1,1,0,76.4,Medium Risk
S12040,10,63,1,0,1,1,1,24,1,3,1,93,66,1,0,2,73.19999999999999,Medium Risk
S12041,10,63,1,0,1,1,1,27,1,1,0,69,97,1,2,0,78.4,Medium Risk
S12042,10,63,1,0,1,1,1,18,1,14,1,85,82,0,0,1,77.2,Medium Risk
S12043,10,63,2,0,0,0,1,21,1,3,1,90,100,1,2,0,85.9,Medium Risk
S12044,10,63,2,0,0,0,1,27,1,19,1,73,89,1,1,0,76.4,Medium Risk
S12045,10,63,2,0,0,0,1,24,1,3,1,93,66,1,0,2,73.19999999999999,Medium Risk
S12046,10,63,2,0,0,0,1,27,1,1,0,69,97,1,2,0,78.4,Medium Risk
S12047,10,63,2,0,0,0,1,18,1,14,1,85,82,0,0,1,77.2,Medium Risk
S12048,10,63,1,0,0,1,1,21,1,3,1,90,100,1,2,0,85.9,Medium Risk
S12049,10,63,1,0,0,1,1,27,1,19,1,73,89,1,1,0,76.4,Medium Risk
S12050,10,63,1,0,0,1,1,24,1,3,1,93,66,1,0,2,73.19999999999999,Medium Risk
S12051,10,63,1,0,0,1,1,27,1,1,0,69,97,1,2,0,78.4,Medium Risk
S12052,10,63,1,0,0,1,1,18,1,14,1,85,82,0,0,1,77.2,Medium Risk
S12053,22,92,1,0,1,1,1,27,3,1,1,55,56,1,2,2,66.5,Low Risk
S12054,22,92,1,0,1,1,1,29,0,3,0,51,42,1,0,3,59.7,Medium Risk
S12055,22,92,1,0,1,1,1,22,1,8,1,65,63,1,2,2,72.3,Low Risk
S12056,22,92,0,0,1,1,1,27,3,1,1,55,56,1,2,2,66.5,Low Risk
S12057,22,92,0,0,1,1,1,29,0,3,0,51,42,1,0,3,59.7,Medium Risk
S12058,22,92,0,0,1,1,1,22,1,8,1,65,63,1,2,2,72.3,Low Risk
S12059,22,92,0,1,2,1,1,27,3,1,1,55,56,1,2,2,66.5,Low Risk
S12060,22,92,0,1,2,1,1,29,0,3,0,51,42,1,0,3,59.7,Medium Risk
S12061,22,92,0,1,2,1,1,22,1,8,1,65,63,1,2,2,72.3,Low Risk
S12062,22,92,0,1,0,1,1,27,3,1,1,55,56,1,2,2,66.5,Low Risk
S12063,22,92,0,1,0,1,1,29,0,3,0,51,42,1,0,3,59.7,Medium Risk
S12064,22,92,0,1,0,1,1,22,1,8,1,65,63,1,2,2,72.3,Low Risk
S12065,22,92,2,0,0,1,1,27,3,1,1,55,56,1,2,2,66.5,Low Risk
S12066,22,92,2,0,0,1,1,29,0,3,0,51,42,1,0,3,59.7,Medium Risk
S12067,22,92,2,0,0,1,1,22,1,8,1,65,63,1,2,2,72.3,Low Risk
S12068,22,92,0,0,0,1,1,27,3,1,1,55,56,1,2,2,66.5,Low Risk
S12069,22,92,0,0,0,1,1,29,0,3,0,51,42,1,0,3,59.7,Medium Risk
S12070,22,92,0,0,0,1,1,22,1,8,1,65,63,1,2,2,72.3,Low Risk
S12071,22,92,2,0,1,1,1,27,3,1,1,55,56,1,2,2,66.5,Low Risk
S12072,22,92,2,0,1,1,1,29,0,3,0,51,42,1,0,3,59.7,Medium Risk
S12073,22,92,2,0,1,1,1,22,1,8,1,65,63,1,2,2,72.3,Low Risk
S12074,22,92,1,1,1,1,1,27,3,1,1,55,56,1,2,2,66.5,Low Risk
S12075,22,92,1,1,1,1,1,29,0,3,0,51,42,1,0,3,59.7,Medium Risk
S12076,22,92,1,1,1,1,1,22,1,8,1,65,63,1,2,2,72.3,Low Risk
S12077,29,64,2,1,1,1,0,20,2,6,0,99,49,1,2,3,68.5,Medium Risk
S12078,29,64,1,0,1,1,0,20,2,6,0,99,49,1,2,3,68.5,Medium Risk
S12079,13,67,2,1,1,1,0,28,0,0,0,56,82,0,2,1,69.7,Medium Risk
S12080,13,67,2,1,1,1,0,21,0,6,0,84,81,1,2,1,77.69999999999999,Medium Risk
S12081,21,77,0,1,0,1,0,29,0,11,1,83,92,1,1,0,84.8,Low Risk
S12082,21,77,0,1,2,1,0,29,0,11,1,83,92,1,1,0,84.8,Low Risk
S12083,21,77,1,1,1,1,0,29,0,11,1,83,92,1,1,0,84.8,Low Risk
S12084,21,77,1,1,0,1,0,29,0,11,1,83,92,1,1,0,84.8,Low Risk
S12085,7,84,2,1,0,1,1,25,3,8,1,63,88,1,1,0,79.3,Low Risk
S12086,7,84,2,1,0,1,1,20,3,9,1,84,55,0,2,2,72.4,Low Risk
S12087,7,84,1,1,1,0,1,25,3,8,1,63,88,1,1,0,79.3,Low Risk
S12088,7,84,1,1,1,0,1,20,3,9,1,84,55,0,2,2,72.4,Low Risk
S12089,7,84,2,0,1,1,1,25,3,8,1,63,88,1,1,0,79.3,Low Risk
S12090,7,84,2,0,1,1,1,20,3,9,1,84,55,0,2,2,72.4,Low Risk
S12091,7,66,0,1,2,1,1,18,0,7,0,64,79,0,2,1,70.6,Medium Risk
S12092,7,66,0,1,2,1,1,21,2,17,0,56,65,1,1,2,62.599999999999994,Medium Risk
S12093,7,66,0,1,2,1,1,19,2,17,1,67,70,1,1,1,67.89999999999999,Medium Risk
S12094,7,64,2,0,2,1,1,29,2,17,1,79,60,1,1,2,66.9,Medium Risk
S12095,28,84,1,1,1,1,1,21,3,3,1,78,65,1,1,2,74.6,Low Risk
S12096,28,84,1,1,1,1,1,24,2,7,1,100,44,1,2,3,72.8,Medium Risk
S12097,28,84,2,1,2,1,1,21,3,3,1,78,65,1,1,2,74.6,Low Risk
S12098,28,84,2,1,2,1,1,24,2,7,1,100,44,1,2,3,72.8,Medium Risk
S12099,7,70,1,1,1,1,0,25,1,6,1,53,62,1,2,2,61.7,Medium Risk
S12100,7,70,1,1,1,1,0,24,1,8,0,61,41,1,2,3,55.7,Medium Risk
S12101,23,95,1,0,0,1,0,21,2,2,1,54,98,0,2,0,83.9,Low Risk
S12102,23,95,1,0,0,1,0,26,2,20,0,64,73,1,2,1,76.9,Low Risk
S12103,23,95,0,0,2,1,0,21,2,2,1,54,98,0,2,0,83.9,Low Risk
S12104,23,95,0,0,2,1,0,26,2,20,0,64,73,1,2,1,76.9,Low Risk
S12105,23,95,1,1,2,1,0,21,2,2,1,54,98,0,2,0,83.9,Low Risk
S12106,23,95,1,1,2,1,0,26,2,20,0,64,73,1,2,1,76.9,Low Risk
S12107,23,95,1,0,1,1,0,21,2,2,1,54,98,0,2,0,83.9,Low Risk
S12108,23,95,1,0,1,1,0,26,2,20,0,64,73,1,2,1,76.9,Low Risk
S12109,44,68,0,0,0,1,0,21,3,7,0,99,85,0,2,0,84.1,Medium Risk
S12110,7,98,1,0,2,1,0,25,3,16,1,65,77,0,1,1,79.69999999999999,Low Risk
S12111,7,98,1,0,2,1,0,19,3,2,0,56,59,0,2,2,69.80000000000001,Low Risk
S12112,28,69,0,0,0,1,1,26,0,1,1,54,42,0,1,3,53.7,Medium Risk
S12113,28,69,2,0,0,1,1,26,0,1,1,54,42,0,1,3,53.7,Medium Risk
S12114,28,69,1,1,1,1,1,26,0,1,1,54,42,0,1,3,53.7,Medium Risk
S12115,28,69,2,1,0,0,1,26,0,1,1,54,42,0,1,3,53.7,Medium Risk
S12116,28,69,2,1,0,1,1,26,0,1,1,54,42,0,1,3,53.7,Medium Risk
S12117,28,69,0,0,1,1,1,26,0,1,1,54,42,0,1,3,53.7,Medium Risk
S12118,29,73,1,0,0,1,1,22,3,5,1,76,90,1,2,0,80.69999999999999,Medium Risk
S12119,29,73,1,0,0,1,1,21,1,11,1,52,91,0,0,0,73.9,Medium Risk
S12120,10,93,1,1,1,1,0,21,3,13,0,52,63,1,1,2,68.7,Low Risk
S12121,10,93,1,1,1,1,0,18,3,10,1,76,56,0,2,2,73.1,Low Risk
S12122,10,93,1,1,1,1,0,23,2,17,1,76,73,1,2,1,79.9,Low Risk
S12123,18,61,1,0,1,1,0,27,3,0,0,54,82,0,2,1,67.3,Medium Risk
S12124,18,61,1,0,1,1,0,24,1,2,1,97,66,1,2,2,73.8,Medium Risk
S12125,18,61,0,0,1,1,0,27,3,0,0,54,82,0,2,1,67.3,Medium Risk
S12126,18,61,0,0,1,1,0,24,1,2,1,97,66,1,2,2,73.8,Medium Risk
S12127,18,61,0,1,2,1,0,27,3,0,0,54,82,0,2,1,67.3,Medium Risk
S12128,18,61,0,1,2,1,0,24,1,2,1,97,66,1,2,2,73.8,Medium Risk
S12129,17,66,1,1,1,0,0,28,2,5,0,77,49,1,2,3,62.5,Medium Risk
S12130,17,66,1,1,1,0,0,21,0,4,1,88,68,1,0,2,73.4,Medium Risk
S12131,17,66,1,1,1,0,0,26,2,16,1,77,85,0,2,0,76.89999999999999,Medium Risk
S12132,17,66,1,1,1,0,0,26,3,2,1,89,57,0,1,2,69.3,Medium Risk
S12133,17,66,1,0,1,1,0,28,2,5,0,77,49,1,2,3,62.5,Medium Risk
S12134,17,66,1,0,1,1,0,21,0,4,1,88,68,1,0,2,73.4,Medium Risk
S12135,17,66,1,0,1,1,0,26,2,16,1,77,85,0,2,0,76.89999999999999,Medium Risk
S12136,17,66,1,0,1,1,0,26,3,2,1,89,57,0,1,2,69.3,Medium Risk
S12137,14,75,1,1,1,1,1,28,0,4,1,78,42,0,2,3,62.7,Medium Risk
S12138,14,75,1,0,1,1,1,28,0,4,1,78,42,0,2,3,62.7,Medium Risk
S12139,14,75,1,1,1,1,1,28,0,4,1,78,42,0,2,3,62.7,Medium Risk
S12140,16,60,2,1,0,1,1,23,0,15,1,96,44,1,0,3,64.4,Medium Risk
S12141,16,60,0,0,0,1,1,23,0,15,1,96,44,1,0,3,64.4,Medium Risk
S12142,9,90,1,1,0,1,0,23,3,9,0,86,98,1,0,0,92.0,Low Risk
S12143,9,91,1,0,2,1,1,28,0,5,0,76,91,1,0,0,86.5,Low Risk
S12144,9,91,1,0,2,1,1,21,0,17,0,84,58,1,2,2,75.7,Low Risk
S12145,9,91,1,0,2,1,1,28,0,5,0,76,91,1,0,0,86.5,Low Risk
S12146,9,91,1,0,2,1,1,21,0,17,0,84,58,1,2,2,75.7,Low Risk
S12147,32,75,1,1,2,1,1,27,0,2,1,98,99,1,2,0,91.5,Low Risk
S12148,32,75,1,1,2,1,1,29,3,6,1,51,62,0,2,2,62.6,Low Risk
S12149,32,75,0,0,1,1,1,27,0,2,1,98,99,1,2,0,91.5,Low Risk
S12150,32,75,0,0,1,1,1,29,3,6,1,51,62,0,2,2,62.6,Low Risk
S12151,10,97,2,0,0,1,1,28,0,1,0,98,89,1,1,0,94.1,Low Risk
S12152,10,97,2,0,0,1,1,18,2,0,1,92,66,1,2,2,83.1,Low Risk
S12153,10,97,2,0,0,1,1,21,1,7,1,73,91,0,2,0,87.39999999999999,Low Risk
S12154,34,68,1,0,2,1,1,18,3,3,1,70,87,1,2,0,76.2,Medium Risk
S12155,14,71,2,0,1,1,0,27,3,9,0,62,62,1,0,2,64.7,Medium Risk
S12156,14,71,2,0,1,1,0,25,2,19,1,89,94,1,1,0,85.6,Medium Risk
S12157,14,71,0,1,0,1,0,27,3,9,0,62,62,1,0,2,64.7,Medium Risk
S12158,14,71,0,1,0,1,0,25,2,19,1,89,94,1,1,0,85.6,Medium Risk
S12159,14,71,2,1,1,1,0,27,3,9,0,62,62,1,0,2,64.7,Medium Risk
S12160,14,71,2,1,1,1,0,25,2,19,1,89,94,1,1,0,85.6,Medium Risk
S12161,22,100,1,1,1,1,0,18,3,6,0,69,59,1,2,2,74.3,Low Risk
S12162,22,100,1,1,1,1,0,28,2,12,1,53,65,1,0,2,71.9,Low Risk
S12163,9,60,0,1,1,1,0,29,0,7,1,72,97,1,2,0,78.4,Medium Risk
S12164,9,60,0,1,1,1,0,24,2,16,1,96,85,1,1,0,80.8,Medium Risk
S12165,9,60,0,1,1,1,0,29,3,13,1,66,94,1,2,0,75.4,Medium Risk
S12166,31,84,1,1,0,1,0,26,1,12,1,94,99,1,2,0,93.0,Low Risk
S12167,11,88,0,1,0,1,0,29,0,7,1,52,60,1,1,2,66.0,Low Risk
S12168,28,78,1,0,0,1,1,27,3,12,0,98,87,0,0,0,87.6,Low Risk
S12169,28,78,1,1,0,1,1,27,3,12,0,98,87,0,0,0,87.6,Low Risk
S12170,12,77,0,1,1,1,0,24,0,8,1,86,64,1,0,2,74.5,Low Risk
S12171,12,77,0,1,1,1,0,23,3,11,0,69,76,1,1,1,74.2,Low Risk
S12172,12,77,0,1,1,1,0,18,0,7,1,100,94,1,1,0,90.69999999999999,Low Risk
S12173,12,77,1,0,0,1,0,24,0,8,1,86,64,1,0,2,74.5,Low Risk
S12174,12,77,1,0,0,1,0,23,3,11,0,69,76,1,1,1,74.2,Low Risk
S12175,12,77,1,0,0,1,0,18,0,7,1,100,94,1,1,0,90.69999999999999,Low Risk
S12176,27,65,1,1,1,1,0,28,2,1,1,84,78,1,2,1,75.9,Medium Risk
S12177,27,65,1,1,1,1,0,28,2,1,1,84,78,1,2,1,75.9,Medium Risk
S12178,18,63,0,0,1,1,1,25,1,4,0,75,61,1,0,2,65.80000000000001,Medium Risk
S12179,18,63,0,0,1,1,1,21,2,17,0,79,72,1,2,1,71.4,Medium Risk
S12180,18,63,2,0,1,1,1,25,1,4,0,75,61,1,0,2,65.80000000000001,Medium Risk
S12181,18,63,2,0,1,1,1,21,2,17,0,79,72,1,2,1,71.4,Medium Risk
S12182,21,97,0,0,1,1,0,23,3,2,0,61,87,1,2,0,82.2,Low Risk
S12183,21,97,0,0,1,1,0,22,3,13,0,91,57,1,2,2,79.2,Low Risk
S12184,21,97,0,0,1,1,0,23,3,2,0,61,87,1,2,0,82.2,Low Risk
S12185,21,97,0,0,1,1,0,22,3,13,0,91,57,1,2,2,79.2,Low Risk
S12186,21,97,2,0,0,1,0,23,3,2,0,61,87,1,2,0,82.2,Low Risk
S12187,21,97,2,0,0,1,0,22,3,13,0,91,57,1,2,2,79.2,Low Risk
S12188,21,97,1,1,2,1,0,23,3,2,0,61,87,1,2,0,82.2,Low Risk
S12189,21,97,1,1,2,1,0,22,3,13,0,91,57,1,2,2,79.2,Low Risk
S12190,17,90,1,1,0,1,0,27,3,19,1,82,53,1,2,3,72.8,Low Risk
S12191,17,90,1,1,0,1,0,28,2,18,0,71,56,0,2,2,70.7,Low Risk
S12192,17,90,1,1,0,1,0,20,0,16,0,86,91,0,1,0,89.2,Low Risk
S12193,17,90,1,1,0,1,0,28,2,5,1,56,77,1,0,1,74.6,Low Risk
S12194,17,90,1,1,0,1,0,26,0,7,1,76,42,1,2,3,66.6,Medium Risk
S12195,17,90,2,0,1,1,0,27,3,19,1,82,53,1,2,3,72.8,Low Risk
S12196,17,90,2,0,1,1,0,28,2,18,0,71,56,0,2,2,70.7,Low Risk
S12197,17,90,2,0,1,1,0,20,0,16,0,86,91,0,1,0,89.2,Low Risk
S12198,17,90,2,0,1,1,0,28,2,5,1,56,77,1,0,1,74.6,Low Risk
S12199,17,90,2,0,1,1,0,26,0,7,1,76,42,1,2,3,66.6,Medium Risk
S12200,17,90,2,1,0,1,0,27,3,19,1,82,53,1,2,3,72.8,Low Risk
S12201,17,90,2,1,0,1,0,28,2,18,0,71,56,0,2,2,70.7,Low Risk
S12202,17,90,2,1,0,1,0,20,0,16,0,86,91,0,1,0,89.2,Low Risk
S12203,17,90,2,1,0,1,0,28,2,5,1,56,77,1,0,1,74.6,Low Risk
S12204,17,90,2,1,0,1,0,26,0,7,1,76,42,1,2,3,66.6,Medium Risk
S12205,5,88,1,0,1,1,0,18,3,8,1,75,66,1,1,2,75.30000000000001,Low Risk
S12206,16,70,1,1,2,1,0,29,2,15,0,62,71,1,2,1,68.0,Medium Risk
S12207,16,70,1,1,2,1,0,28,0,19,1,81,97,0,1,0,84.10000000000001,Medium Risk
S12208,16,70,1,1,2,1,0,23,2,4,1,59,78,1,2,1,69.9,Medium Risk
S12209,16,70,2,0,2,0,0,29,2,15,0,62,71,1,2,1,68.0,Medium Risk
S12210,16,70,2,0,2,0,0,28,0,19,1,81,97,0,1,0,84.10000000000001,Medium Risk
S12211,16,70,2,0,2,0,0,23,2,4,1,59,78,1,2,1,69.9,Medium Risk
S12212,21,87,2,1,2,1,0,26,0,14,0,63,55,1,0,2,67.0,Low Risk
S12213,21,87,2,1,2,1,0,19,3,0,0,56,43,0,2,3,60.099999999999994,Medium Risk
S12214,21,87,1,1,1,1,0,26,0,14,0,63,55,1,0,2,67.0,Low Risk
S12215,21,87,1,1,1,1,0,19,3,0,0,56,43,0,2,3,60.099999999999994,Medium Risk
S12216,21,87,0,1,1,1,0,26,0,14,0,63,55,1,0,2,67.0,Low Risk
S12217,21,87,0,1,1,1,0,19,3,0,0,56,43,0,2,3,60.099999999999994,Medium Risk
S12218,21,85,1,0,1,1,0,18,3,8,1,72,45,0,2,3,65.1,Medium Risk
S12219,21,85,1,0,1,1,0,26,2,6,0,85,56,1,1,2,73.4,Low Risk
S12220,21,85,1,0,1,1,0,18,0,14,0,97,52,0,1,3,75.4,Low Risk
S12221,21,85,1,0,0,1,0,18,3,8,1,72,45,0,2,3,65.1,Medium Risk
S12222,21,85,1,0,0,1,0,26,2,6,0,85,56,1,1,2,73.4,Low Risk
S12223,21,85,1,0,0,1,0,18,0,14,0,97,52,0,1,3,75.4,Low Risk
S12224,21,85,2,1,1,1,0,18,3,8,1,72,45,0,2,3,65.1,Medium Risk
S12225,21,85,2,1,1,1,0,26,2,6,0,85,56,1,1,2,73.4,Low Risk
S12226,21,85,2,1,1,1,0,18,0,14,0,97,52,0,1,3,75.4,Low Risk
S12227,21,85,1,1,0,1,0,18,3,8,1,72,45,0,2,3,65.1,Medium Risk
S12228,21,85,1,1,0,1,0,26,2,6,0,85,56,1,1,2,73.4,Low Risk
S12229,21,85,1,1,0,1,0,18,0,14,0,97,52,0,1,3,75.4,Low Risk
S12230,8,80,1,0,1,1,1,19,0,19,0,82,91,1,0,0,85.0,Low Risk
S12231,8,80,1,0,1,1,1,20,1,0,1,71,82,1,2,1,78.10000000000001,Low Risk
S12232,8,80,1,0,1,1,1,27,3,4,1,62,66,1,0,2,69.0,Low Risk
S12233,8,80,1,1,1,1,1,19,0,19,0,82,91,1,0,0,85.0,Low Risk
S12234,8,80,1,1,1,1,1,20,1,0,1,71,82,1,2,1,78.10000000000001,Low Risk
S12235,8,80,1,1,1,1,1,27,3,4,1,62,66,1,0,2,69.0,Low Risk
S12236,27,91,2,0,1,1,0,24,0,9,1,98,58,1,1,2,79.9,Low Risk
S12237,27,91,2,0,1,1,0,27,0,6,1,55,70,1,0,1,71.8,Low Risk
S12238,27,91,2,0,1,1,0,22,1,8,1,89,95,0,2,0,92.0,Low Risk
S12239,27,91,2,0,1,1,0,26,0,2,0,92,60,1,0,2,78.89999999999999,Low Risk
S12240,27,91,2,0,1,1,0,26,3,11,0,80,84,1,2,1,84.9,Low Risk
S12241,27,91,2,1,0,1,0,24,0,9,1,98,58,1,1,2,79.9,Low Risk
S12242,27,91,2,1,0,1,0,27,0,6,1,55,70,1,0,1,71.8,Low Risk
S12243,27,91,2,1,0,1,0,22,1,8,1,89,95,0,2,0,92.0,Low Risk
S12244,27,91,2,1,0,1,0,26,0,2,0,92,60,1,0,2,78.89999999999999,Low Risk
S12245,27,91,2,1,0,1,0,26,3,11,0,80,84,1,2,1,84.9,Low Risk
S12246,27,91,1,0,1,1,0,24,0,9,1,98,58,1,1,2,79.9,Low Risk
S12247,27,91,1,0,1,1,0,27,0,6,1,55,70,1,0,1,71.8,Low Risk
S12248,27,91,1,0,1,1,0,22,1,8,1,89,95,0,2,0,92.0,Low Risk
S12249,27,91,1,0,1,1,0,26,0,2,0,92,60,1,0,2,78.89999999999999,Low Risk
S12250,27,91,1,0,1,1,0,26,3,11,0,80,84,1,2,1,84.9,Low Risk
S12251,27,91,2,0,1,0,0,24,0,9,1,98,58,1,1,2,79.9,Low Risk
S12252,27,91,2,0,1,0,0,27,0,6,1,55,70,1,0,1,71.8,Low Risk
S12253,27,91,2,0,1,0,0,22,1,8,1,89,95,0,2,0,92.0,Low Risk
S12254,27,91,2,0,1,0,0,26,0,2,0,92,60,1,0,2,78.89999999999999,Low Risk
S12255,27,91,2,0,1,0,0,26,3,11,0,80,84,1,2,1,84.9,Low Risk
S12256,15,93,1,1,1,1,0,28,3,10,0,95,42,0,2,3,73.19999999999999,Medium Risk
S12257,15,93,1,1,1,1,0,20,2,9,1,96,42,1,2,3,73.5,Medium Risk
S12258,15,93,1,1,1,1,0,23,1,4,0,62,92,1,2,0,83.30000000000001,Low Risk
S12259,15,93,1,1,1,1,0,21,1,10,1,58,54,1,1,3,66.9,Low Risk
S12260,15,93,1,0,2,1,0,28,3,10,0,95,42,0,2,3,73.19999999999999,Medium Risk
S12261,15,93,1,0,2,1,0,20,2,9,1,96,42,1,2,3,73.5,Medium Risk
S12262,15,93,1,0,2,1,0,23,1,4,0,62,92,1,2,0,83.30000000000001,Low Risk
S12263,15,93,1,0,2,1,0,21,1,10,1,58,54,1,1,3,66.9,Low Risk
S12264,15,93,1,1,1,1,0,28,3,10,0,95,42,0,2,3,73.19999999999999,Medium Risk
S12265,15,93,1,1,1,1,0,20,2,9,1,96,42,1,2,3,73.5,Medium Risk
S12266,15,93,1,1,1,1,0,23,1,4,0,62,92,1,2,0,83.30000000000001,Low Risk
S12267,15,93,1,1,1,1,0,21,1,10,1,58,54,1,1,3,66.9,Low Risk
S12268,15,93,0,1,0,1,0,28,3,10,0,95,42,0,2,3,73.19999999999999,Medium Risk
S12269,15,93,0,1,0,1,0,20,2,9,1,96,42,1,2,3,73.5,Medium Risk
S12270,15,93,0,1,0,1,0,23,1,4,0,62,92,1,2,0,83.30000000000001,Low Risk
S12271,15,93,0,1,0,1,0,21,1,10,1,58,54,1,1,3,66.9,Low Risk
S12272,11,99,1,1,1,1,0,22,3,11,0,93,56,1,2,2,80.0,Low Risk
S12273,11,99,1,1,1,1,0,21,1,4,1,94,49,1,1,3,77.5,Medium Risk
S12274,11,99,1,0,1,1,0,22,3,11,0,93,56,1,2,2,80.0,Low Risk
S12275,11,99,1,0,1,1,0,21,1,4,1,94,49,1,1,3,77.5,Medium Risk
S12276,31,77,0,1,2,1,0,24,1,6,1,88,60,1,1,2,73.5,Low Risk
S12277,31,77,0,1,2,1,0,28,2,13,1,80,65,1,2,2,73.1,Low Risk
S12278,31,61,1,0,1,1,0,29,3,0,1,80,94,1,1,0,79.9,Medium Risk
S12279,31,61,1,0,1,1,0,23,2,10,0,85,49,0,1,3,63.400000000000006,Medium Risk
S12280,31,61,1,0,1,1,0,23,2,4,0,53,68,0,2,2,61.400000000000006,Medium Risk
S12281,31,61,1,0,1,1,0,18,1,13,0,93,40,1,0,3,62.2,Medium Risk
S12282,21,68,1,0,0,1,0,18,1,6,1,84,61,1,1,2,70.0,Medium Risk
S12283,21,68,1,0,0,1,0,28,0,2,1,87,84,1,2,1,80.1,Medium Risk
S12284,21,68,1,0,0,1,0,23,0,4,0,52,54,1,2,3,57.6,Medium Risk
S12285,27,62,0,0,1,1,1,22,1,0,1,66,74,1,2,1,68.0,Medium Risk
S12286,27,62,1,0,0,1,1,22,1,0,1,66,74,1,2,1,68.0,Medium Risk
S12287,27,62,0,1,1,1,1,22,1,0,1,66,74,1,2,1,68.0,Medium Risk
S12288,27,62,1,0,1,1,1,22,1,0,1,66,74,1,2,1,68.0,Medium Risk
S12289,23,83,0,0,1,1,0,23,3,16,1,94,66,0,2,2,79.5,Low Risk
S12290,23,83,0,0,1,1,0,27,1,10,1,58,99,1,1,0,81.9,Low Risk
S12291,23,83,0,0,1,1,0,24,1,14,0,95,99,0,1,0,93.0,Low Risk
S12292,23,83,0,0,1,1,0,21,0,16,1,71,94,0,0,0,83.80000000000001,Low Risk
S12293,23,83,0,0,1,1,0,18,3,4,0,60,66,1,2,2,69.30000000000001,Low Risk
S12294,23,83,0,1,1,0,0,23,3,16,1,94,66,0,2,2,79.5,Low Risk
S12295,23,83,0,1,1,0,0,27,1,10,1,58,99,1,1,0,81.9,Low Risk
S12296,23,83,0,1,1,0,0,24,1,14,0,95,99,0,1,0,93.0,Low Risk
S12297,23,83,0,1,1,0,0,21,0,16,1,71,94,0,0,0,83.80000000000001,Low Risk
S12298,23,83,0,1,1,0,0,18,3,4,0,60,66,1,2,2,69.30000000000001,Low Risk
S12299,16,98,0,1,1,1,0,24,1,1,0,59,94,1,0,0,84.69999999999999,Low Risk
S12300,16,98,0,1,1,1,0,23,0,11,0,52,51,0,1,3,65.4,Low Risk
S12301,16,98,0,1,1,1,0,20,1,5,1,96,49,0,1,3,77.8,Medium Risk
S12302,16,98,1,0,1,1,0,24,1,1,0,59,94,1,0,0,84.69999999999999,Low Risk
S12303,16,98,1,0,1,1,0,23,0,11,0,52,51,0,1,3,65.4,Low Risk
S12304,16,98,1,0,1,1,0,20,1,5,1,96,49,0,1,3,77.8,Medium Risk
S12305,12,62,2,1,2,1,1,29,1,0,1,61,58,0,0,2,60.099999999999994,Medium Risk
S12306,12,62,2,1,2,1,1,20,1,17,0,87,100,1,2,0,84.69999999999999,Medium Risk
S12307,9,100,0,0,1,1,1,27,2,12,1,76,47,1,2,3,71.6,Medium Risk
S12308,9,100,0,0,1,1,1,28,1,10,1,77,43,1,0,3,70.3,Medium Risk
S12309,9,100,0,0,1,1,1,20,0,16,0,99,71,1,1,1,88.1,Low Risk
S12310,13,74,2,1,1,1,1,27,0,0,0,82,89,0,1,0,82.4,Medium Risk
S12311,13,74,2,1,1,1,1,23,2,19,1,62,49,1,1,3,60.400000000000006,Medium Risk
S12312,13,74,1,0,0,1,1,27,0,0,0,82,89,0,1,0,82.4,Medium Risk
S12313,13,74,1,0,0,1,1,23,2,19,1,62,49,1,1,3,60.400000000000006,Medium Risk
S12314,13,74,2,1,2,1,1,27,0,0,0,82,89,0,1,0,82.4,Medium Risk
S12315,13,74,2,1,2,1,1,23,2,19,1,62,49,1,1,3,60.400000000000006,Medium Risk
S12316,17,62,0,0,1,1,0,20,3,1,1,72,81,1,2,1,72.6,Medium Risk
S12317,17,62,0,0,1,1,0,26,0,4,1,87,81,0,1,1,77.1,Medium Risk
S12318,17,62,0,0,1,1,0,18,3,20,0,69,50,1,2,3,59.3,Medium Risk
S12319,17,62,0,0,1,1,0,26,2,14,1,94,76,1,1,1,77.2,Medium Risk
S12320,17,62,0,0,1,1,0,27,3,11,1,83,81,1,0,1,75.89999999999999,Medium Risk
S12321,17,62,0,0,1,1,0,20,2,9,1,60,44,0,0,3,54.2,Medium Risk
S12322,17,62,0,0,2,1,0,20,3,1,1,72,81,1,2,1,72.6,Medium Risk
S12323,17,62,0,0,2,1,0,26,0,4,1,87,81,0,1,1,77.1,Medium Risk
S12324,17,62,0,0,2,1,0,18,3,20,0,69,50,1,2,3,59.3,Medium Risk
S12325,17,62,0,0,2,1,0,26,2,14,1,94,76,1,1,1,77.2,Medium Risk
S12326,17,62,0,0,2,1,0,27,3,11,1,83,81,1,0,1,75.89999999999999,Medium Risk
S12327,17,62,0,0,2,1,0,20,2,9,1,60,44,0,0,3,54.2,Medium Risk
S12328,9,75,1,0,0,1,0,22,0,13,1,58,98,1,0,0,79.1,Low Risk
S12329,9,75,1,0,0,1,0,23,2,12,1,89,72,1,2,1,78.0,Low Risk
S12330,9,75,1,0,0,1,0,21,1,19,1,94,84,1,1,1,84.3,Low Risk
S12331,10,69,1,1,0,1,0,29,1,1,1,60,82,0,2,1,71.5,Medium Risk
S12332,10,69,1,0,1,1,0,29,1,1,1,60,82,0,2,1,71.5,Medium Risk
S12333,29,63,0,1,2,0,1,27,3,6,1,87,72,1,2,1,73.8,Medium Risk
S12334,7,63,2,1,1,1,1,23,1,17,1,53,76,1,1,1,65.19999999999999,Medium Risk
S12335,7,63,2,1,1,1,1,29,1,2,1,91,51,0,2,3,66.6,Medium Risk
S12336,7,63,2,1,1,1,1,24,3,4,1,52,98,1,1,0,73.7,Medium Risk
S12337,7,63,2,1,1,1,1,18,1,20,1,69,56,1,2,2,62.0,Medium Risk
S12338,15,88,2,1,1,1,0,29,1,15,1,94,87,1,2,0,89.4,Low Risk
S12339,15,88,2,1,1,1,0,23,3,19,0,93,71,1,2,1,82.69999999999999,Low Risk
S12340,15,88,1,1,1,1,0,29,1,15,1,94,87,1,2,0,89.4,Low Risk
S12341,15,88,1,1,1,1,0,23,3,19,0,93,71,1,2,1,82.69999999999999,Low Risk
S12342,15,88,1,1,1,1,0,29,1,15,1,94,87,1,2,0,89.4,Low Risk
S12343,15,88,1,1,1,1,0,23,3,19,0,93,71,1,2,1,82.69999999999999,Low Risk
S12344,10,77,2,0,0,1,1,24,3,10,0,82,43,1,2,3,64.89999999999999,Medium Risk
S12345,10,77,2,0,1,1,1,24,3,10,0,82,43,1,2,3,64.89999999999999,Medium Risk
S12346,13,80,2,0,1,1,1,27,2,5,0,79,63,1,2,2,72.9,Low Risk
S12347,13,80,2,0,1,1,1,24,0,0,0,63,80,0,0,1,74.9,Low Risk
S12348,13,80,2,0,1,1,1,28,0,13,1,91,43,0,2,3,68.5,Medium Risk
S12349,9,83,0,1,1,1,0,26,0,18,0,89,88,0,1,0,86.80000000000001,Low Risk
S12350,9,83,0,1,1,1,0,21,1,0,1,72,92,0,1,0,83.30000000000001,Low Risk
S12351,14,92,0,1,0,1,0,28,3,0,0,85,90,1,1,0,89.1,Low Risk
S12352,14,92,0,1,0,1,0,22,0,18,1,91,94,0,2,0,92.5,Low Risk
S12353,14,92,0,1,0,1,0,24,2,18,1,54,68,1,1,2,71.0,Low Risk
S12354,11,60,2,0,2,1,1,21,1,1,0,98,78,1,2,1,78.6,Medium Risk
S12355,11,60,2,0,2,1,1,26,0,19,0,79,92,1,1,0,78.5,Medium Risk
S12356,26,64,1,1,0,1,0,20,1,5,1,76,96,1,2,0,80.4,Medium Risk
S12357,26,64,1,1,0,1,0,25,2,11,1,100,44,1,2,3,66.8,Medium Risk
S12358,26,64,1,1,0,1,0,25,3,20,1,80,61,1,1,2,67.60000000000001,Medium Risk
S12359,26,64,1,1,0,1,0,21,1,7,0,65,94,1,2,0,76.3,Medium Risk
S12360,13,86,1,0,1,0,1,26,1,11,0,99,82,1,0,1,88.3,Low Risk
S12361,13,86,1,0,1,0,1,24,3,11,1,96,90,1,2,0,90.6,Low Risk
S12362,13,86,2,0,1,1,1,26,1,11,0,99,82,1,0,1,88.3,Low Risk
S12363,13,86,2,0,1,1,1,24,3,11,1,96,90,1,2,0,90.6,Low Risk
S12364,13,86,0,1,1,1,1,26,1,11,0,99,82,1,0,1,88.3,Low Risk
S12365,13,86,0,1,1,1,1,24,3,11,1,96,90,1,2,0,90.6,Low Risk
S12366,13,86,1,0,1,1,1,26,1,11,0,99,82,1,0,1,88.3,Low Risk
S12367,13,86,1,0,1,1,1,24,3,11,1,96,90,1,2,0,90.6,Low Risk
S12368,13,86,2,1,1,1,1,26,1,11,0,99,82,1,0,1,88.3,Low Risk
S12369,13,86,2,1,1,1,1,24,3,11,1,96,90,1,2,0,90.6,Low Risk
S12370,9,87,0,0,0,0,1,22,2,7,1,53,72,0,2,1,70.8,Low Risk
S12371,9,62,2,1,2,1,1,20,1,13,1,81,52,0,2,3,63.7,Medium Risk
S12372,9,62,2,1,2,1,1,27,1,9,1,90,57,0,1,2,68.39999999999999,Medium Risk
S12373,9,62,2,1,2,1,1,25,1,6,1,99,99,1,2,0,87.89999999999999,Medium Risk
S12374,28,72,1,1,0,1,0,23,0,15,1,74,76,1,1,1,74.2,Medium Risk
S12375,28,72,1,1,0,1,0,18,3,6,1,56,79,1,2,1,70.0,Medium Risk
S12376,28,72,1,1,0,1,0,20,1,3,1,96,74,0,2,1,80.0,Medium Risk
S12377,28,72,1,1,0,1,0,19,2,16,1,93,63,1,1,2,74.7,Medium Risk
S12378,28,72,0,0,2,1,0,23,0,15,1,74,76,1,1,1,74.2,Medium Risk
S12379,28,72,0,0,2,1,0,18,3,6,1,56,79,1,2,1,70.0,Medium Risk
S12380,28,72,0,0,2,1,0,20,1,3,1,96,74,0,2,1,80.0,Medium Risk
S12381,28,72,0,0,2,1,0,19,2,16,1,93,63,1,1,2,74.7,Medium Risk
S12382,16,92,0,0,2,1,0,21,0,12,1,98,51,1,2,3,77.39999999999999,Low Risk
S12383,16,92,0,0,2,1,0,23,0,3,1,65,57,0,1,2,69.89999999999999,Low Risk
S12384,16,92,0,0,2,1,0,18,0,7,1,81,46,1,0,3,70.3,Medium Risk
S12385,16,92,1,0,0,0,0,21,0,12,1,98,51,1,2,3,77.39999999999999,Low Risk
S12386,16,92,1,0,0,0,0,23,0,3,1,65,57,0,1,2,69.89999999999999,Low Risk
S12387,16,92,1,0,0,0,0,18,0,7,1,81,46,1,0,3,70.3,Medium Risk
S12388,16,92,1,1,2,1,0,21,0,12,1,98,51,1,2,3,77.39999999999999,Low Risk
S12389,16,92,1,1,2,1,0,23,0,3,1,65,57,0,1,2,69.89999999999999,Low Risk
S12390,16,92,1,1,2,1,0,18,0,7,1,81,46,1,0,3,70.3,Medium Risk
S12391,16,92,0,1,0,1,0,21,0,12,1,98,51,1,2,3,77.39999999999999,Low Risk
S12392,16,92,0,1,0,1,0,23,0,3,1,65,57,0,1,2,69.89999999999999,Low Risk
S12393,16,92,0,1,0,1,0,18,0,7,1,81,46,1,0,3,70.3,Medium Risk
S12394,15,81,1,0,0,0,0,29,1,4,1,69,79,0,2,1,76.6,Low Risk
S12395,15,81,1,0,0,0,0,21,3,4,1,97,51,1,2,3,73.8,Low Risk
S12396,15,81,1,0,0,0,0,18,1,17,1,90,47,1,1,3,70.1,Medium Risk
S12397,15,81,1,0,2,1,0,29,1,4,1,69,79,0,2,1,76.6,Low Risk
S12398,15,81,1,0,2,1,0,21,3,4,1,97,51,1,2,3,73.8,Low Risk
S12399,15,81,1,0,2,1,0,18,1,17,1,90,47,1,1,3,70.1,Medium Risk
S12400,15,81,2,1,2,1,0,29,1,4,1,69,79,0,2,1,76.6,Low Risk
S12401,15,81,2,1,2,1,0,21,3,4,1,97,51,1,2,3,73.8,Low Risk
S12402,15,81,2,1,2,1,0,18,1,17,1,90,47,1,1,3,70.1,Medium Risk
S12403,27,75,1,0,1,1,0,28,3,16,1,100,47,0,2,3,71.3,Medium Risk
S12404,27,75,1,0,1,1,0,29,2,6,1,96,55,1,0,2,73.3,Low Risk
S12405,27,75,1,0,1,1,0,21,2,13,1,85,62,1,1,2,72.8,Low Risk
S12406,27,75,1,0,1,0,0,28,3,16,1,100,47,0,2,3,71.3,Medium Risk
S12407,27,75,1,0,1,0,0,29,2,6,1,96,55,1,0,2,73.3,Low Risk
S12408,27,75,1,0,1,0,0,21,2,13,1,85,62,1,1,2,72.8,Low Risk
S12409,27,75,0,1,0,1,0,28,3,16,1,100,47,0,2,3,71.3,Medium Risk
S12410,27,75,0,1,0,1,0,29,2,6,1,96,55,1,0,2,73.3,Low Risk
S12411,27,75,0,1,0,1,0,21,2,13,1,85,62,1,1,2,72.8,Low Risk
S12412,30,98,2,1,2,0,0,23,0,13,1,76,43,1,2,3,69.4,Medium Risk
S12413,30,98,2,1,1,1,0,23,0,13,1,76,43,1,2,3,69.4,Medium Risk
S12414,10,74,1,1,2,1,1,23,3,6,0,87,67,0,1,2,75.1,Medium Risk
S12415,24,75,2,1,2,1,0,22,3,2,1,74,90,1,0,0,80.7,Low Risk
S12416,24,75,2,1,2,1,0,28,3,10,1,77,96,1,1,0,84.0,Low Risk
S12417,24,75,1,1,0,1,0,22,3,2,1,74,90,1,0,0,80.7,Low Risk
S12418,24,75,1,1,0,1,0,28,3,10,1,77,96,1,1,0,84.0,Low Risk
S12419,28,68,2,1,1,1,0,22,0,3,1,66,87,0,2,0,75.0,Medium Risk
S12420,28,68,2,1,1,1,0,24,0,19,1,90,89,1,2,0,83.0,Medium Risk
S12421,28,68,2,1,1,1,0,28,3,7,1,77,75,1,1,1,73.5,Medium Risk
S12422,14,91,1,0,2,1,0,20,0,19,1,87,62,1,0,2,78.2,Low Risk
S12423,14,91,1,0,2,1,0,28,0,0,1,84,99,1,0,0,92.1,Low Risk
S12424,8,71,1,1,1,1,0,18,3,2,1,79,66,1,2,2,71.4,Medium Risk
S12425,8,71,1,1,1,1,0,18,2,5,1,63,98,1,2,0,79.4,Medium Risk
S12426,8,71,1,1,1,1,0,22,0,10,1,77,72,1,1,1,73.2,Medium Risk
S12427,8,71,1,1,1,1,0,25,1,5,1,81,93,0,2,0,82.8,Medium Risk
S12428,8,71,1,1,1,0,0,18,3,2,1,79,66,1,2,2,71.4,Medium Risk
S12429,8,71,1,1,1,0,0,18,2,5,1,63,98,1,2,0,79.4,Medium Risk
S12430,8,71,1,1,1,0,0,22,0,10,1,77,72,1,1,1,73.2,Medium Risk
S12431,8,71,1,1,1,0,0,25,1,5,1,81,93,0,2,0,82.8,Medium Risk
S12432,14,63,1,1,2,1,1,20,0,12,0,72,93,1,0,0,77.69999999999999,Medium Risk
S12433,14,63,1,1,2,1,1,21,3,14,1,52,92,1,2,0,71.30000000000001,Medium Risk
S12434,14,63,0,0,1,1,1,20,0,12,0,72,93,1,0,0,77.69999999999999,Medium Risk
S12435,14,63,0,0,1,1,1,21,3,14,1,52,92,1,2,0,71.30000000000001,Medium Risk
S12436,31,62,1,1,2,1,1,27,3,1,1,55,93,1,0,0,72.3,Medium Risk
S12437,21,74,0,1,0,1,0,19,3,7,1,84,44,0,1,3,65.0,Medium Risk
S12438,21,74,0,1,0,1,0,19,1,3,0,51,65,1,1,2,63.5,Medium Risk
S12439,21,74,0,1,0,1,0,25,1,3,0,87,80,1,2,1,80.3,Medium Risk
S12440,21,74,0,1,0,1,0,20,2,8,1,50,98,0,0,0,76.4,Medium Risk
S12441,21,74,0,1,0,1,0,29,0,8,0,53,84,1,2,1,71.7,Medium Risk
S12442,21,74,0,1,0,1,0,20,0,3,1,64,100,0,1,0,81.4,Medium Risk
S12443,21,74,1,1,0,1,0,19,3,7,1,84,44,0,1,3,65.0,Medium Risk
S12444,21,74,1,1,0,1,0,19,1,3,0,51,65,1,1,2,63.5,Medium Risk
S12445,21,74,1,1,0,1,0,25,1,3,0,87,80,1,2,1,80.3,Medium Risk
S12446,21,74,1,1,0,1,0,20,2,8,1,50,98,0,0,0,76.4,Medium Risk
S12447,21,74,1,1,0,1,0,29,0,8,0,53,84,1,2,1,71.7,Medium Risk
S12448,21,74,1,1,0,1,0,20,0,3,1,64,100,0,1,0,81.4,Medium Risk
S12449,21,74,2,1,0,1,0,19,3,7,1,84,44,0,1,3,65.0,Medium Risk
S12450,21,74,2,1,0,1,0,19,1,3,0,51,65,1,1,2,63.5,Medium Risk
S12451,21,74,2,1,0,1,0,25,1,3,0,87,80,1,2,1,80.3,Medium Risk
S12452,21,74,2,1,0,1,0,20,2,8,1,50,98,0,0,0,76.4,Medium Risk
S12453,21,74,2,1,0,1,0,29,0,8,0,53,84,1,2,1,71.7,Medium Risk
S12454,21,74,2,1,0,1,0,20,0,3,1,64,100,0,1,0,81.4,Medium Risk
S12455,26,77,0,0,1,1,1,20,2,1,1,79,83,1,2,1,80.0,Low Risk
S12456,26,77,1,1,0,1,1,20,2,1,1,79,83,1,2,1,80.0,Low Risk
S12457,26,77,1,1,1,1,1,20,2,1,1,79,83,1,2,1,80.0,Low Risk
S12458,26,77,1,1,0,1,1,20,2,1,1,79,83,1,2,1,80.0,Low Risk
S12459,37,96,1,1,1,1,1,27,2,19,1,92,41,1,2,3,72.8,Medium Risk
S12460,19,73,1,0,1,1,1,22,0,1,1,69,42,1,2,3,59.4,Medium Risk
S12461,19,73,1,1,1,1,1,22,0,1,1,69,42,1,2,3,59.4,Medium Risk
S12462,21,64,0,1,2,1,0,26,2,7,0,68,93,1,1,0,76.8,Medium Risk
S12463,21,64,0,1,2,1,0,24,3,14,0,64,64,1,1,2,64.0,Medium Risk
S12464,21,64,2,1,0,1,0,26,2,7,0,68,93,1,1,0,76.8,Medium Risk
S12465,21,64,2,1,0,1,0,24,3,14,0,64,64,1,1,2,64.0,Medium Risk
S12466,21,64,0,0,2,1,0,26,2,7,0,68,93,1,1,0,76.8,Medium Risk
S12467,21,64,0,0,2,1,0,24,3,14,0,64,64,1,1,2,64.0,Medium Risk
S12468,15,63,2,1,0,0,1,27,2,2,1,50,71,1,1,1,62.300000000000004,Medium Risk
S12469,15,63,2,1,0,0,1,20,3,7,0,72,68,1,2,2,67.69999999999999,Medium Risk
S12470,15,63,2,1,0,0,1,19,1,3,1,53,73,1,2,1,64.0,Medium Risk
S12471,15,63,2,1,0,0,1,29,0,8,1,51,66,0,0,2,60.6,Medium Risk
S12472,15,63,0,1,1,1,1,27,2,2,1,50,71,1,1,1,62.300000000000004,Medium Risk
S12473,15,63,0,1,1,1,1,20,3,7,0,72,68,1,2,2,67.69999999999999,Medium Risk
S12474,15,63,0,1,1,1,1,19,1,3,1,53,73,1,2,1,64.0,Medium Risk
S12475,15,63,0,1,1,1,1,29,0,8,1,51,66,0,0,2,60.6,Medium Risk
S12476,15,63,1,1,0,1,1,27,2,2,1,50,71,1,1,1,62.300000000000004,Medium Risk
S12477,15,63,1,1,0,1,1,20,3,7,0,72,68,1,2,2,67.69999999999999,Medium Risk
S12478,15,63,1,1,0,1,1,19,1,3,1,53,73,1,2,1,64.0,Medium Risk
S12479,15,63,1,1,0,1,1,29,0,8,1,51,66,0,0,2,60.6,Medium Risk
S12480,15,63,2,0,2,1,1,27,2,2,1,50,71,1,1,1,62.300000000000004,Medium Risk
S12481,15,63,2,0,2,1,1,20,3,7,0,72,68,1,2,2,67.69999999999999,Medium Risk
S12482,15,63,2,0,2,1,1,19,1,3,1,53,73,1,2,1,64.0,Medium Risk
S12483,15,63,2,0,2,1,1,29,0,8,1,51,66,0,0,2,60.6,Medium Risk
S12484,24,96,2,1,1,1,1,24,0,20,1,52,51,1,2,3,64.8,Low Risk
S12485,24,96,2,1,1,1,1,21,1,14,1,86,50,1,2,3,74.6,Low Risk
S12486,24,96,2,1,1,1,1,28,3,5,0,62,89,1,2,0,83.0,Low Risk
S12487,24,96,2,1,1,1,1,19,1,17,0,80,60,1,2,2,76.8,Low Risk
S12488,18,100,1,0,1,1,1,20,3,3,1,54,58,1,1,2,69.4,Low Risk
S12489,18,100,1,1,1,1,1,20,3,3,1,54,58,1,1,2,69.4,Low Risk
S12490,18,100,0,1,2,0,1,20,3,3,1,54,58,1,1,2,69.4,Low Risk
S12491,21,75,2,0,0,1,0,18,1,1,0,79,72,1,2,1,75.0,Low Risk
S12492,21,75,2,0,0,1,0,22,0,3,1,53,48,1,2,3,57.6,Medium Risk
S12493,21,75,2,0,0,1,0,22,3,20,0,98,94,1,0,0,89.5,Low Risk
S12494,21,75,2,0,2,1,0,18,1,1,0,79,72,1,2,1,75.0,Low Risk
S12495,21,75,2,0,2,1,0,22,0,3,1,53,48,1,2,3,57.6,Medium Risk
S12496,21,75,2,0,2,1,0,22,3,20,0,98,94,1,0,0,89.5,Low Risk
S12497,20,88,1,0,1,1,0,23,0,20,0,57,99,1,2,0,83.1,Low Risk
S12498,20,88,1,0,1,1,0,29,1,16,0,84,82,1,2,1,84.4,Low Risk
S12499,20,88,1,0,1,1,0,21,2,3,1,73,89,1,2,0,83.9,Low Risk
S12500,20,88,1,1,1,1,0,23,0,20,0,57,99,1,2,0,83.1,Low Risk
S12501,20,88,1,1,1,1,0,29,1,16,0,84,82,1,2,1,84.4,Low Risk
S12502,20,88,1,1,1,1,0,21,2,3,1,73,89,1,2,0,83.9,Low Risk
S12503,25,96,1,0,1,1,0,18,3,20,1,57,79,1,2,1,77.5,Low Risk
S12504,25,96,1,0,1,1,0,20,1,8,1,82,91,1,0,0,89.8,Low Risk
S12505,25,96,1,0,1,1,0,19,0,20,1,72,94,1,2,0,88.0,Low Risk
S12506,25,96,1,0,1,1,0,20,2,20,1,90,60,1,0,2,79.8,Low Risk
S12507,29,69,1,1,1,1,1,20,2,19,1,100,61,1,2,2,75.10000000000001,Medium Risk
S12508,29,69,1,1,1,1,1,25,3,17,1,78,51,1,1,3,64.5,Medium Risk
S12509,29,69,1,1,1,1,1,26,2,7,1,83,64,1,2,2,71.2,Medium Risk
S12510,29,67,0,0,1,0,0,20,3,0,1,91,91,1,2,0,83.8,Medium Risk
S12511,29,67,2,0,1,0,0,20,3,0,1,91,91,1,2,0,83.8,Medium Risk
S12512,29,67,0,1,1,1,0,20,3,0,1,91,91,1,2,0,83.8,Medium Risk
S12513,5,69,1,1,1,0,0,19,1,14,1,61,94,1,1,0,76.60000000000001,Medium Risk
S12514,5,69,1,1,1,0,0,24,1,6,0,88,86,1,2,0,81.5,Medium Risk
S12515,5,69,1,1,1,0,0,22,0,18,1,99,58,1,2,2,73.60000000000001,Medium Risk
S12516,28,80,1,0,0,1,1,27,2,16,0,96,62,0,2,2,77.6,Low Risk
S12517,28,80,2,0,2,1,1,27,2,16,0,96,62,0,2,2,77.6,Low Risk
S12518,28,80,2,0,1,1,1,27,2,16,0,96,62,0,2,2,77.6,Low Risk
S12519,13,98,1,1,2,1,1,23,0,9,0,90,50,1,2,3,76.4,Low Risk
S12520,13,98,1,1,2,1,1,29,2,7,1,58,49,0,0,3,66.4,Medium Risk
S12521,13,98,0,1,1,1,1,23,0,9,0,90,50,1,2,3,76.4,Low Risk
S12522,13,98,0,1,1,1,1,29,2,7,1,58,49,0,0,3,66.4,Medium Risk
S12523,30,62,2,1,1,1,1,18,0,1,0,87,50,1,2,3,64.69999999999999,Medium Risk
S12524,13,73,2,1,2,1,0,27,2,20,0,76,41,1,0,3,61.1,Medium Risk
S12525,13,73,2,0,1,1,0,27,2,20,0,76,41,1,0,3,61.1,Medium Risk
S12526,31,96,0,0,0,1,0,24,3,7,1,99,63,1,1,2,83.7,Low Risk
S12527,31,96,0,0,0,1,0,20,1,11,0,90,46,1,0,3,74.2,Medium Risk
S12528,31,96,0,0,0,1,0,24,1,10,1,67,89,0,2,0,84.5,Low Risk
S12529,31,96,1,1,1,1,0,24,3,7,1,99,63,1,1,2,83.7,Low Risk
S12530,31,96,1,1,1,1,0,20,1,11,0,90,46,1,0,3,74.2,Medium Risk
S12531,31,96,1,1,1,1,0,24,1,10,1,67,89,0,2,0,84.5,Low Risk
S12532,13,65,2,0,0,1,0,21,3,0,1,78,91,0,2,0,79.3,Medium Risk
S12533,13,65,2,0,0,1,0,24,1,3,0,65,58,1,0,2,62.2,Medium Risk
S12534,13,65,2,0,0,1,0,28,0,3,0,94,86,1,1,0,82.1,Medium Risk
S12535,13,65,2,0,0,1,0,19,3,5,0,73,73,0,0,1,70.6,Medium Risk
S12536,13,65,2,0,0,1,0,19,2,17,0,80,100,1,2,0,83.5,Medium Risk
S12537,13,65,2,1,1,1,0,21,3,0,1,78,91,0,2,0,79.3,Medium Risk
S12538,13,65,2,1,1,1,0,24,1,3,0,65,58,1,0,2,62.2,Medium Risk
S12539,13,65,2,1,1,1,0,28,0,3,0,94,86,1,1,0,82.1,Medium Risk
S12540,13,65,2,1,1,1,0,19,3,5,0,73,73,0,0,1,70.6,Medium Risk
S12541,13,65,2,1,1,1,0,19,2,17,0,80,100,1,2,0,83.5,Medium Risk
S12542,34,84,2,1,1,1,1,27,1,12,0,72,48,0,2,3,66.0,Medium Risk
S12543,34,84,2,1,1,1,1,29,1,15,1,89,94,0,2,0,89.5,Low Risk
S12544,34,84,2,1,1,1,1,29,0,8,1,83,91,0,2,0,86.5,Low Risk
S12545,34,84,2,1,1,1,1,22,0,9,1,96,83,0,2,1,87.2,Low Risk
S12546,34,84,2,1,1,1,1,24,3,13,1,60,78,0,2,1,74.4,Low Risk
S12547,21,94,1,1,1,1,0,26,3,8,1,56,77,1,0,1,75.8,Low Risk
S12548,21,94,1,1,1,1,0,24,3,15,1,70,71,1,2,1,77.60000000000001,Low Risk
S12549,21,94,2,0,0,1,0,26,3,8,1,56,77,1,0,1,75.8,Low Risk
S12550,21,94,2,0,0,1,0,24,3,15,1,70,71,1,2,1,77.60000000000001,Low Risk
S12551,21,94,0,1,0,1,0,26,3,8,1,56,77,1,0,1,75.8,Low Risk
S12552,21,94,0,1,0,1,0,24,3,15,1,70,71,1,2,1,77.60000000000001,Low Risk
S12553,21,94,1,0,0,1,0,26,3,8,1,56,77,1,0,1,75.8,Low Risk
S12554,21,94,1,0,0,1,0,24,3,15,1,70,71,1,2,1,77.60000000000001,Low Risk
S12555,20,63,2,1,1,1,1,20,0,14,1,51,99,1,0,0,73.8,Medium Risk
S12556,20,63,2,1,1,1,1,18,3,6,1,66,94,1,0,0,76.30000000000001,Medium Risk
S12557,20,63,1,1,1,1,1,20,0,14,1,51,99,1,0,0,73.8,Medium Risk
S12558,20,63,1,1,1,1,1,18,3,6,1,66,94,1,0,0,76.30000000000001,Medium Risk
S12559,20,63,1,0,0,1,1,20,0,14,1,51,99,1,0,0,73.8,Medium Risk
S12560,20,63,1,0,0,1,1,18,3,6,1,66,94,1,0,0,76.30000000000001,Medium Risk
S12561,20,63,1,0,2,1,1,20,0,14,1,51,99,1,0,0,73.8,Medium Risk
S12562,20,63,1,0,2,1,1,18,3,6,1,66,94,1,0,0,76.30000000000001,Medium Risk
S12563,20,63,0,0,0,1,1,20,0,14,1,51,99,1,0,0,73.8,Medium Risk
S12564,20,63,0,0,0,1,1,18,3,6,1,66,94,1,0,0,76.30000000000001,Medium Risk
S12565,20,63,1,1,0,1,1,20,0,14,1,51,99,1,0,0,73.8,Medium Risk
S12566,20,63,1,1,0,1,1,18,3,6,1,66,94,1,0,0,76.30000000000001,Medium Risk
S12567,12,76,1,1,1,1,1,18,2,6,1,78,64,1,2,2,71.8,Low Risk
S12568,12,76,1,1,1,1,1,22,1,8,1,77,74,1,2,1,75.5,Low Risk
S12569,12,76,1,1,1,1,1,22,1,9,0,55,76,1,1,1,69.7,Low Risk
S12570,12,76,0,1,0,1,1,18,2,6,1,78,64,1,2,2,71.8,Low Risk
S12571,12,76,0,1,0,1,1,22,1,8,1,77,74,1,2,1,75.5,Low Risk
S12572,12,76,0,1,0,1,1,22,1,9,0,55,76,1,1,1,69.7,Low Risk
S12573,14,72,2,0,1,1,1,24,2,17,1,72,46,1,0,3,61.599999999999994,Medium Risk
S12574,14,72,0,0,2,1,1,24,2,17,1,72,46,1,0,3,61.599999999999994,Medium Risk
S12575,27,79,0,1,2,1,0,26,3,15,0,80,49,1,2,3,67.3,Medium Risk
S12576,27,79,0,1,2,1,0,24,3,19,1,65,62,1,2,2,68.0,Low Risk
S12577,27,79,2,1,2,1,0,26,3,15,0,80,49,1,2,3,67.3,Medium Risk
S12578,27,79,2,1,2,1,0,24,3,19,1,65,62,1,2,2,68.0,Low Risk
S12579,14,78,2,1,1,1,1,19,0,7,1,57,100,0,1,0,80.5,Low Risk
S12580,14,78,2,1,1,1,1,28,0,20,0,94,71,1,2,1,80.0,Low Risk
S12581,14,78,2,1,1,1,1,26,2,17,1,98,79,1,2,1,84.4,Low Risk
S12582,14,78,1,0,1,1,1,19,0,7,1,57,100,0,1,0,80.5,Low Risk
S12583,14,78,1,0,1,1,1,28,0,20,0,94,71,1,2,1,80.0,Low Risk
S12584,14,78,1,0,1,1,1,26,2,17,1,98,79,1,2,1,84.4,Low Risk
S12585,18,85,1,1,1,1,0,24,1,20,1,69,78,1,0,1,77.4,Low Risk
S12586,18,85,1,1,1,1,0,20,2,9,1,75,45,1,0,3,66.0,Medium Risk
S12587,18,85,2,1,2,0,0,24,1,20,1,69,78,1,0,1,77.4,Low Risk
S12588,18,85,2,1,2,0,0,20,2,9,1,75,45,1,0,3,66.0,Medium Risk
S12589,18,85,2,1,2,1,0,24,1,20,1,69,78,1,0,1,77.4,Low Risk
S12590,18,85,2,1,2,1,0,20,2,9,1,75,45,1,0,3,66.0,Medium Risk
S12591,7,62,1,1,0,1,1,29,3,5,1,92,81,1,2,1,78.6,Medium Risk
S12592,7,62,1,1,0,1,1,22,0,5,0,81,45,1,2,3,60.89999999999999,Medium Risk
S12593,7,62,1,1,0,1,1,20,0,7,1,74,97,1,1,0,79.6,Medium Risk
S12594,13,81,2,0,0,1,1,20,1,1,1,78,48,0,2,3,66.9,Medium Risk
S12595,13,81,2,0,0,1,1,23,3,13,1,78,93,1,2,0,84.9,Low Risk
S12596,13,81,2,0,0,1,1,24,0,18,0,55,74,0,0,1,70.4,Low Risk
S12597,13,81,2,0,0,1,1,24,0,2,1,70,43,1,1,3,62.5,Medium Risk
S12598,13,81,2,0,0,1,1,20,3,0,0,56,93,1,0,0,78.3,Low Risk
S12599,13,81,1,1,0,1,1,20,1,1,1,78,48,0,2,3,66.9,Medium Risk
S12600,13,81,1,1,0,1,1,23,3,13,1,78,93,1,2,0,84.9,Low Risk
S12601,13,81,1,1,0,1,1,24,0,18,0,55,74,0,0,1,70.4,Low Risk
S12602,13,81,1,1,0,1,1,24,0,2,1,70,43,1,1,3,62.5,Medium Risk
S12603,13,81,1,1,0,1,1,20,3,0,0,56,93,1,0,0,78.3,Low Risk
S12604,9,89,2,1,1,1,1,23,3,1,0,85,56,1,2,2,74.60000000000001,Low Risk
S12605,9,89,2,1,1,1,1,23,1,15,1,70,84,1,0,1,81.3,Low Risk
S12606,9,89,2,1,1,1,1,20,2,1,0,98,74,1,1,1,85.7,Low Risk
S12607,9,89,2,1,1,1,1,21,0,3,0,81,93,1,2,0,88.2,Low Risk
S12608,9,89,1,1,1,1,1,23,3,1,0,85,56,1,2,2,74.60000000000001,Low Risk
S12609,9,89,1,1,1,1,1,23,1,15,1,70,84,1,0,1,81.3,Low Risk
S12610,9,89,1,1,1,1,1,20,2,1,0,98,74,1,1,1,85.7,Low Risk
S12611,9,89,1,1,1,1,1,21,0,3,0,81,93,1,2,0,88.2,Low Risk
S12612,12,69,0,0,1,1,1,28,3,20,1,68,57,0,0,2,63.900000000000006,Medium Risk
S12613,12,69,0,0,1,1,1,25,2,16,1,51,90,1,2,0,72.0,Medium Risk
S12614,12,69,0,0,1,1,1,22,1,1,1,85,47,0,1,3,65.0,Medium Risk
S12615,12,69,0,0,1,1,1,26,2,20,1,76,87,1,2,0,78.30000000000001,Medium Risk
S12616,12,69,2,1,0,1,1,28,3,20,1,68,57,0,0,2,63.900000000000006,Medium Risk
S12617,12,69,2,1,0,1,1,25,2,16,1,51,90,1,2,0,72.0,Medium Risk
S12618,12,69,2,1,0,1,1,22,1,1,1,85,47,0,1,3,65.0,Medium Risk
S12619,12,69,2,1,0,1,1,26,2,20,1,76,87,1,2,0,78.30000000000001,Medium Risk
S12620,32,80,1,0,0,1,1,26,1,12,0,87,43,1,2,3,67.3,Medium Risk
S12621,29,83,2,0,1,1,0,20,1,2,1,52,91,1,1,0,76.9,Low Risk
S12622,29,83,2,0,1,1,0,22,3,18,1,62,54,1,2,3,65.1,Low Risk
S12623,29,83,2,0,1,1,0,28,3,4,0,83,52,1,0,3,70.6,Low Risk
S12624,29,83,1,0,2,1,0,20,1,2,1,52,91,1,1,0,76.9,Low Risk
S12625,29,83,1,0,2,1,0,22,3,18,1,62,54,1,2,3,65.1,Low Risk
S12626,29,83,1,0,2,1,0,28,3,4,0,83,52,1,0,3,70.6,Low Risk
S12627,31,70,0,1,2,1,0,24,0,15,0,66,98,1,2,0,80.0,Medium Risk
S12628,10,77,2,1,2,1,0,20,0,3,0,52,75,1,1,1,68.7,Low Risk
S12629,10,77,2,1,2,1,0,28,3,20,1,56,66,0,1,2,66.3,Low Risk
S12630,10,77,2,1,2,1,0,26,1,19,0,68,100,0,2,0,83.5,Low Risk
S12631,10,77,2,1,2,1,0,26,3,15,1,69,95,1,1,0,81.8,Low Risk
S12632,10,77,2,1,2,1,0,19,0,5,1,97,42,1,0,3,69.0,Medium Risk
S12633,10,77,2,1,1,1,0,20,0,3,0,52,75,1,1,1,68.7,Low Risk
S12634,10,77,2,1,1,1,0,28,3,20,1,56,66,0,1,2,66.3,Low Risk
S12635,10,77,2,1,1,1,0,26,1,19,0,68,100,0,2,0,83.5,Low Risk
S12636,10,77,2,1,1,1,0,26,3,15,1,69,95,1,1,0,81.8,Low Risk
S12637,10,77,2,1,1,1,0,19,0,5,1,97,42,1,0,3,69.0,Medium Risk
S12638,23,60,1,1,0,0,0,25,1,11,1,98,61,1,2,2,71.8,Medium Risk
S12639,23,60,1,1,0,0,0,19,0,11,1,72,41,1,2,3,56.0,Medium Risk
S12640,23,60,1,0,0,1,0,25,1,11,1,98,61,1,2,2,71.8,Medium Risk
S12641,23,60,1,0,0,1,0,19,0,11,1,72,41,1,2,3,56.0,Medium Risk
S12642,27,64,1,1,0,1,0,29,3,18,0,93,55,1,2,2,69.1,Medium Risk
S12643,27,64,1,1,1,1,0,29,3,18,0,93,55,1,2,2,69.1,Medium Risk
S12644,27,64,1,0,2,1,0,29,3,18,0,93,55,1,2,2,69.1,Medium Risk
S12645,21,70,2,1,0,1,0,29,2,16,1,80,91,1,1,0,81.4,Medium Risk
S12646,21,70,2,1,0,1,0,21,2,0,1,77,85,0,2,0,78.1,Medium Risk
S12647,21,70,0,0,2,1,0,29,2,16,1,80,91,1,1,0,81.4,Medium Risk
S12648,21,70,0,0,2,1,0,21,2,0,1,77,85,0,2,0,78.1,Medium Risk
S12649,21,70,2,1,1,1,0,29,2,16,1,80,91,1,1,0,81.4,Medium Risk
S12650,21,70,2,1,1,1,0,21,2,0,1,77,85,0,2,0,78.1,Medium Risk
S12651,11,72,1,0,2,1,1,21,3,4,0,86,63,0,2,2,72.6,Medium Risk
S12652,11,72,1,0,2,1,1,29,2,20,1,96,64,1,2,2,76.0,Medium Risk
S12653,11,72,1,1,0,1,1,21,3,4,0,86,63,0,2,2,72.6,Medium Risk
S12654,11,72,1,1,0,1,1,29,2,20,1,96,64,1,2,2,76.0,Medium Risk
S12655,11,72,0,0,2,1,1,21,3,4,0,86,63,0,2,2,72.6,Medium Risk
S12656,11,72,0,0,2,1,1,29,2,20,1,96,64,1,2,2,76.0,Medium Risk
S12657,15,82,1,1,1,1,0,23,1,13,0,92,65,0,1,2,78.19999999999999,Low Risk
S12658,15,82,1,1,1,1,0,23,1,13,0,92,65,0,1,2,78.19999999999999,Low Risk
S12659,15,82,1,1,1,1,0,23,1,13,0,92,65,0,1,2,78.19999999999999,Low Risk
S12660,32,87,1,1,1,1,0,22,2,1,1,65,47,1,2,3,64.39999999999999,Medium Risk
S12661,32,87,1,1,1,1,0,24,2,15,1,89,70,1,2,1,80.8,Low Risk
S12662,29,83,0,0,0,1,1,29,0,11,1,79,64,0,2,2,74.19999999999999,Low Risk
S12663,29,83,0,0,0,1,1,28,3,0,0,71,85,1,0,0,80.19999999999999,Low Risk
S12664,29,83,0,1,2,1,1,29,0,11,1,79,64,0,2,2,74.19999999999999,Low Risk
S12665,29,83,0,1,2,1,1,28,3,0,0,71,85,1,0,0,80.19999999999999,Low Risk
S12666,29,83,2,1,1,1,1,29,0,11,1,79,64,0,2,2,74.19999999999999,Low Risk
S12667,29,83,2,1,1,1,1,28,3,0,0,71,85,1,0,0,80.19999999999999,Low Risk
S12668,34,77,2,0,1,1,0,20,2,9,0,64,72,1,2,1,71.1,Low Risk
S12669,5,95,2,1,0,1,0,19,3,4,0,85,60,1,2,2,78.0,Low Risk
S12670,32,76,1,0,1,1,0,29,3,1,1,61,76,0,2,1,71.5,Low Risk
S12671,32,76,1,0,1,1,0,28,0,9,1,82,90,1,2,0,83.39999999999999,Low Risk
S12672,32,76,0,1,0,1,0,29,3,1,1,61,76,0,2,1,71.5,Low Risk
S12673,32,76,0,1,0,1,0,28,0,9,1,82,90,1,2,0,83.39999999999999,Low Risk
S12674,17,100,1,0,0,1,0,20,2,8,1,81,68,1,2,2,81.5,Low Risk
S12675,17,100,1,0,0,1,0,26,2,13,1,85,74,1,2,1,85.1,Low Risk
S12676,17,100,1,0,0,1,0,20,3,5,1,57,96,0,1,0,85.5,Low Risk
S12677,12,61,0,1,0,1,0,26,1,5,0,89,78,0,0,1,76.2,Medium Risk
S12678,17,64,1,0,1,1,1,18,2,1,1,90,51,1,2,3,66.60000000000001,Medium Risk
S12679,17,64,1,0,1,1,1,19,0,4,1,73,81,1,1,1,73.5,Medium Risk
S12680,17,64,1,0,1,1,1,21,1,6,1,82,55,1,0,2,65.8,Medium Risk
S12681,17,64,2,1,1,1,1,18,2,1,1,90,51,1,2,3,66.60000000000001,Medium Risk
S12682,17,64,2,1,1,1,1,19,0,4,1,73,81,1,1,1,73.5,Medium Risk
S12683,17,64,2,1,1,1,1,21,1,6,1,82,55,1,0,2,65.8,Medium Risk
S12684,17,64,2,0,0,1,1,18,2,1,1,90,51,1,2,3,66.60000000000001,Medium Risk
S12685,17,64,2,0,0,1,1,19,0,4,1,73,81,1,1,1,73.5,Medium Risk
S12686,17,64,2,0,0,1,1,21,1,6,1,82,55,1,0,2,65.8,Medium Risk
S12687,17,64,2,1,1,1,1,18,2,1,1,90,51,1,2,3,66.60000000000001,Medium Risk
S12688,17,64,2,1,1,1,1,19,0,4,1,73,81,1,1,1,73.5,Medium Risk
S12689,17,64,2,1,1,1,1,21,1,6,1,82,55,1,0,2,65.8,Medium Risk
S12690,17,64,0,0,2,1,1,18,2,1,1,90,51,1,2,3,66.60000000000001,Medium Risk
S12691,17,64,0,0,2,1,1,19,0,4,1,73,81,1,1,1,73.5,Medium Risk
S12692,17,64,0,0,2,1,1,21,1,6,1,82,55,1,0,2,65.8,Medium Risk
S12693,17,64,1,1,1,1,1,18,2,1,1,90,51,1,2,3,66.60000000000001,Medium Risk
S12694,17,64,1,1,1,1,1,19,0,4,1,73,81,1,1,1,73.5,Medium Risk
S12695,17,64,1,1,1,1,1,21,1,6,1,82,55,1,0,2,65.8,Medium Risk
S12696,17,64,1,1,2,1,1,18,2,1,1,90,51,1,2,3,66.60000000000001,Medium Risk
S12697,17,64,1,1,2,1,1,19,0,4,1,73,81,1,1,1,73.5,Medium Risk
S12698,17,64,1,1,2,1,1,21,1,6,1,82,55,1,0,2,65.8,Medium Risk
S12699,9,70,1,1,0,1,1,27,0,18,1,75,99,0,2,0,83.1,Medium Risk
S12700,34,93,1,0,0,1,0,18,1,3,0,71,48,0,2,3,68.4,Medium Risk
S12701,34,93,1,0,0,1,0,22,1,13,0,76,86,1,0,0,85.1,Low Risk
S12702,34,93,1,0,0,1,0,29,2,17,1,99,73,1,2,1,86.80000000000001,Low Risk
S12703,34,93,1,0,0,1,0,25,0,8,0,89,89,1,2,0,90.19999999999999,Low Risk
S12704,21,78,2,0,1,0,0,28,1,17,1,60,99,0,1,0,81.0,Low Risk
S12705,21,78,2,0,1,0,0,27,3,18,0,97,40,0,2,3,68.5,Medium Risk
S12706,21,78,2,0,1,0,0,26,3,13,0,61,76,1,2,1,72.1,Low Risk
S12707,21,78,2,0,2,1,0,28,1,17,1,60,99,0,1,0,81.0,Low Risk
S12708,21,78,2,0,2,1,0,27,3,18,0,97,40,0,2,3,68.5,Medium Risk
S12709,21,78,2,0,2,1,0,26,3,13,0,61,76,1,2,1,72.1,Low Risk
S12710,21,78,1,1,1,1,0,28,1,17,1,60,99,0,1,0,81.0,Low Risk
S12711,21,78,1,1,1,1,0,27,3,18,0,97,40,0,2,3,68.5,Medium Risk
S12712,21,78,1,1,1,1,0,26,3,13,0,61,76,1,2,1,72.1,Low Risk
S12713,30,97,2,1,2,1,1,19,2,1,0,66,90,1,1,0,84.89999999999999,Low Risk
S12714,30,97,2,0,1,1,1,19,2,1,0,66,90,1,1,0,84.89999999999999,Low Risk
S12715,13,64,0,0,1,1,0,18,0,10,0,81,94,0,1,0,81.10000000000001,Medium Risk
S12716,13,64,0,0,1,1,0,28,1,9,0,70,42,1,2,3,57.0,Medium Risk
S12717,13,64,0,0,1,1,0,24,0,10,0,52,72,1,2,1,63.599999999999994,Medium Risk
S12718,13,64,2,1,1,1,0,18,0,10,0,81,94,0,1,0,81.10000000000001,Medium Risk
S12719,13,64,2,1,1,1,0,28,1,9,0,70,42,1,2,3,57.0,Medium Risk
S12720,13,64,2,1,1,1,0,24,0,10,0,52,72,1,2,1,63.599999999999994,Medium Risk
S12721,13,64,2,0,0,1,0,18,0,10,0,81,94,0,1,0,81.10000000000001,Medium Risk
S12722,13,64,2,0,0,1,0,28,1,9,0,70,42,1,2,3,57.0,Medium Risk
S12723,13,64,2,0,0,1,0,24,0,10,0,52,72,1,2,1,63.599999999999994,Medium Risk
S12724,32,63,2,0,1,0,0,27,0,9,1,91,79,0,0,1,77.80000000000001,Medium Risk
S12725,32,63,2,0,1,0,0,22,3,11,1,75,40,1,2,3,57.4,Medium Risk
S12726,30,72,2,1,1,1,0,28,2,6,1,72,96,1,2,0,81.6,Medium Risk
S12727,30,72,1,1,2,1,0,28,2,6,1,72,96,1,2,0,81.6,Medium Risk
S12728,21,83,0,1,0,0,0,20,1,10,1,72,44,1,1,3,64.1,Medium Risk
S12729,21,83,0,1,0,0,0,18,1,7,1,94,96,1,1,0,91.5,Low Risk
S12730,21,83,0,1,0,0,0,22,2,14,1,64,73,0,1,1,73.30000000000001,Low Risk
S12731,21,83,0,1,0,0,0,19,0,9,0,58,64,1,1,2,67.9,Low Risk
S12732,21,83,1,0,2,1,0,20,1,10,1,72,44,1,1,3,64.1,Medium Risk
S12733,21,83,1,0,2,1,0,18,1,7,1,94,96,1,1,0,91.5,Low Risk
S12734,21,83,1,0,2,1,0,22,2,14,1,64,73,0,1,1,73.30000000000001,Low Risk
S12735,21,83,1,0,2,1,0,19,0,9,0,58,64,1,1,2,67.9,Low Risk
S12736,21,83,1,0,1,1,0,20,1,10,1,72,44,1,1,3,64.1,Medium Risk
S12737,21,83,1,0,1,1,0,18,1,7,1,94,96,1,1,0,91.5,Low Risk
S12738,21,83,1,0,1,1,0,22,2,14,1,64,73,0,1,1,73.30000000000001,Low Risk
S12739,21,83,1,0,1,1,0,19,0,9,0,58,64,1,1,2,67.9,Low Risk
S12740,12,65,2,1,2,1,1,20,3,15,0,52,88,1,2,0,70.30000000000001,Medium Risk
S12741,12,65,2,1,2,1,1,27,3,6,0,99,40,1,2,3,65.2,Medium Risk
S12742,12,65,2,1,2,1,1,24,3,19,1,92,75,0,2,1,77.1,Medium Risk
S12743,12,65,2,0,1,1,1,20,3,15,0,52,88,1,2,0,70.30000000000001,Medium Risk
S12744,12,65,2,0,1,1,1,27,3,6,0,99,40,1,2,3,65.2,Medium Risk
S12745,12,65,2,0,1,1,1,24,3,19,1,92,75,0,2,1,77.1,Medium Risk
S12746,12,65,1,0,1,1,1,20,3,15,0,52,88,1,2,0,70.30000000000001,Medium Risk
S12747,12,65,1,0,1,1,1,27,3,6,0,99,40,1,2,3,65.2,Medium Risk
S12748,12,65,1,0,1,1,1,24,3,19,1,92,75,0,2,1,77.1,Medium Risk
S12749,7,61,2,1,2,1,0,18,3,18,1,77,66,0,2,2,67.8,Medium Risk
S12750,7,61,2,1,2,1,0,27,2,4,0,58,47,0,0,3,54.5,Medium Risk
S12751,14,93,0,1,0,1,0,18,3,11,0,82,68,0,0,2,79.69999999999999,Low Risk
S12752,17,97,1,0,0,1,0,26,2,13,1,73,71,1,2,1,79.39999999999999,Low Risk
S12753,17,97,1,0,0,1,0,26,2,18,0,100,54,1,2,3,80.7,Low Risk
S12754,17,97,1,0,0,1,0,19,3,16,0,78,59,0,2,2,76.1,Low Risk
S12755,17,97,1,1,1,0,0,26,2,13,1,73,71,1,2,1,79.39999999999999,Low Risk
S12756,17,97,1,1,1,0,0,26,2,18,0,100,54,1,2,3,80.7,Low Risk
S12757,17,97,1,1,1,0,0,19,3,16,0,78,59,0,2,2,76.1,Low Risk
S12758,32,64,0,1,1,1,1,27,2,14,0,94,76,1,2,1,77.8,Medium Risk
S12759,32,64,0,1,1,1,1,23,1,16,1,89,41,1,2,3,62.3,Medium Risk
S12760,20,96,1,1,1,1,0,28,3,11,1,93,59,0,0,2,80.3,Low Risk
S12761,20,96,1,1,1,1,0,26,2,17,1,96,100,1,2,0,97.6,Low Risk
S12762,20,96,1,1,2,1,0,28,3,11,1,93,59,0,0,2,80.3,Low Risk
S12763,20,96,1,1,2,1,0,26,2,17,1,96,100,1,2,0,97.6,Low Risk
S12764,23,88,2,0,2,1,0,19,1,18,1,92,46,1,1,3,72.4,Medium Risk
S12765,23,88,1,0,1,1,0,19,1,18,1,92,46,1,1,3,72.4,Medium Risk
S12766,23,88,1,0,1,1,0,19,1,18,1,92,46,1,1,3,72.4,Medium Risk
S12767,28,77,2,1,1,1,1,22,0,12,1,96,75,1,0,1,81.89999999999999,Low Risk
S12768,28,77,2,1,1,1,1,24,1,2,0,85,59,1,2,2,72.2,Low Risk
S12769,7,60,2,1,0,1,0,19,0,1,1,65,93,1,2,0,74.7,Medium Risk
S12770,13,100,1,0,1,0,1,28,1,14,1,91,53,1,2,3,78.5,Low Risk
S12771,13,100,1,0,1,0,1,24,2,2,0,59,42,1,1,3,64.5,Medium Risk
S12772,13,100,1,0,1,0,1,20,0,20,1,71,58,1,2,2,74.5,Low Risk
S12773,13,100,1,0,1,0,1,24,0,18,0,50,66,1,0,2,71.4,Low Risk
S12774,13,100,0,1,0,1,1,28,1,14,1,91,53,1,2,3,78.5,Low Risk
S12775,13,100,0,1,0,1,1,24,2,2,0,59,42,1,1,3,64.5,Medium Risk
S12776,13,100,0,1,0,1,1,20,0,20,1,71,58,1,2,2,74.5,Low Risk
S12777,13,100,0,1,0,1,1,24,0,18,0,50,66,1,0,2,71.4,Low Risk
S12778,19,95,1,1,2,0,0,20,1,13,1,88,86,1,1,0,89.3,Low Risk
S12779,19,95,1,1,2,0,0,28,2,19,1,71,65,1,2,2,75.8,Low Risk
S12780,19,95,1,1,2,0,0,29,2,2,0,72,94,0,0,0,87.7,Low Risk
S12781,19,95,1,1,2,0,0,18,3,2,1,92,82,0,1,1,88.9,Low Risk
S12782,19,95,1,1,2,0,0,29,0,11,0,60,85,0,2,0,80.5,Low Risk
S12783,19,95,1,1,2,0,0,20,1,6,0,75,41,0,1,3,67.4,Medium Risk
S12784,19,95,2,1,1,1,0,20,1,13,1,88,86,1,1,0,89.3,Low Risk
S12785,19,95,2,1,1,1,0,28,2,19,1,71,65,1,2,2,75.8,Low Risk
S12786,19,95,2,1,1,1,0,29,2,2,0,72,94,0,0,0,87.7,Low Risk
S12787,19,95,2,1,1,1,0,18,3,2,1,92,82,0,1,1,88.9,Low Risk
S12788,19,95,2,1,1,1,0,29,0,11,0,60,85,0,2,0,80.5,Low Risk
S12789,19,95,2,1,1,1,0,20,1,6,0,75,41,0,1,3,67.4,Medium Risk
S12790,32,100,2,1,1,0,1,21,3,8,1,78,44,0,1,3,71.0,Medium Risk
S12791,33,72,1,0,0,1,1,28,1,7,1,93,49,1,1,3,69.1,Medium Risk
S12792,33,72,1,0,0,1,1,22,3,19,1,53,46,0,2,3,55.89999999999999,Medium Risk
S12793,30,95,1,1,1,1,1,22,2,0,1,75,55,1,0,2,73.0,Low Risk
S12794,15,61,0,1,1,1,0,20,3,12,0,68,54,1,2,3,60.3,Medium Risk
S12795,15,61,0,1,1,1,0,24,1,11,1,60,96,1,2,0,74.7,Medium Risk
S12796,15,61,0,1,1,1,0,24,3,0,1,62,44,1,1,3,54.5,Medium Risk
S12797,15,61,0,1,1,1,0,20,3,15,1,66,67,1,2,2,64.9,Medium Risk
S12798,15,61,0,1,1,1,0,26,1,0,1,72,58,1,0,2,63.099999999999994,Medium Risk
S12799,15,61,0,1,1,1,0,20,3,12,0,68,54,1,2,3,60.3,Medium Risk
S12800,15,61,0,1,1,1,0,24,1,11,1,60,96,1,2,0,74.7,Medium Risk
S12801,15,61,0,1,1,1,0,24,3,0,1,62,44,1,1,3,54.5,Medium Risk
S12802,15,61,0,1,1,1,0,20,3,15,1,66,67,1,2,2,64.9,Medium Risk
S12803,15,61,0,1,1,1,0,26,1,0,1,72,58,1,0,2,63.099999999999994,Medium Risk
S12804,15,61,1,0,2,1,0,20,3,12,0,68,54,1,2,3,60.3,Medium Risk
S12805,15,61,1,0,2,1,0,24,1,11,1,60,96,1,2,0,74.7,Medium Risk
S12806,15,61,1,0,2,1,0,24,3,0,1,62,44,1,1,3,54.5,Medium Risk
S12807,15,61,1,0,2,1,0,20,3,15,1,66,67,1,2,2,64.9,Medium Risk
S12808,15,61,1,0,2,1,0,26,1,0,1,72,58,1,0,2,63.099999999999994,Medium Risk
S12809,15,61,1,1,2,1,0,20,3,12,0,68,54,1,2,3,60.3,Medium Risk
S12810,15,61,1,1,2,1,0,24,1,11,1,60,96,1,2,0,74.7,Medium Risk
S12811,15,61,1,1,2,1,0,24,3,0,1,62,44,1,1,3,54.5,Medium Risk
S12812,15,61,1,1,2,1,0,20,3,15,1,66,67,1,2,2,64.9,Medium Risk
S12813,15,61,1,1,2,1,0,26,1,0,1,72,58,1,0,2,63.099999999999994,Medium Risk
S12814,28,76,1,1,0,1,0,25,2,13,1,85,90,1,2,0,84.3,Low Risk
S12815,28,76,1,1,0,1,0,21,0,9,1,59,92,1,2,0,77.3,Low Risk
S12816,28,76,1,1,0,1,0,25,1,8,1,56,77,1,2,1,70.4,Low Risk
S12817,28,76,1,1,0,1,0,26,3,1,0,80,42,1,1,3,63.599999999999994,Medium Risk
S12818,28,76,1,1,1,1,0,25,2,13,1,85,90,1,2,0,84.3,Low Risk
S12819,28,76,1,1,1,1,0,21,0,9,1,59,92,1,2,0,77.3,Low Risk
S12820,28,76,1,1,1,1,0,25,1,8,1,56,77,1,2,1,70.4,Low Risk
S12821,28,76,1,1,1,1,0,26,3,1,0,80,42,1,1,3,63.599999999999994,Medium Risk
S12822,9,97,1,1,1,1,0,27,1,15,1,72,63,0,1,2,75.89999999999999,Low Risk
S12823,9,97,1,1,1,1,0,19,3,4,1,50,43,1,0,3,61.3,Medium Risk
S12824,9,97,1,1,1,1,0,22,2,10,1,58,89,1,1,0,82.1,Low Risk
S12825,9,97,1,1,1,1,0,28,0,14,0,86,40,1,1,3,70.89999999999999,Medium Risk
S12826,9,97,1,1,1,1,0,18,3,18,1,77,77,0,2,1,83.0,Low Risk
S12827,21,100,2,0,1,0,0,23,3,19,0,72,42,0,0,3,68.4,Medium Risk
S12828,21,100,2,0,1,0,0,26,1,17,1,67,57,1,0,2,72.9,Low Risk
S12829,21,100,2,0,1,0,0,25,3,17,1,96,96,0,2,0,97.2,Low Risk
S12830,21,100,2,0,1,0,0,23,2,13,0,62,92,1,1,0,85.4,Low Risk
S12831,21,100,2,0,1,0,0,24,3,19,1,63,44,1,2,3,66.5,Medium Risk
S12832,21,100,1,1,1,1,0,23,3,19,0,72,42,0,0,3,68.4,Medium Risk
S12833,21,100,1,1,1,1,0,26,1,17,1,67,57,1,0,2,72.9,Low Risk
S12834,21,100,1,1,1,1,0,25,3,17,1,96,96,0,2,0,97.2,Low Risk
S12835,21,100,1,1,1,1,0,23,2,13,0,62,92,1,1,0,85.4,Low Risk
S12836,21,100,1,1,1,1,0,24,3,19,1,63,44,1,2,3,66.5,Medium Risk
S12837,7,62,2,0,1,1,0,21,2,13,1,94,71,1,1,1,75.2,Medium Risk
S12838,7,62,2,0,1,1,0,20,0,19,0,93,80,1,0,1,78.5,Medium Risk
S12839,7,62,1,1,1,1,0,21,2,13,1,94,71,1,1,1,75.2,Medium Risk
S12840,7,62,1,1,1,1,0,20,0,19,0,93,80,1,0,1,78.5,Medium Risk
S12841,28,94,0,1,1,1,0,24,2,15,1,53,92,0,1,0,80.9,Low Risk
S12842,28,94,1,1,1,1,0,24,2,15,1,53,92,0,1,0,80.9,Low Risk
S12843,28,94,2,1,2,1,0,24,2,15,1,53,92,0,1,0,80.9,Low Risk
S12844,14,90,2,1,1,1,0,18,0,14,1,90,75,1,2,1,84.0,Low Risk
S12845,14,90,1,1,1,1,0,18,0,14,1,90,75,1,2,1,84.0,Low Risk
S12846,14,90,1,1,1,1,0,18,0,14,1,90,75,1,2,1,84.0,Low Risk
S12847,14,90,1,1,1,1,0,18,0,14,1,90,75,1,2,1,84.0,Low Risk
S12848,34,81,1,1,0,1,1,27,1,9,0,73,84,1,1,1,79.8,Low Risk
S12849,27,84,1,0,1,1,1,23,2,10,1,80,77,1,2,1,80.0,Low Risk
S12850,27,84,1,0,1,1,1,18,3,3,0,64,92,0,2,0,81.2,Low Risk
S12851,27,84,1,0,1,1,1,28,2,3,1,55,53,1,1,3,62.900000000000006,Low Risk
S12852,32,98,2,0,1,1,1,23,0,16,1,84,68,1,2,2,81.80000000000001,Low Risk
S12853,32,98,2,0,1,1,1,25,2,7,1,99,50,1,2,3,79.1,Low Risk
S12854,32,98,2,0,1,1,1,21,3,15,1,54,62,1,0,2,70.4,Low Risk
S12855,8,95,1,0,0,1,1,23,3,17,0,96,91,1,2,0,93.69999999999999,Low Risk
S12856,8,95,1,0,0,1,1,25,0,13,0,90,71,1,2,1,83.9,Low Risk
S12857,31,68,1,0,0,1,0,26,3,2,1,90,84,0,1,1,81.0,Medium Risk
S12858,31,68,1,0,0,1,0,23,1,12,1,63,68,0,1,2,66.5,Medium Risk
S12859,31,68,1,0,0,1,0,29,0,14,1,67,62,1,0,2,65.3,Medium Risk
S12860,31,68,1,0,1,1,0,26,3,2,1,90,84,0,1,1,81.0,Medium Risk
S12861,31,68,1,0,1,1,0,23,1,12,1,63,68,0,1,2,66.5,Medium Risk
S12862,31,68,1,0,1,1,0,29,0,14,1,67,62,1,0,2,65.3,Medium Risk
S12863,11,67,1,1,0,1,0,25,1,5,1,95,55,1,0,2,70.6,Medium Risk
S12864,11,67,1,1,0,1,0,24,3,0,0,62,91,1,0,0,75.1,Medium Risk
S12865,11,67,1,1,0,1,0,19,1,13,0,54,95,1,2,0,74.3,Medium Risk
S12866,11,67,2,0,2,1,0,25,1,5,1,95,55,1,0,2,70.6,Medium Risk
S12867,11,67,2,0,2,1,0,24,3,0,0,62,91,1,0,0,75.1,Medium Risk
S12868,11,67,2,0,2,1,0,19,1,13,0,54,95,1,2,0,74.3,Medium Risk
S12869,24,99,1,1,1,1,0,29,3,18,0,51,42,0,2,3,61.8,Medium Risk
S12870,22,62,1,1,1,1,0,23,1,14,1,53,97,1,2,0,73.3,Medium Risk
S12871,22,62,1,1,0,1,0,23,1,14,1,53,97,1,2,0,73.3,Medium Risk
S12872,22,62,1,1,1,1,0,23,1,14,1,53,97,1,2,0,73.3,Medium Risk
S12873,23,72,1,0,1,0,0,26,2,4,0,95,82,1,2,1,82.9,Medium Risk
S12874,23,72,1,0,1,0,0,23,1,6,1,75,78,0,1,1,75.3,Medium Risk
S12875,23,72,1,0,1,0,0,29,2,2,1,80,47,0,2,3,64.39999999999999,Medium Risk
S12876,23,72,1,1,0,1,0,26,2,4,0,95,82,1,2,1,82.9,Medium Risk
S12877,23,72,1,1,0,1,0,23,1,6,1,75,78,0,1,1,75.3,Medium Risk
S12878,23,72,1,1,0,1,0,29,2,2,1,80,47,0,2,3,64.39999999999999,Medium Risk
S12879,23,72,1,1,0,0,0,26,2,4,0,95,82,1,2,1,82.9,Medium Risk
S12880,23,72,1,1,0,0,0,23,1,6,1,75,78,0,1,1,75.3,Medium Risk
S12881,23,72,1,1,0,0,0,29,2,2,1,80,47,0,2,3,64.39999999999999,Medium Risk
S12882,23,72,2,1,1,1,0,26,2,4,0,95,82,1,2,1,82.9,Medium Risk
S12883,23,72,2,1,1,1,0,23,1,6,1,75,78,0,1,1,75.3,Medium Risk
S12884,23,72,2,1,1,1,0,29,2,2,1,80,47,0,2,3,64.39999999999999,Medium Risk
S12885,19,74,1,0,2,1,0,19,3,7,0,83,97,0,2,0,85.9,Medium Risk
S12886,19,74,1,0,2,1,0,22,0,8,1,91,63,1,2,2,74.7,Medium Risk
S12887,19,74,1,0,2,1,0,23,1,17,1,72,49,0,2,3,63.400000000000006,Medium Risk
S12888,19,74,1,0,2,1,0,27,0,18,0,61,96,0,2,0,78.9,Medium Risk
S12889,19,74,2,1,1,1,0,19,3,7,0,83,97,0,2,0,85.9,Medium Risk
S12890,19,74,2,1,1,1,0,22,0,8,1,91,63,1,2,2,74.7,Medium Risk
S12891,19,74,2,1,1,1,0,23,1,17,1,72,49,0,2,3,63.400000000000006,Medium Risk
S12892,19,74,2,1,1,1,0,27,0,18,0,61,96,0,2,0,78.9,Medium Risk
S12893,19,74,1,1,2,1,0,19,3,7,0,83,97,0,2,0,85.9,Medium Risk
S12894,19,74,1,1,2,1,0,22,0,8,1,91,63,1,2,2,74.7,Medium Risk
S12895,19,74,1,1,2,1,0,23,1,17,1,72,49,0,2,3,63.400000000000006,Medium Risk
S12896,19,74,1,1,2,1,0,27,0,18,0,61,96,0,2,0,78.9,Medium Risk
S12897,19,74,2,1,2,1,0,19,3,7,0,83,97,0,2,0,85.9,Medium Risk
S12898,19,74,2,1,2,1,0,22,0,8,1,91,63,1,2,2,74.7,Medium Risk
S12899,19,74,2,1,2,1,0,23,1,17,1,72,49,0,2,3,63.400000000000006,Medium Risk
S12900,19,74,2,1,2,1,0,27,0,18,0,61,96,0,2,0,78.9,Medium Risk
S12901,7,99,2,1,0,0,0,20,1,19,1,73,48,1,2,3,70.8,Medium Risk
S12902,33,66,1,1,1,1,0,22,3,13,0,98,95,1,2,0,87.2,Medium Risk
S12903,12,80,2,1,2,1,1,22,0,1,1,54,42,0,1,3,57.0,Medium Risk
S12904,12,80,2,1,2,1,1,27,2,8,1,98,60,1,1,2,77.4,Low Risk
S12905,12,80,2,1,2,1,1,24,2,5,1,91,67,1,1,2,78.1,Low Risk
S12906,12,80,2,1,2,1,1,26,1,13,0,51,87,0,2,0,74.1,Low Risk
S12907,12,80,2,1,2,1,1,27,2,16,1,95,54,1,2,3,74.1,Low Risk
S12908,12,80,0,0,1,1,1,22,0,1,1,54,42,0,1,3,57.0,Medium Risk
S12909,12,80,0,0,1,1,1,27,2,8,1,98,60,1,1,2,77.4,Low Risk
S12910,12,80,0,0,1,1,1,24,2,5,1,91,67,1,1,2,78.1,Low Risk
S12911,12,80,0,0,1,1,1,26,1,13,0,51,87,0,2,0,74.1,Low Risk
S12912,12,80,0,0,1,1,1,27,2,16,1,95,54,1,2,3,74.1,Low Risk
S12913,12,80,2,1,1,1,1,22,0,1,1,54,42,0,1,3,57.0,Medium Risk
S12914,12,80,2,1,1,1,1,27,2,8,1,98,60,1,1,2,77.4,Low Risk
S12915,12,80,2,1,1,1,1,24,2,5,1,91,67,1,1,2,78.1,Low Risk
S12916,12,80,2,1,1,1,1,26,1,13,0,51,87,0,2,0,74.1,Low Risk
S12917,12,80,2,1,1,1,1,27,2,16,1,95,54,1,2,3,74.1,Low Risk
S12918,13,79,2,1,0,0,0,20,2,9,0,90,86,1,2,0,85.1,Low Risk
S12919,13,79,2,1,0,0,0,19,1,18,0,68,64,1,1,2,69.7,Low Risk
S12920,13,79,2,1,0,0,0,29,0,0,1,73,76,0,0,1,76.0,Low Risk
S12921,13,79,2,1,0,0,0,29,1,2,1,96,41,0,2,3,68.9,Medium Risk
S12922,13,79,2,1,0,0,0,22,0,6,0,60,65,1,1,2,67.7,Low Risk
S12923,13,79,2,0,2,1,0,20,2,9,0,90,86,1,2,0,85.1,Low Risk
S12924,13,79,2,0,2,1,0,19,1,18,0,68,64,1,1,2,69.7,Low Risk
S12925,13,79,2,0,2,1,0,29,0,0,1,73,76,0,0,1,76.0,Low Risk
S12926,13,79,2,0,2,1,0,29,1,2,1,96,41,0,2,3,68.9,Medium Risk
S12927,13,79,2,0,2,1,0,22,0,6,0,60,65,1,1,2,67.7,Low Risk
S12928,13,79,0,0,1,0,0,20,2,9,0,90,86,1,2,0,85.1,Low Risk
S12929,13,79,0,0,1,0,0,19,1,18,0,68,64,1,1,2,69.7,Low Risk
S12930,13,79,0,0,1,0,0,29,0,0,1,73,76,0,0,1,76.0,Low Risk
S12931,13,79,0,0,1,0,0,29,1,2,1,96,41,0,2,3,68.9,Medium Risk
S12932,13,79,0,0,1,0,0,22,0,6,0,60,65,1,1,2,67.7,Low Risk
S12933,27,98,0,1,0,1,1,29,3,9,1,75,96,1,0,0,90.30000000000001,Low Risk
S12934,27,98,0,1,0,1,1,20,3,17,0,76,54,1,0,3,73.80000000000001,Low Risk
S12935,27,98,0,1,0,1,1,22,0,4,1,59,47,0,2,3,65.9,Medium Risk
S12936,35,68,2,1,1,1,1,26,3,2,1,67,61,1,1,2,64.9,Medium Risk
S12937,35,68,2,1,1,1,1,26,0,8,1,82,88,0,1,0,80.19999999999999,Medium Risk
S12938,35,68,2,1,1,1,1,18,2,4,0,56,89,0,1,0,72.80000000000001,Medium Risk
S12939,17,85,1,1,1,1,1,27,3,8,0,51,64,1,2,2,66.4,Low Risk
S12940,17,85,1,1,1,1,1,18,2,10,0,82,70,1,1,1,78.1,Low Risk
S12941,17,85,0,0,1,1,1,27,3,8,0,51,64,1,2,2,66.4,Low Risk
S12942,17,85,0,0,1,1,1,18,2,10,0,82,70,1,1,1,78.1,Low Risk
S12943,17,85,1,1,1,1,1,27,3,8,0,51,64,1,2,2,66.4,Low Risk
S12944,17,85,1,1,1,1,1,18,2,10,0,82,70,1,1,1,78.1,Low Risk
S12945,28,95,1,0,2,1,1,25,2,3,1,81,43,0,2,3,70.0,Medium Risk
S12946,28,95,1,0,2,1,1,25,2,5,0,96,100,0,2,0,97.3,Low Risk
S12947,28,95,1,0,2,1,1,25,3,15,1,62,48,1,2,3,66.3,Medium Risk
S12948,28,95,1,0,2,1,1,19,2,15,0,91,50,1,1,3,75.8,Low Risk
S12949,28,95,1,0,1,1,1,25,2,3,1,81,43,0,2,3,70.0,Medium Risk
S12950,28,95,1,0,1,1,1,25,2,5,0,96,100,0,2,0,97.3,Low Risk
S12951,28,95,1,0,1,1,1,25,3,15,1,62,48,1,2,3,66.3,Medium Risk
S12952,28,95,1,0,1,1,1,19,2,15,0,91,50,1,1,3,75.8,Low Risk
S12953,28,95,1,0,0,1,1,25,2,3,1,81,43,0,2,3,70.0,Medium Risk
S12954,28,95,1,0,0,1,1,25,2,5,0,96,100,0,2,0,97.3,Low Risk
S12955,28,95,1,0,0,1,1,25,3,15,1,62,48,1,2,3,66.3,Medium Risk
S12956,28,95,1,0,0,1,1,19,2,15,0,91,50,1,1,3,75.8,Low Risk
S12957,11,76,1,1,0,1,0,28,1,6,1,55,92,1,1,0,76.10000000000001,Low Risk
S12958,11,76,1,1,0,1,0,20,3,1,1,68,49,1,0,3,62.8,Medium Risk
S12959,11,76,1,1,0,1,0,21,2,13,0,81,55,1,1,2,69.1,Low Risk
S12960,11,76,1,0,2,1,0,28,1,6,1,55,92,1,1,0,76.10000000000001,Low Risk
S12961,11,76,1,0,2,1,0,20,3,1,1,68,49,1,0,3,62.8,Medium Risk
S12962,11,76,1,0,2,1,0,21,2,13,0,81,55,1,1,2,69.1,Low Risk
S12963,7,92,1,1,1,1,0,19,3,0,1,76,66,1,2,2,76.8,Low Risk
S12964,7,92,1,1,1,1,0,19,1,11,1,57,87,1,2,0,79.5,Low Risk
S12965,7,92,1,1,1,1,0,29,3,1,1,78,94,1,0,0,88.6,Low Risk
S12966,7,92,1,1,1,1,0,23,1,19,1,56,54,1,1,3,66.0,Low Risk
S12967,7,92,1,1,1,1,0,25,3,10,0,78,67,1,0,2,77.8,Low Risk
S12968,26,72,0,0,0,1,0,20,2,0,0,65,98,1,2,0,80.3,Medium Risk
S12969,26,72,0,0,0,1,0,25,0,3,1,87,74,0,2,1,77.3,Medium Risk
S12970,26,72,0,0,0,1,0,19,3,19,0,68,47,1,0,3,60.8,Medium Risk
S12971,26,72,0,0,1,1,0,20,2,0,0,65,98,1,2,0,80.3,Medium Risk
S12972,26,72,0,0,1,1,0,25,0,3,1,87,74,0,2,1,77.3,Medium Risk
S12973,26,72,0,0,1,1,0,19,3,19,0,68,47,1,0,3,60.8,Medium Risk
S12974,39,90,2,0,2,1,0,25,0,10,1,56,93,1,2,0,81.0,Low Risk
S12975,39,90,2,0,2,1,0,28,0,5,0,56,48,0,2,3,63.0,Medium Risk
S12976,34,72,2,1,0,1,1,18,2,18,0,63,56,1,2,2,62.89999999999999,Medium Risk
S12977,19,77,1,0,0,1,0,28,0,4,1,91,86,0,2,0,84.8,Low Risk
S12978,19,77,1,0,0,1,0,18,2,3,0,57,47,1,2,3,59.0,Medium Risk
S12979,19,77,1,0,0,1,0,20,1,12,1,85,84,0,2,1,82.2,Low Risk
S12980,19,77,0,1,1,1,0,28,0,4,1,91,86,0,2,0,84.8,Low Risk
S12981,19,77,0,1,1,1,0,18,2,3,0,57,47,1,2,3,59.0,Medium Risk
S12982,19,77,0,1,1,1,0,20,1,12,1,85,84,0,2,1,82.2,Low Risk
S12983,19,77,0,1,0,1,0,28,0,4,1,91,86,0,2,0,84.8,Low Risk
S12984,19,77,0,1,0,1,0,18,2,3,0,57,47,1,2,3,59.0,Medium Risk
S12985,19,77,0,1,0,1,0,20,1,12,1,85,84,0,2,1,82.2,Low Risk
S12986,19,77,1,1,2,1,0,28,0,4,1,91,86,0,2,0,84.8,Low Risk
S12987,19,77,1,1,2,1,0,18,2,3,0,57,47,1,2,3,59.0,Medium Risk
S12988,19,77,1,1,2,1,0,20,1,12,1,85,84,0,2,1,82.2,Low Risk
S12989,19,77,0,0,0,1,0,28,0,4,1,91,86,0,2,0,84.8,Low Risk
S12990,19,77,0,0,0,1,0,18,2,3,0,57,47,1,2,3,59.0,Medium Risk
S12991,19,77,0,0,0,1,0,20,1,12,1,85,84,0,2,1,82.2,Low Risk
S12992,30,89,1,0,1,1,1,22,1,11,1,99,62,1,1,2,81.2,Low Risk
S12993,30,89,1,0,1,1,1,24,2,6,1,84,90,1,1,0,87.9,Low Risk
S12994,30,89,1,0,1,1,1,25,0,16,1,74,70,0,2,1,76.9,Low Risk
S12995,9,93,0,1,0,1,0,19,0,12,0,50,52,0,2,3,63.699999999999996,Low Risk
S12996,9,93,0,1,0,1,0,28,3,12,1,98,85,0,1,0,91.3,Low Risk
S12997,9,93,0,1,0,1,0,19,0,15,1,75,42,0,2,3,67.19999999999999,Medium Risk
S12998,9,93,0,1,0,1,0,24,0,10,1,54,48,0,2,3,63.300000000000004,Medium Risk
S12999,9,93,0,1,0,1,0,26,2,18,0,53,72,1,0,1,72.6,Low Risk
S13000,9,93,0,1,0,1,0,22,0,8,1,96,56,1,2,2,79.1,Low Risk
S13001,9,93,0,1,0,1,0,18,1,0,1,94,88,0,1,0,91.30000000000001,Low Risk
S13002,16,100,2,0,1,1,0,27,1,19,1,87,59,0,0,2,79.7,Low Risk
S13003,16,100,2,0,1,1,0,27,1,19,1,87,59,0,0,2,79.7,Low Risk
S13004,16,100,1,1,2,1,0,27,1,19,1,87,59,0,0,2,79.7,Low Risk
S13005,26,92,2,0,1,1,1,19,3,1,1,88,68,0,2,2,81.2,Low Risk
S13006,26,92,2,0,1,1,1,25,0,12,1,53,76,1,1,1,73.89999999999999,Low Risk
S13007,26,92,2,0,1,1,1,18,3,16,1,93,74,1,2,1,85.1,Low Risk
S13008,26,92,1,1,1,1,1,19,3,1,1,88,68,0,2,2,81.2,Low Risk
S13009,26,92,1,1,1,1,1,25,0,12,1,53,76,1,1,1,73.89999999999999,Low Risk
S13010,26,92,1,1,1,1,1,18,3,16,1,93,74,1,2,1,85.1,Low Risk
S13011,26,92,2,0,2,1,1,19,3,1,1,88,68,0,2,2,81.2,Low Risk
S13012,26,92,2,0,2,1,1,25,0,12,1,53,76,1,1,1,73.89999999999999,Low Risk
S13013,26,92,2,0,2,1,1,18,3,16,1,93,74,1,2,1,85.1,Low Risk
S13014,26,92,1,0,1,1,1,19,3,1,1,88,68,0,2,2,81.2,Low Risk
S13015,26,92,1,0,1,1,1,25,0,12,1,53,76,1,1,1,73.89999999999999,Low Risk
S13016,26,92,1,0,1,1,1,18,3,16,1,93,74,1,2,1,85.1,Low Risk
S13017,6,90,1,1,1,1,1,27,2,19,1,99,67,1,0,2,83.5,Low Risk
S13018,6,90,1,1,1,1,1,25,3,4,1,77,94,1,1,0,87.7,Low Risk
S13019,16,84,0,0,0,0,1,20,2,13,1,99,65,1,0,2,80.9,Low Risk
S13020,16,84,0,0,0,0,1,18,0,2,1,54,75,0,1,1,71.4,Low Risk
S13021,16,84,1,0,0,1,1,20,2,13,1,99,65,1,0,2,80.9,Low Risk
S13022,16,84,1,0,0,1,1,18,0,2,1,54,75,0,1,1,71.4,Low Risk
S13023,16,84,2,1,1,0,1,20,2,13,1,99,65,1,0,2,80.9,Low Risk
S13024,16,84,2,1,1,0,1,18,0,2,1,54,75,0,1,1,71.4,Low Risk
S13025,16,84,2,1,1,1,1,20,2,13,1,99,65,1,0,2,80.9,Low Risk
S13026,16,84,2,1,1,1,1,18,0,2,1,54,75,0,1,1,71.4,Low Risk
S13027,16,84,2,0,0,1,1,20,2,13,1,99,65,1,0,2,80.9,Low Risk
S13028,16,84,2,0,0,1,1,18,0,2,1,54,75,0,1,1,71.4,Low Risk
S13029,14,61,1,1,1,0,1,26,2,2,1,59,92,1,1,0,72.8,Medium Risk
S13030,14,61,1,1,1,0,1,29,0,13,1,54,81,1,2,1,66.89999999999999,Medium Risk
S13031,14,61,1,1,1,0,1,18,3,2,0,86,96,1,2,0,82.5,Medium Risk
S13032,14,61,1,1,1,0,1,19,3,11,1,74,78,0,2,1,71.7,Medium Risk
S13033,14,61,1,1,0,1,1,26,2,2,1,59,92,1,1,0,72.8,Medium Risk
S13034,14,61,1,1,0,1,1,29,0,13,1,54,81,1,2,1,66.89999999999999,Medium Risk
S13035,14,61,1,1,0,1,1,18,3,2,0,86,96,1,2,0,82.5,Medium Risk
S13036,14,61,1,1,0,1,1,19,3,11,1,74,78,0,2,1,71.7,Medium Risk
S13037,28,63,2,1,0,1,0,23,0,18,0,70,51,0,2,3,60.300000000000004,Medium Risk
S13038,28,63,2,1,0,1,0,18,2,2,0,88,71,1,2,1,73.69999999999999,Medium Risk
S13039,28,63,2,1,0,1,0,25,2,0,0,68,58,1,1,2,62.5,Medium Risk
S13040,8,82,2,1,1,0,0,27,0,11,1,60,96,1,1,0,81.0,Low Risk
S13041,8,66,2,1,1,1,1,23,1,5,1,67,64,1,0,2,65.5,Medium Risk
S13042,14,73,2,0,1,1,1,29,0,15,0,94,90,1,0,0,86.1,Medium Risk
S13043,14,73,2,0,1,1,1,23,3,10,1,91,72,1,0,1,78.0,Medium Risk
S13044,14,73,2,0,1,1,1,28,1,4,1,81,72,1,1,1,75.0,Medium Risk
S13045,20,100,1,1,1,1,1,25,2,2,1,55,70,1,2,1,74.5,Low Risk
S13046,20,100,1,1,1,1,1,27,0,19,1,50,99,1,1,0,84.6,Low Risk
S13047,20,100,1,1,1,1,1,19,3,2,1,60,55,1,1,2,70.0,Low Risk
S13048,20,100,1,1,1,1,1,25,2,2,1,55,70,1,2,1,74.5,Low Risk
S13049,20,100,1,1,1,1,1,27,0,19,1,50,99,1,1,0,84.6,Low Risk
S13050,20,100,1,1,1,1,1,19,3,2,1,60,55,1,1,2,70.0,Low Risk
S13051,20,100,1,1,2,0,1,25,2,2,1,55,70,1,2,1,74.5,Low Risk
S13052,20,100,1,1,2,0,1,27,0,19,1,50,99,1,1,0,84.6,Low Risk
S13053,20,100,1,1,2,0,1,19,3,2,1,60,55,1,1,2,70.0,Low Risk
S13054,12,68,2,0,2,1,0,19,1,11,1,51,75,1,2,1,65.69999999999999,Medium Risk
S13055,12,68,2,0,2,1,0,20,2,8,0,89,64,1,2,2,72.69999999999999,Medium Risk
S13056,11,100,2,0,1,1,0,22,0,20,1,58,52,1,2,3,68.2,Low Risk
S13057,11,100,2,0,1,1,0,24,1,2,0,84,85,1,2,0,89.2,Low Risk
S13058,11,100,2,1,2,1,0,22,0,20,1,58,52,1,2,3,68.2,Low Risk
S13059,11,100,2,1,2,1,0,24,1,2,0,84,85,1,2,0,89.2,Low Risk
S13060,12,61,1,1,1,1,1,27,3,6,1,94,96,1,2,0,84.9,Medium Risk
S13061,12,61,1,1,1,1,1,25,1,19,0,66,53,1,2,3,59.3,Medium Risk
S13062,12,61,1,1,1,1,1,27,3,6,1,94,96,1,2,0,84.9,Medium Risk
S13063,12,61,1,1,1,1,1,25,1,19,0,66,53,1,2,3,59.3,Medium Risk
S13064,30,82,1,1,0,1,0,22,3,14,1,96,77,1,0,1,84.19999999999999,Low Risk
S13065,30,82,1,1,0,1,0,21,0,8,0,62,61,1,1,2,67.6,Low Risk
S13066,30,82,2,1,1,1,0,22,3,14,1,96,77,1,0,1,84.19999999999999,Low Risk
S13067,30,82,2,1,1,1,0,21,0,8,0,62,61,1,1,2,67.6,Low Risk
S13068,13,91,1,1,1,1,1,27,0,2,1,85,96,0,1,0,91.2,Low Risk
S13069,13,91,1,1,1,1,1,28,0,17,0,81,70,1,2,1,79.6,Low Risk
S13070,13,91,0,1,0,1,1,27,0,2,1,85,96,0,1,0,91.2,Low Risk
S13071,13,91,0,1,0,1,1,28,0,17,0,81,70,1,2,1,79.6,Low Risk
S13072,16,91,2,0,0,1,1,29,3,20,0,75,56,0,2,2,72.2,Low Risk
S13073,16,91,2,1,0,1,1,29,3,20,0,75,56,0,2,2,72.2,Low Risk
S13074,16,91,1,1,1,1,1,29,3,20,0,75,56,0,2,2,72.2,Low Risk
S13075,22,97,1,1,0,1,0,28,1,10,1,78,100,1,0,0,92.5,Low Risk
S13076,22,97,1,1,0,1,0,22,1,8,0,79,88,1,2,0,88.0,Low Risk
S13077,22,97,1,1,0,1,0,18,1,8,1,78,96,1,2,0,90.9,Low Risk
S13078,22,97,1,1,0,1,0,20,3,4,1,54,91,0,0,0,81.69999999999999,Low Risk
S13079,22,97,1,1,0,1,0,22,2,13,1,76,52,1,2,3,72.7,Low Risk
S13080,22,97,1,1,0,1,0,24,1,5,0,95,92,0,0,0,94.4,Low Risk
S13081,22,97,1,0,2,1,0,28,1,10,1,78,100,1,0,0,92.5,Low Risk
S13082,22,97,1,0,2,1,0,22,1,8,0,79,88,1,2,0,88.0,Low Risk
S13083,22,97,1,0,2,1,0,18,1,8,1,78,96,1,2,0,90.9,Low Risk
S13084,22,97,1,0,2,1,0,20,3,4,1,54,91,0,0,0,81.69999999999999,Low Risk
S13085,22,97,1,0,2,1,0,22,2,13,1,76,52,1,2,3,72.7,Low Risk
S13086,22,97,1,0,2,1,0,24,1,5,0,95,92,0,0,0,94.4,Low Risk
S13087,9,97,1,0,0,1,1,19,2,6,1,74,45,0,2,3,69.3,Medium Risk
S13088,7,90,1,1,0,1,1,29,2,10,0,82,81,1,2,1,84.0,Low Risk
S13089,22,60,0,0,1,0,0,26,0,7,1,95,86,1,2,0,80.9,Medium Risk
S13090,22,60,1,1,1,1,0,26,0,7,1,95,86,1,2,0,80.9,Medium Risk
S13091,30,100,2,0,1,1,1,21,2,10,0,51,78,0,1,1,76.5,Low Risk
S13092,30,100,2,0,1,1,1,28,2,2,0,57,90,1,2,0,83.1,Low Risk
S13093,30,100,2,1,0,1,1,21,2,10,0,51,78,0,1,1,76.5,Low Risk
S13094,30,100,2,1,0,1,1,28,2,2,0,57,90,1,2,0,83.1,Low Risk
S13095,30,70,0,0,2,1,1,18,3,20,1,72,96,0,1,0,81.0,Medium Risk
S13096,30,70,0,0,2,1,1,19,3,7,0,56,46,1,2,3,56.2,Medium Risk
S13097,30,70,0,0,2,1,1,19,3,6,1,80,50,1,2,3,65.0,Medium Risk
S13098,30,70,0,0,2,1,1,18,2,6,0,91,95,1,0,0,86.3,Medium Risk
S13099,30,70,0,0,2,1,1,20,3,7,1,75,82,1,0,1,76.30000000000001,Medium Risk
S13100,30,70,0,0,2,1,1,29,2,12,1,61,76,1,2,1,69.7,Medium Risk
S13101,31,85,1,1,0,1,0,21,1,18,1,61,92,1,2,0,80.60000000000001,Low Risk
S13102,31,85,1,1,0,1,0,25,2,8,1,72,72,0,2,1,75.9,Low Risk
S13103,10,73,1,1,2,1,1,24,2,4,0,77,68,1,0,2,72.19999999999999,Medium Risk
S13104,10,73,0,1,0,1,1,24,2,4,0,77,68,1,0,2,72.19999999999999,Medium Risk
S13105,25,66,1,1,1,1,0,26,1,6,0,84,56,0,2,2,67.4,Medium Risk
S13106,25,66,1,1,1,1,0,28,1,4,1,76,98,1,2,0,81.8,Medium Risk
S13107,25,66,2,0,2,1,0,26,1,6,0,84,56,0,2,2,67.4,Medium Risk
S13108,25,66,2,0,2,1,0,28,1,4,1,76,98,1,2,0,81.8,Medium Risk
S13109,25,66,1,1,1,1,0,26,1,6,0,84,56,0,2,2,67.4,Medium Risk
S13110,25,66,1,1,1,1,0,28,1,4,1,76,98,1,2,0,81.8,Medium Risk
S13111,6,98,0,0,1,1,0,20,3,11,1,57,66,1,0,2,72.9,Low Risk
S13112,6,98,0,0,1,1,0,18,1,14,0,96,69,1,0,2,85.8,Low Risk
S13113,6,98,0,0,1,1,0,18,1,6,1,58,78,1,2,1,78.0,Low Risk
S13114,18,92,1,1,0,1,0,20,2,19,0,76,92,1,1,0,87.2,Low Risk
S13115,12,66,2,1,0,1,1,19,1,5,1,50,78,1,1,1,66.0,Medium Risk
S13116,12,66,2,1,0,1,1,19,3,15,1,70,42,1,0,3,57.599999999999994,Medium Risk
S13117,12,66,2,1,1,0,1,19,1,5,1,50,78,1,1,1,66.0,Medium Risk
S13118,12,66,2,1,1,0,1,19,3,15,1,70,42,1,0,3,57.599999999999994,Medium Risk
S13119,33,74,0,0,1,1,1,23,0,13,1,53,94,1,0,0,75.7,Medium Risk
S13120,33,74,1,1,1,1,1,23,0,13,1,53,94,1,0,0,75.7,Medium Risk
S13121,31,94,1,0,0,1,1,25,2,11,1,99,62,1,0,2,82.7,Low Risk
S13122,32,66,2,1,2,1,1,23,2,6,1,84,74,1,2,1,74.6,Medium Risk
S13123,32,66,2,1,2,1,1,23,0,11,0,64,47,1,1,3,57.8,Medium Risk
S13124,23,93,2,0,2,1,0,22,0,14,0,62,59,1,1,2,70.1,Low Risk
S13125,23,93,2,0,2,1,0,26,0,10,0,72,51,1,1,3,69.9,Low Risk
S13126,23,93,2,0,2,1,0,24,1,15,0,62,94,1,2,0,84.1,Low Risk
S13127,23,93,2,0,2,1,0,25,0,5,0,61,75,0,0,1,76.19999999999999,Low Risk
S13128,23,93,2,0,2,1,0,27,1,11,0,96,81,1,2,1,89.1,Low Risk
S13129,23,93,2,1,2,1,0,22,0,14,0,62,59,1,1,2,70.1,Low Risk
S13130,23,93,2,1,2,1,0,26,0,10,0,72,51,1,1,3,69.9,Low Risk
S13131,23,93,2,1,2,1,0,24,1,15,0,62,94,1,2,0,84.1,Low Risk
S13132,23,93,2,1,2,1,0,25,0,5,0,61,75,0,0,1,76.19999999999999,Low Risk
S13133,23,93,2,1,2,1,0,27,1,11,0,96,81,1,2,1,89.1,Low Risk
S13134,23,93,0,1,2,1,0,22,0,14,0,62,59,1,1,2,70.1,Low Risk
S13135,23,93,0,1,2,1,0,26,0,10,0,72,51,1,1,3,69.9,Low Risk
S13136,23,93,0,1,2,1,0,24,1,15,0,62,94,1,2,0,84.1,Low Risk
S13137,23,93,0,1,2,1,0,25,0,5,0,61,75,0,0,1,76.19999999999999,Low Risk
S13138,23,93,0,1,2,1,0,27,1,11,0,96,81,1,2,1,89.1,Low Risk
S13139,23,93,1,0,1,1,0,22,0,14,0,62,59,1,1,2,70.1,Low Risk
S13140,23,93,1,0,1,1,0,26,0,10,0,72,51,1,1,3,69.9,Low Risk
S13141,23,93,1,0,1,1,0,24,1,15,0,62,94,1,2,0,84.1,Low Risk
S13142,23,93,1,0,1,1,0,25,0,5,0,61,75,0,0,1,76.19999999999999,Low Risk
S13143,23,93,1,0,1,1,0,27,1,11,0,96,81,1,2,1,89.1,Low Risk
S13144,28,62,2,0,1,1,0,19,0,17,1,87,64,0,1,2,70.3,Medium Risk
S13145,28,62,2,0,1,1,0,26,0,5,0,64,46,1,1,3,56.2,Medium Risk
S13146,28,62,2,0,1,1,0,26,0,13,0,72,95,1,0,0,78.19999999999999,Medium Risk
S13147,28,62,2,0,1,1,0,29,0,12,1,53,62,1,2,2,59.3,Medium Risk
S13148,28,62,2,0,1,1,0,27,1,10,0,90,86,1,2,0,80.0,Medium Risk
S13149,28,62,2,0,1,1,0,21,0,14,1,100,72,1,2,1,77.39999999999999,Medium Risk
S13150,30,76,1,1,1,1,1,20,0,6,1,62,58,1,2,2,64.6,Low Risk
S13151,39,75,2,1,2,1,1,29,3,11,1,77,58,1,2,2,68.8,Low Risk
S13152,39,75,2,1,2,1,1,18,1,17,1,69,94,0,2,0,80.8,Low Risk
S13153,39,75,2,1,2,1,1,29,0,0,1,97,83,1,1,1,84.8,Low Risk
S13154,8,90,2,0,2,1,1,26,3,18,0,72,70,1,2,1,76.6,Low Risk
S13155,8,90,2,0,2,1,1,24,2,18,1,62,71,1,1,1,74.0,Low Risk
S13156,8,90,2,0,2,1,1,21,3,1,0,65,67,1,1,2,73.3,Low Risk
S13157,8,90,2,0,2,1,1,24,0,19,0,95,91,1,1,0,91.9,Low Risk
S13158,8,90,2,0,2,1,1,26,0,6,1,96,52,1,1,3,76.6,Low Risk
S13159,8,90,1,0,2,1,1,26,3,18,0,72,70,1,2,1,76.6,Low Risk
S13160,8,90,1,0,2,1,1,24,2,18,1,62,71,1,1,1,74.0,Low Risk
S13161,8,90,1,0,2,1,1,21,3,1,0,65,67,1,1,2,73.3,Low Risk
S13162,8,90,1,0,2,1,1,24,0,19,0,95,91,1,1,0,91.9,Low Risk
S13163,8,90,1,0,2,1,1,26,0,6,1,96,52,1,1,3,76.6,Low Risk
S13164,32,81,1,0,2,1,0,21,0,14,1,61,100,0,2,0,82.6,Low Risk
S13165,32,81,1,0,2,1,0,19,3,11,0,65,93,1,1,0,81.0,Low Risk
S13166,32,81,1,0,2,1,0,29,0,6,1,65,83,1,1,1,77.0,Low Risk
S13167,8,78,1,1,1,1,1,18,0,15,1,54,50,0,1,3,59.6,Low Risk
S13168,8,78,1,1,1,1,1,28,2,15,1,72,92,0,0,0,81.80000000000001,Low Risk
S13169,20,87,2,1,1,1,0,27,3,12,1,55,99,1,2,0,82.2,Low Risk
S13170,20,87,2,1,1,1,0,29,1,19,0,78,97,1,2,0,88.3,Low Risk
S13171,20,87,1,0,1,1,0,27,3,12,1,55,99,1,2,0,82.2,Low Risk
S13172,20,87,1,0,1,1,0,29,1,19,0,78,97,1,2,0,88.3,Low Risk
S13173,20,87,2,0,0,1,0,27,3,12,1,55,99,1,2,0,82.2,Low Risk
S13174,20,87,2,0,0,1,0,29,1,19,0,78,97,1,2,0,88.3,Low Risk
S13175,20,87,0,0,1,0,0,27,3,12,1,55,99,1,2,0,82.2,Low Risk
S13176,20,87,0,0,1,0,0,29,1,19,0,78,97,1,2,0,88.3,Low Risk
S13177,24,74,0,1,2,1,1,21,3,0,1,71,78,1,2,1,74.7,Medium Risk
S13178,24,74,1,1,0,1,1,21,3,0,1,71,78,1,2,1,74.7,Medium Risk
S13179,20,100,1,1,1,1,0,23,0,0,0,97,59,1,2,2,82.7,Low Risk
S13180,20,100,1,1,1,1,0,26,0,15,0,52,75,0,2,1,75.6,Low Risk
S13181,9,69,1,1,1,1,1,18,3,13,0,59,41,1,2,3,54.8,Medium Risk
S13182,9,69,1,1,1,1,1,19,0,13,0,50,44,1,0,3,53.3,Medium Risk
S13183,9,69,2,1,1,1,1,18,3,13,0,59,41,1,2,3,54.8,Medium Risk
S13184,9,69,2,1,1,1,1,19,0,13,0,50,44,1,0,3,53.3,Medium Risk
S13185,30,91,1,0,0,1,0,18,3,14,1,58,82,1,0,1,77.5,Low Risk
S13186,30,91,1,0,0,1,0,21,1,12,1,73,79,0,2,1,80.8,Low Risk
S13187,30,91,1,0,0,1,0,26,0,12,1,89,79,0,1,1,85.6,Low Risk
S13188,30,91,2,1,0,1,0,18,3,14,1,58,82,1,0,1,77.5,Low Risk
S13189,30,91,2,1,0,1,0,21,1,12,1,73,79,0,2,1,80.8,Low Risk
S13190,30,91,2,1,0,1,0,26,0,12,1,89,79,0,1,1,85.6,Low Risk
S13191,30,91,0,1,1,1,0,18,3,14,1,58,82,1,0,1,77.5,Low Risk
S13192,30,91,0,1,1,1,0,21,1,12,1,73,79,0,2,1,80.8,Low Risk
S13193,30,91,0,1,1,1,0,26,0,12,1,89,79,0,1,1,85.6,Low Risk
S13194,10,95,0,1,2,1,1,18,1,1,1,51,70,1,2,1,71.8,Low Risk
S13195,10,95,1,0,2,1,1,18,1,1,1,51,70,1,2,1,71.8,Low Risk
S13196,10,95,2,1,2,1,1,18,1,1,1,51,70,1,2,1,71.8,Low Risk
S13197,26,70,1,0,0,1,1,25,3,2,1,100,71,0,2,1,79.4,Medium Risk
S13198,26,70,1,0,0,1,1,27,0,8,1,69,76,1,1,1,72.1,Medium Risk
S13199,26,70,1,0,0,1,1,26,0,8,0,53,41,0,1,3,53.3,Medium Risk
S13200,26,70,1,0,0,1,1,24,0,17,0,72,67,0,2,2,69.4,Medium Risk
S13201,26,70,2,1,1,1,1,25,3,2,1,100,71,0,2,1,79.4,Medium Risk
S13202,26,70,2,1,1,1,1,27,0,8,1,69,76,1,1,1,72.1,Medium Risk
S13203,26,70,2,1,1,1,1,26,0,8,0,53,41,0,1,3,53.3,Medium Risk
S13204,26,70,2,1,1,1,1,24,0,17,0,72,67,0,2,2,69.4,Medium Risk
S13205,37,73,2,1,1,1,1,22,0,7,0,90,68,0,2,2,76.1,Medium Risk
S13206,26,88,2,0,1,1,0,20,3,18,0,65,58,1,1,2,69.1,Low Risk
S13207,26,88,2,0,1,1,0,29,1,4,1,72,45,0,2,3,66.0,Medium Risk
S13208,26,88,2,1,2,0,0,20,3,18,0,65,58,1,1,2,69.1,Low Risk
S13209,26,88,2,1,2,0,0,29,1,4,1,72,45,0,2,3,66.0,Medium Risk
S13210,14,72,2,0,1,1,0,18,2,17,0,61,77,0,0,1,70.7,Medium Risk
S13211,14,72,2,0,1,1,0,26,1,12,1,60,77,1,1,1,70.39999999999999,Medium Risk
S13212,11,100,1,1,0,1,1,19,2,1,1,53,91,1,0,0,82.3,Low Risk
S13213,11,100,1,1,0,1,1,20,0,8,1,52,40,0,1,3,61.6,Medium Risk
S13214,11,100,1,1,0,1,1,27,3,5,0,68,83,1,2,1,83.6,Low Risk
S13215,8,65,1,0,1,1,1,23,1,20,0,51,63,1,0,2,60.0,Medium Risk
S13216,8,65,1,0,1,1,1,22,3,8,0,71,70,1,2,1,68.8,Medium Risk
S13217,16,87,1,0,2,1,1,20,1,14,0,62,78,1,2,1,75.89999999999999,Low Risk
S13218,16,87,1,0,2,1,1,29,1,18,1,90,52,0,1,3,73.89999999999999,Low Risk
S13219,16,87,1,1,1,0,1,20,1,14,0,62,78,1,2,1,75.89999999999999,Low Risk
S13220,16,87,1,1,1,0,1,29,1,18,1,90,52,0,1,3,73.89999999999999,Low Risk
S13221,27,71,1,1,1,0,0,18,3,16,0,50,58,1,0,2,59.5,Medium Risk
S13222,27,71,1,1,1,0,0,26,3,16,1,80,86,1,1,0,79.7,Medium Risk
S13223,11,86,2,1,1,1,1,24,1,17,1,69,43,1,2,3,63.7,Medium Risk
S13224,11,86,1,1,1,1,1,24,1,17,1,69,43,1,2,3,63.7,Medium Risk
S13225,14,95,1,1,1,1,1,20,3,12,0,99,55,1,1,2,80.2,Low Risk
S13226,14,95,1,1,1,1,1,22,0,9,0,52,69,0,0,2,71.7,Low Risk
S13227,15,79,2,1,1,1,0,26,3,19,1,62,82,1,0,1,75.10000000000001,Low Risk
S13228,15,79,2,1,1,1,0,25,0,0,1,73,58,1,2,2,68.8,Low Risk
S13229,15,79,2,1,1,1,0,27,0,15,1,83,73,1,2,1,77.8,Low Risk
S13230,15,79,2,1,1,1,0,20,3,9,0,74,46,0,1,3,64.3,Medium Risk
S13231,15,79,2,1,1,1,0,26,3,19,1,62,82,1,0,1,75.10000000000001,Low Risk
S13232,15,79,2,1,1,1,0,25,0,0,1,73,58,1,2,2,68.8,Low Risk
S13233,15,79,2,1,1,1,0,27,0,15,1,83,73,1,2,1,77.8,Low Risk
S13234,15,79,2,1,1,1,0,20,3,9,0,74,46,0,1,3,64.3,Medium Risk
S13235,31,99,0,1,2,1,0,21,3,1,0,79,49,1,1,3,73.0,Medium Risk
S13236,31,99,0,1,2,1,0,29,2,6,1,64,63,1,1,2,74.10000000000001,Low Risk
S13237,30,84,1,1,1,1,0,27,1,16,1,55,63,1,1,2,66.9,Low Risk
S13238,30,84,1,1,1,1,0,24,2,8,0,94,97,1,2,0,92.2,Low Risk
S13239,30,84,1,1,1,1,0,19,3,5,0,66,75,0,1,1,75.0,Low Risk
S13240,30,84,0,1,0,1,0,27,1,16,1,55,63,1,1,2,66.9,Low Risk
S13241,30,84,0,1,0,1,0,24,2,8,0,94,97,1,2,0,92.2,Low Risk
S13242,30,84,0,1,0,1,0,19,3,5,0,66,75,0,1,1,75.0,Low Risk
S13243,11,66,1,1,1,1,0,18,2,15,0,96,58,0,1,2,71.8,Medium Risk
S13244,11,66,1,1,1,1,0,18,3,11,1,61,85,1,0,0,72.1,Medium Risk
S13245,11,66,1,1,1,1,0,29,0,13,1,70,54,1,1,3,62.400000000000006,Medium Risk
S13246,17,70,1,0,1,1,1,23,2,18,1,85,54,1,2,3,68.1,Medium Risk
S13247,17,70,1,0,1,1,1,25,1,8,1,74,73,0,2,1,72.4,Medium Risk
S13248,17,70,1,0,1,1,1,21,1,6,0,95,89,1,2,0,85.1,Medium Risk
S13249,17,70,1,0,1,1,1,28,0,15,1,97,82,1,0,1,82.9,Medium Risk
S13250,31,83,2,1,1,1,1,20,3,13,0,53,100,1,0,0,80.8,Low Risk
S13251,16,65,0,1,2,1,0,27,2,2,0,62,63,1,0,2,63.3,Medium Risk
S13252,34,61,0,0,0,1,0,20,1,18,0,76,57,1,2,2,63.900000000000006,Medium Risk
S13253,34,61,0,0,0,1,0,19,3,9,1,70,86,1,1,0,73.7,Medium Risk
S13254,34,61,0,0,0,1,0,26,0,5,1,64,62,0,2,2,62.3,Medium Risk
S13255,34,61,0,0,0,1,0,24,2,7,1,51,48,1,1,3,52.8,Medium Risk
S13256,28,90,1,1,1,1,0,23,3,18,0,59,43,1,1,3,61.9,Medium Risk
S13257,28,90,1,1,1,1,0,19,2,17,1,67,72,1,2,1,75.9,Low Risk
S13258,28,90,1,1,1,1,0,21,2,8,0,78,96,1,1,0,88.80000000000001,Low Risk
S13259,5,93,1,1,1,0,0,24,0,20,0,60,69,0,2,2,73.5,Low Risk
S13260,5,93,1,1,1,0,0,21,0,6,1,66,47,1,1,3,66.5,Medium Risk
S13261,6,69,1,1,1,0,0,29,0,18,1,79,89,1,2,0,80.0,Medium Risk
S13262,6,69,1,1,1,0,0,28,2,16,1,85,84,1,2,1,79.8,Medium Risk
S13263,11,91,1,0,1,1,0,25,0,11,1,84,86,0,1,0,86.89999999999999,Low Risk
S13264,11,91,1,0,1,1,0,29,2,4,0,87,84,1,0,1,87.0,Low Risk
S13265,13,82,1,1,1,1,0,27,3,8,1,68,96,0,2,0,83.4,Low Risk
S13266,13,82,1,1,1,1,0,29,2,0,0,59,55,1,1,2,64.3,Low Risk
S13267,13,82,1,1,1,1,0,26,3,18,0,93,96,1,2,0,90.9,Low Risk
S13268,13,82,1,1,1,1,0,21,1,15,1,64,84,1,2,1,77.39999999999999,Low Risk
S13269,13,82,1,1,1,1,0,20,1,12,0,73,42,1,1,3,63.3,Medium Risk
S13270,13,82,1,1,1,1,0,29,2,11,1,66,52,0,2,3,65.2,Low Risk
S13271,13,82,2,0,1,1,0,27,3,8,1,68,96,0,2,0,83.4,Low Risk
S13272,13,82,2,0,1,1,0,29,2,0,0,59,55,1,1,2,64.3,Low Risk
S13273,13,82,2,0,1,1,0,26,3,18,0,93,96,1,2,0,90.9,Low Risk
S13274,13,82,2,0,1,1,0,21,1,15,1,64,84,1,2,1,77.39999999999999,Low Risk
S13275,13,82,2,0,1,1,0,20,1,12,0,73,42,1,1,3,63.3,Medium Risk
S13276,13,82,2,0,1,1,0,29,2,11,1,66,52,0,2,3,65.2,Low Risk
S13277,13,82,2,0,1,1,0,27,3,8,1,68,96,0,2,0,83.4,Low Risk
S13278,13,82,2,0,1,1,0,29,2,0,0,59,55,1,1,2,64.3,Low Risk
S13279,13,82,2,0,1,1,0,26,3,18,0,93,96,1,2,0,90.9,Low Risk
S13280,13,82,2,0,1,1,0,21,1,15,1,64,84,1,2,1,77.39999999999999,Low Risk
S13281,13,82,2,0,1,1,0,20,1,12,0,73,42,1,1,3,63.3,Medium Risk
S13282,13,82,2,0,1,1,0,29,2,11,1,66,52,0,2,3,65.2,Low Risk
S13283,9,96,0,1,0,1,0,29,2,18,1,74,74,1,0,1,80.6,Low Risk
S13284,9,96,0,1,0,1,0,25,2,1,0,92,99,0,2,0,96.0,Low Risk
S13285,25,61,2,1,0,1,0,21,2,20,1,58,60,1,2,2,59.7,Medium Risk
S13286,25,61,1,0,2,1,0,21,2,20,1,58,60,1,2,2,59.7,Medium Risk
S13287,25,61,2,0,1,1,0,21,2,20,1,58,60,1,2,2,59.7,Medium Risk
S13288,31,63,2,0,1,1,0,25,3,1,1,97,99,0,0,0,87.6,Medium Risk
S13289,31,63,2,0,1,1,0,27,3,11,0,91,97,1,0,0,85.0,Medium Risk
S13290,9,80,0,0,1,1,1,25,1,3,0,69,100,1,0,0,84.7,Low Risk
S13291,33,92,2,1,0,1,0,19,0,3,1,57,93,1,2,0,81.89999999999999,Low Risk
S13292,33,92,2,1,0,1,0,24,0,9,0,98,79,1,2,1,88.6,Low Risk
S13293,33,92,2,1,0,1,0,26,0,15,0,57,60,1,1,2,68.69999999999999,Low Risk
S13294,33,92,2,1,0,1,0,21,0,14,0,60,58,1,2,2,68.8,Low Risk
S13295,33,92,2,1,0,1,0,18,2,16,0,86,63,0,0,2,78.6,Low Risk
S13296,8,60,1,1,2,1,0,20,0,9,0,68,90,0,2,0,74.4,Medium Risk
S13297,8,60,1,1,2,1,0,24,0,16,1,96,52,0,2,3,67.6,Medium Risk
S13298,8,78,2,0,0,1,0,18,3,16,0,97,62,0,1,2,77.3,Low Risk
S13299,8,78,2,0,0,1,0,29,3,5,1,88,50,1,0,3,69.8,Low Risk
S13300,33,63,2,1,1,1,1,29,1,6,1,70,79,1,2,1,71.5,Medium Risk
S13301,14,86,1,0,1,1,0,29,2,2,1,60,84,0,2,1,77.4,Low Risk
S13302,14,86,1,0,1,1,0,18,1,3,0,54,53,0,1,3,63.2,Low Risk
S13303,14,86,1,1,1,1,0,29,2,2,1,60,84,0,2,1,77.4,Low Risk
S13304,14,86,1,1,1,1,0,18,1,3,0,54,53,0,1,3,63.2,Low Risk
S13305,12,89,0,1,0,1,0,20,1,14,0,70,53,1,2,3,68.9,Low Risk
S13306,12,89,0,1,0,1,0,21,3,1,0,86,87,1,2,0,87.30000000000001,Low Risk
S13307,12,89,2,1,0,1,0,20,1,14,0,70,53,1,2,3,68.9,Low Risk
S13308,12,89,2,1,0,1,0,21,3,1,0,86,87,1,2,0,87.30000000000001,Low Risk
S13309,10,70,2,1,1,1,0,26,1,13,0,54,73,1,0,1,66.4,Medium Risk
S13310,10,70,2,1,1,1,0,28,0,9,0,97,64,1,1,2,75.7,Medium Risk
S13311,10,70,2,1,1,1,0,28,1,6,0,90,70,1,1,1,76.0,Medium Risk
S13312,10,70,2,1,1,1,0,19,0,8,1,95,58,1,1,2,72.7,Medium Risk
S13313,26,95,1,0,1,1,1,27,3,1,0,79,95,0,0,0,90.2,Low Risk
S13314,26,95,1,0,1,1,1,27,1,12,0,87,94,1,1,0,92.2,Low Risk
S13315,26,95,1,0,1,1,1,26,0,3,0,82,80,1,2,1,85.1,Low Risk
S13316,26,65,1,1,0,1,1,27,0,8,0,83,62,0,2,2,69.2,Medium Risk
S13317,26,65,1,1,0,1,1,25,3,9,1,74,97,1,2,0,80.5,Medium Risk
S13318,26,65,1,1,0,1,1,22,0,15,1,66,65,0,0,2,65.3,Medium Risk
S13319,26,65,1,1,0,1,1,18,2,20,0,93,52,1,2,3,68.2,Medium Risk
S13320,26,65,1,1,1,1,1,27,0,8,0,83,62,0,2,2,69.2,Medium Risk
S13321,26,65,1,1,1,1,1,25,3,9,1,74,97,1,2,0,80.5,Medium Risk
S13322,26,65,1,1,1,1,1,22,0,15,1,66,65,0,0,2,65.3,Medium Risk
S13323,26,65,1,1,1,1,1,18,2,20,0,93,52,1,2,3,68.2,Medium Risk
S13324,8,83,0,1,0,1,0,24,1,10,0,54,56,0,2,2,63.5,Low Risk
S13325,26,69,2,1,1,1,0,24,0,4,0,91,64,1,2,2,73.60000000000001,Medium Risk
S13326,26,69,2,1,1,1,0,28,2,4,1,84,69,1,2,2,73.5,Medium Risk
S13327,26,69,2,1,1,1,0,21,2,20,1,77,74,1,1,1,73.4,Medium Risk
S13328,26,69,2,0,0,0,0,24,0,4,0,91,64,1,2,2,73.60000000000001,Medium Risk
S13329,26,69,2,0,0,0,0,28,2,4,1,84,69,1,2,2,73.5,Medium Risk
S13330,26,69,2,0,0,0,0,21,2,20,1,77,74,1,1,1,73.4,Medium Risk
S13331,26,69,1,1,1,1,0,24,0,4,0,91,64,1,2,2,73.60000000000001,Medium Risk
S13332,26,69,1,1,1,1,0,28,2,4,1,84,69,1,2,2,73.5,Medium Risk
S13333,26,69,1,1,1,1,0,21,2,20,1,77,74,1,1,1,73.4,Medium Risk
S13334,26,69,1,0,1,1,0,24,0,4,0,91,64,1,2,2,73.60000000000001,Medium Risk
S13335,26,69,1,0,1,1,0,28,2,4,1,84,69,1,2,2,73.5,Medium Risk
S13336,26,69,1,0,1,1,0,21,2,20,1,77,74,1,1,1,73.4,Medium Risk
S13337,32,85,0,1,0,0,1,26,2,5,1,100,55,1,2,2,77.5,Low Risk
S13338,32,85,0,1,0,0,1,24,0,0,0,76,72,1,1,1,77.1,Low Risk
S13339,11,84,1,1,2,1,1,24,0,19,1,73,52,1,2,3,67.9,Low Risk
S13340,11,84,1,1,2,1,1,19,1,15,1,81,59,0,1,2,73.10000000000001,Low Risk
S13341,11,84,1,1,2,1,1,18,1,9,1,80,88,1,2,0,84.4,Low Risk
S13342,8,87,2,0,0,1,1,29,2,15,0,64,76,1,2,1,75.7,Low Risk
S13343,8,87,2,0,0,1,1,18,1,18,1,82,74,1,2,1,80.3,Low Risk
S13344,8,87,2,0,0,1,1,21,3,12,0,60,94,1,2,0,81.7,Low Risk
S13345,8,87,2,0,0,1,1,28,0,19,0,99,57,1,2,2,78.6,Low Risk
S13346,21,73,2,0,1,1,0,26,0,9,1,58,76,1,2,1,69.69999999999999,Medium Risk
S13347,21,73,2,0,1,1,0,20,1,6,0,63,88,0,2,0,76.0,Medium Risk
S13348,21,73,2,0,1,1,0,24,1,3,1,90,57,1,2,2,71.69999999999999,Medium Risk
S13349,21,73,2,0,1,1,0,26,0,4,1,53,99,1,2,0,77.4,Medium Risk
S13350,21,73,2,0,1,1,0,25,1,4,1,95,85,1,1,0,84.4,Medium Risk
S13351,21,73,2,0,1,1,0,24,2,19,0,86,76,1,1,1,78.1,Medium Risk
S13352,10,66,2,0,1,1,1,24,0,15,0,73,49,1,2,3,61.3,Medium Risk
S13353,10,66,2,0,1,1,1,28,3,17,0,60,54,1,0,3,59.400000000000006,Medium Risk
S13354,10,66,2,0,1,1,1,24,2,10,0,96,66,0,2,2,75.0,Medium Risk
S13355,10,66,2,0,1,1,1,25,0,0,1,56,85,1,2,0,70.6,Medium Risk
S13356,10,66,1,0,0,1,1,24,0,15,0,73,49,1,2,3,61.3,Medium Risk
S13357,10,66,1,0,0,1,1,28,3,17,0,60,54,1,0,3,59.400000000000006,Medium Risk
S13358,10,66,1,0,0,1,1,24,2,10,0,96,66,0,2,2,75.0,Medium Risk
S13359,10,66,1,0,0,1,1,25,0,0,1,56,85,1,2,0,70.6,Medium Risk
S13360,6,85,1,1,2,1,0,24,0,8,0,61,63,1,2,2,69.0,Low Risk
S13361,6,85,1,1,2,1,0,23,2,2,1,86,93,1,1,0,88.5,Low Risk
S13362,6,85,1,1,2,1,0,20,2,12,0,59,90,1,1,0,79.2,Low Risk
S13363,6,85,1,1,2,1,0,25,3,20,1,74,61,1,2,2,72.1,Low Risk
S13364,17,70,1,0,0,1,0,26,3,5,0,60,84,1,2,1,72.6,Medium Risk
S13365,17,70,1,0,0,1,0,24,3,2,1,78,73,1,2,1,73.6,Medium Risk
S13366,17,70,1,0,0,1,0,23,1,12,1,70,89,1,2,0,77.6,Medium Risk
S13367,17,70,1,1,0,1,0,26,3,5,0,60,84,1,2,1,72.6,Medium Risk
S13368,17,70,1,1,0,1,0,24,3,2,1,78,73,1,2,1,73.6,Medium Risk
S13369,17,70,1,1,0,1,0,23,1,12,1,70,89,1,2,0,77.6,Medium Risk
S13370,14,99,1,1,2,1,0,18,3,6,0,65,95,1,1,0,87.2,Low Risk
S13371,14,99,1,1,2,1,0,23,0,16,1,50,99,1,2,0,84.3,Low Risk
S13372,14,99,1,1,2,1,0,20,1,2,0,73,41,1,0,3,68.0,Medium Risk
S13373,14,99,1,1,2,1,0,25,3,20,0,88,60,0,2,2,80.1,Low Risk
S13374,14,99,1,0,2,0,0,18,3,6,0,65,95,1,1,0,87.2,Low Risk
S13375,14,99,1,0,2,0,0,23,0,16,1,50,99,1,2,0,84.3,Low Risk
S13376,14,99,1,0,2,0,0,20,1,2,0,73,41,1,0,3,68.0,Medium Risk
S13377,14,99,1,0,2,0,0,25,3,20,0,88,60,0,2,2,80.1,Low Risk
S13378,15,92,1,0,1,1,1,27,2,16,1,86,88,0,1,0,88.6,Low Risk
S13379,15,92,1,0,1,1,1,28,1,9,1,68,44,1,0,3,65.6,Medium Risk
S13380,15,92,0,1,0,1,1,27,2,16,1,86,88,0,1,0,88.6,Low Risk
S13381,15,92,0,1,0,1,1,28,1,9,1,68,44,1,0,3,65.6,Medium Risk
S13382,5,62,2,0,0,1,1,20,2,3,1,53,43,1,2,3,51.69999999999999,Medium Risk
S13383,9,66,1,0,0,1,1,27,0,15,1,94,62,0,0,2,72.8,Medium Risk
S13384,8,72,2,1,2,1,1,26,1,17,0,63,43,1,2,3,57.69999999999999,Medium Risk
S13385,8,72,2,1,2,1,1,29,2,15,0,78,67,0,0,2,71.8,Medium Risk
S13386,13,68,2,0,1,1,0,29,3,0,0,67,73,1,2,1,69.69999999999999,Medium Risk
S13387,13,68,2,0,1,1,0,29,2,7,1,92,48,0,2,3,67.19999999999999,Medium Risk
S13388,13,68,2,0,1,1,0,29,3,2,1,86,47,1,2,3,65.0,Medium Risk
S13389,13,68,2,0,1,1,0,29,1,17,1,91,84,1,0,1,81.30000000000001,Medium Risk
S13390,13,68,2,0,1,1,0,25,2,10,1,98,43,0,1,3,67.0,Medium Risk
S13391,13,68,2,0,1,1,0,25,0,7,1,55,40,0,0,3,52.9,Medium Risk
S13392,13,68,2,0,1,1,0,25,3,5,0,66,92,1,2,0,77.0,Medium Risk
S13393,13,68,2,0,1,1,0,23,3,8,0,87,82,0,1,1,79.30000000000001,Medium Risk
S13394,25,81,2,1,0,1,0,18,2,15,0,72,40,0,2,3,61.89999999999999,Medium Risk
S13395,25,81,2,1,0,1,0,26,2,1,0,60,66,1,2,2,68.7,Low Risk
S13396,25,81,1,0,0,1,0,18,2,15,0,72,40,0,2,3,61.89999999999999,Medium Risk
S13397,25,81,1,0,0,1,0,26,2,1,0,60,66,1,2,2,68.7,Low Risk
S13398,25,81,1,1,2,1,0,18,2,15,0,72,40,0,2,3,61.89999999999999,Medium Risk
S13399,25,81,1,1,2,1,0,26,2,1,0,60,66,1,2,2,68.7,Low Risk
S13400,25,81,1,0,0,1,0,18,2,15,0,72,40,0,2,3,61.89999999999999,Medium Risk
S13401,25,81,1,0,0,1,0,26,2,1,0,60,66,1,2,2,68.7,Low Risk
S13402,12,83,1,1,1,1,1,25,2,14,0,72,73,1,2,1,75.69999999999999,Low Risk
S13403,12,83,1,1,1,1,1,25,3,20,0,57,49,1,2,3,61.6,Medium Risk
S13404,12,83,2,0,1,1,1,25,2,14,0,72,73,1,2,1,75.69999999999999,Low Risk
S13405,12,83,2,0,1,1,1,25,3,20,0,57,49,1,2,3,61.6,Medium Risk
S13406,13,89,2,0,0,1,1,24,1,0,1,75,68,1,0,2,76.4,Low Risk
S13407,13,89,2,0,0,1,1,27,3,9,0,97,88,1,2,0,91.0,Low Risk
S13408,13,89,2,1,1,1,1,24,1,0,1,75,68,1,0,2,76.4,Low Risk
S13409,13,89,2,1,1,1,1,27,3,9,0,97,88,1,2,0,91.0,Low Risk
S13410,7,98,0,1,1,1,1,19,3,7,0,58,41,1,1,3,63.199999999999996,Medium Risk
S13411,7,98,0,1,1,1,1,22,2,13,0,80,92,1,2,0,90.2,Low Risk
S13412,7,98,0,1,1,1,1,18,3,5,1,63,97,1,1,0,87.1,Low Risk
S13413,10,67,1,1,1,1,0,18,1,20,0,95,78,1,0,1,79.8,Medium Risk
S13414,10,67,1,1,1,1,0,25,1,3,1,73,54,0,0,3,63.599999999999994,Medium Risk
S13415,10,67,1,1,1,1,0,18,1,16,0,61,62,1,2,2,63.2,Medium Risk
S13416,10,67,1,1,1,1,0,26,1,19,0,67,60,1,1,2,64.19999999999999,Medium Risk
S13417,10,67,1,1,1,1,0,28,3,12,1,99,68,1,1,2,77.0,Medium Risk
S13418,10,67,2,0,1,1,0,18,1,20,0,95,78,1,0,1,79.8,Medium Risk
S13419,10,67,2,0,1,1,0,25,1,3,1,73,54,0,0,3,63.599999999999994,Medium Risk
S13420,10,67,2,0,1,1,0,18,1,16,0,61,62,1,2,2,63.2,Medium Risk
S13421,10,67,2,0,1,1,0,26,1,19,0,67,60,1,1,2,64.19999999999999,Medium Risk
S13422,10,67,2,0,1,1,0,28,3,12,1,99,68,1,1,2,77.0,Medium Risk
S13423,28,71,2,0,1,1,1,18,2,15,1,88,92,1,2,0,84.5,Medium Risk
S13424,28,71,2,0,1,1,1,24,2,6,0,89,95,1,2,0,86.0,Medium Risk
S13425,28,71,2,0,1,1,1,28,0,2,1,79,93,0,2,0,82.2,Medium Risk
S13426,17,95,1,0,2,1,1,28,2,9,1,67,79,1,1,1,80.2,Low Risk
S13427,17,95,1,0,2,1,1,26,3,2,0,88,87,0,1,0,89.7,Low Risk
S13428,17,95,1,0,2,1,1,27,0,18,1,99,83,1,1,1,91.4,Low Risk
S13429,17,95,1,0,2,1,1,19,3,10,1,96,99,1,2,0,96.9,Low Risk
S13430,17,95,1,0,2,1,1,28,2,9,1,67,79,1,1,1,80.2,Low Risk
S13431,17,95,1,0,2,1,1,26,3,2,0,88,87,0,1,0,89.7,Low Risk
S13432,17,95,1,0,2,1,1,27,0,18,1,99,83,1,1,1,91.4,Low Risk
S13433,17,95,1,0,2,1,1,19,3,10,1,96,99,1,2,0,96.9,Low Risk
S13434,14,97,1,1,1,1,1,26,3,18,0,97,79,0,2,1,89.8,Low Risk
S13435,14,97,1,1,1,1,1,26,3,18,0,97,79,0,2,1,89.8,Low Risk
S13436,7,97,2,0,1,1,0,20,0,5,1,79,87,1,0,0,87.6,Low Risk
S13437,7,97,2,0,1,1,0,25,2,10,1,100,41,1,1,3,75.5,Medium Risk
S13438,28,60,1,1,0,1,1,27,2,12,1,74,79,1,0,1,71.8,Medium Risk
S13439,28,60,1,1,0,1,1,29,1,5,0,57,73,1,1,1,64.3,Medium Risk
S13440,28,60,1,1,0,1,1,29,1,11,0,92,98,0,1,0,84.8,Medium Risk
S13441,28,61,0,1,0,1,0,25,1,0,1,63,56,1,2,2,59.599999999999994,Medium Risk
S13442,28,61,1,1,0,1,0,25,1,0,1,63,56,1,2,2,59.599999999999994,Medium Risk
S13443,28,61,1,1,0,1,0,25,1,0,1,63,56,1,2,2,59.599999999999994,Medium Risk
S13444,15,62,2,0,2,1,0,29,0,9,1,88,50,0,1,3,65.0,Medium Risk
S13445,15,62,2,0,2,1,0,29,0,10,0,79,57,1,0,2,65.1,Medium Risk
S13446,15,62,1,0,2,1,0,29,0,9,1,88,50,0,1,3,65.0,Medium Risk
S13447,15,62,1,0,2,1,0,29,0,10,0,79,57,1,0,2,65.1,Medium Risk
S13448,8,61,0,1,1,1,0,26,0,16,0,67,47,1,2,3,57.2,Medium Risk
S13449,29,98,1,1,0,1,0,26,0,12,0,68,74,1,2,1,79.4,Low Risk
S13450,18,88,1,0,0,1,1,24,0,5,0,78,56,0,1,2,72.19999999999999,Low Risk
S13451,18,88,1,0,0,1,1,21,2,5,1,68,56,1,2,2,69.19999999999999,Low Risk
S13452,18,88,1,0,0,1,1,23,3,2,0,50,93,1,2,0,78.6,Low Risk
S13453,18,88,1,0,0,1,1,23,2,17,1,70,70,1,2,1,75.4,Low Risk
S13454,18,88,1,0,2,1,1,24,0,5,0,78,56,0,1,2,72.19999999999999,Low Risk
S13455,18,88,1,0,2,1,1,21,2,5,1,68,56,1,2,2,69.19999999999999,Low Risk
S13456,18,88,1,0,2,1,1,23,3,2,0,50,93,1,2,0,78.6,Low Risk
S13457,18,88,1,0,2,1,1,23,2,17,1,70,70,1,2,1,75.4,Low Risk
S13458,18,88,2,0,1,1,1,24,0,5,0,78,56,0,1,2,72.19999999999999,Low Risk
S13459,18,88,2,0,1,1,1,21,2,5,1,68,56,1,2,2,69.19999999999999,Low Risk
S13460,18,88,2,0,1,1,1,23,3,2,0,50,93,1,2,0,78.6,Low Risk
S13461,18,88,2,0,1,1,1,23,2,17,1,70,70,1,2,1,75.4,Low Risk
S13462,11,83,1,0,2,1,0,25,2,2,1,66,90,1,2,0,80.69999999999999,Low Risk
S13463,11,83,0,1,0,1,0,25,2,2,1,66,90,1,2,0,80.69999999999999,Low Risk
S13464,8,67,0,0,0,1,1,18,1,4,0,68,48,1,0,3,59.7,Medium Risk
S13465,8,67,0,0,0,1,1,21,2,8,0,76,60,1,2,2,66.89999999999999,Medium Risk
S13466,8,67,1,1,1,1,1,18,1,4,0,68,48,1,0,3,59.7,Medium Risk
S13467,8,67,1,1,1,1,1,21,2,8,0,76,60,1,2,2,66.89999999999999,Medium Risk
S13468,24,86,2,1,2,1,1,23,1,0,1,63,99,1,1,0,84.3,Low Risk
S13469,24,86,2,1,2,1,1,18,1,1,0,57,42,0,2,3,59.7,Medium Risk
S13470,24,86,2,1,2,1,1,22,1,11,1,76,82,1,2,1,81.4,Low Risk
S13471,24,86,2,1,2,1,1,22,1,17,1,62,100,1,0,0,84.39999999999999,Low Risk
S13472,24,86,2,0,1,1,1,23,1,0,1,63,99,1,1,0,84.3,Low Risk
S13473,24,86,2,0,1,1,1,18,1,1,0,57,42,0,2,3,59.7,Medium Risk
S13474,24,86,2,0,1,1,1,22,1,11,1,76,82,1,2,1,81.4,Low Risk
S13475,24,86,2,0,1,1,1,22,1,17,1,62,100,1,0,0,84.39999999999999,Low Risk
S13476,24,86,0,1,1,1,1,23,1,0,1,63,99,1,1,0,84.3,Low Risk
S13477,24,86,0,1,1,1,1,18,1,1,0,57,42,0,2,3,59.7,Medium Risk
S13478,24,86,0,1,1,1,1,22,1,11,1,76,82,1,2,1,81.4,Low Risk
S13479,24,86,0,1,1,1,1,22,1,17,1,62,100,1,0,0,84.39999999999999,Low Risk
S13480,24,86,0,1,1,1,1,23,1,0,1,63,99,1,1,0,84.3,Low Risk
S13481,24,86,0,1,1,1,1,18,1,1,0,57,42,0,2,3,59.7,Medium Risk
S13482,24,86,0,1,1,1,1,22,1,11,1,76,82,1,2,1,81.4,Low Risk
S13483,24,86,0,1,1,1,1,22,1,17,1,62,100,1,0,0,84.39999999999999,Low Risk
S13484,24,86,1,1,1,1,1,23,1,0,1,63,99,1,1,0,84.3,Low Risk
S13485,24,86,1,1,1,1,1,18,1,1,0,57,42,0,2,3,59.7,Medium Risk
S13486,24,86,1,1,1,1,1,22,1,11,1,76,82,1,2,1,81.4,Low Risk
S13487,24,86,1,1,1,1,1,22,1,17,1,62,100,1,0,0,84.39999999999999,Low Risk
S13488,10,72,1,1,1,1,1,22,0,10,0,83,55,0,1,2,68.5,Medium Risk
S13489,28,99,0,0,1,1,0,28,2,0,1,98,99,1,2,0,98.7,Low Risk
S13490,28,99,0,0,1,1,0,25,0,17,1,89,54,1,1,3,78.0,Low Risk
S13491,28,99,0,0,1,1,0,20,3,7,1,57,42,0,2,3,63.599999999999994,Medium Risk
S13492,28,99,1,1,1,1,0,28,2,0,1,98,99,1,2,0,98.7,Low Risk
S13493,28,99,1,1,1,1,0,25,0,17,1,89,54,1,1,3,78.0,Low Risk
S13494,28,99,1,1,1,1,0,20,3,7,1,57,42,0,2,3,63.599999999999994,Medium Risk
S13495,11,74,2,1,0,1,1,22,2,15,0,73,67,1,1,2,70.9,Medium Risk
S13496,11,74,2,1,0,1,1,19,2,13,0,57,48,0,2,3,58.5,Medium Risk
S13497,11,74,2,1,0,1,1,25,2,9,0,67,76,1,2,1,72.7,Medium Risk
S13498,11,74,1,0,0,1,1,22,2,15,0,73,67,1,1,2,70.9,Medium Risk
S13499,11,74,1,0,0,1,1,19,2,13,0,57,48,0,2,3,58.5,Medium Risk
S13500,11,74,1,0,0,1,1,25,2,9,0,67,76,1,2,1,72.7,Medium Risk
S13501,28,67,2,0,0,1,0,18,3,16,1,85,85,1,2,0,79.6,Medium Risk
S13502,28,67,2,0,0,1,0,27,1,16,1,62,56,1,2,2,61.099999999999994,Medium Risk
S13503,28,67,2,0,0,1,0,28,2,17,1,53,82,1,2,1,68.8,Medium Risk
S13504,28,67,1,0,2,1,0,18,3,16,1,85,85,1,2,0,79.6,Medium Risk
S13505,28,67,1,0,2,1,0,27,1,16,1,62,56,1,2,2,61.099999999999994,Medium Risk
S13506,28,67,1,0,2,1,0,28,2,17,1,53,82,1,2,1,68.8,Medium Risk
S13507,28,67,1,1,1,1,0,18,3,16,1,85,85,1,2,0,79.6,Medium Risk
S13508,28,67,1,1,1,1,0,27,1,16,1,62,56,1,2,2,61.099999999999994,Medium Risk
S13509,28,67,1,1,1,1,0,28,2,17,1,53,82,1,2,1,68.8,Medium Risk
S13510,34,75,1,1,1,1,1,23,0,15,1,58,52,1,2,3,60.7,Low Risk
S13511,13,60,2,1,1,1,0,23,0,0,1,63,70,1,1,1,64.9,Medium Risk
S13512,13,60,2,1,1,1,0,28,1,5,1,87,57,1,2,2,66.9,Medium Risk
S13513,13,60,2,1,1,1,0,23,2,7,1,97,90,1,0,0,83.1,Medium Risk
S13514,13,60,2,0,1,1,0,23,0,0,1,63,70,1,1,1,64.9,Medium Risk
S13515,13,60,2,0,1,1,0,28,1,5,1,87,57,1,2,2,66.9,Medium Risk
S13516,13,60,2,0,1,1,0,23,2,7,1,97,90,1,0,0,83.1,Medium Risk
S13517,25,66,2,1,0,1,1,19,0,18,1,62,72,1,2,1,67.2,Medium Risk
S13518,25,66,2,1,0,1,1,20,1,19,1,78,54,0,2,3,64.8,Medium Risk
S13519,25,66,2,1,0,1,1,25,0,16,0,61,83,1,2,1,71.3,Medium Risk
S13520,25,66,1,1,1,0,1,19,0,18,1,62,72,1,2,1,67.2,Medium Risk
S13521,25,66,1,1,1,0,1,20,1,19,1,78,54,0,2,3,64.8,Medium Risk
S13522,25,66,1,1,1,0,1,25,0,16,0,61,83,1,2,1,71.3,Medium Risk
S13523,25,66,2,1,1,1,1,19,0,18,1,62,72,1,2,1,67.2,Medium Risk
S13524,25,66,2,1,1,1,1,20,1,19,1,78,54,0,2,3,64.8,Medium Risk
S13525,25,66,2,1,1,1,1,25,0,16,0,61,83,1,2,1,71.3,Medium Risk
S13526,25,66,1,1,1,1,1,19,0,18,1,62,72,1,2,1,67.2,Medium Risk
S13527,25,66,1,1,1,1,1,20,1,19,1,78,54,0,2,3,64.8,Medium Risk
S13528,25,66,1,1,1,1,1,25,0,16,0,61,83,1,2,1,71.3,Medium Risk
S13529,6,73,1,0,0,1,0,19,0,9,1,91,55,1,1,2,71.19999999999999,Medium Risk
S13530,6,73,1,0,0,1,0,18,1,9,1,55,87,0,2,0,73.2,Medium Risk
S13531,37,69,2,1,1,0,0,21,1,14,1,82,95,0,1,0,83.3,Medium Risk
S13532,7,72,1,1,1,1,1,19,0,12,0,79,76,1,2,1,75.7,Medium Risk
S13533,7,72,1,1,1,1,1,20,0,3,1,76,82,0,1,1,77.2,Medium Risk
S13534,8,97,2,1,2,1,0,23,3,14,1,75,47,1,0,3,70.39999999999999,Medium Risk
S13535,8,97,2,1,2,1,0,28,2,6,0,62,66,0,1,2,74.1,Low Risk
S13536,8,97,2,1,2,1,0,27,1,8,0,56,48,1,1,3,65.1,Medium Risk
S13537,8,98,1,1,1,1,0,25,0,19,1,86,74,1,1,1,84.80000000000001,Low Risk
S13538,8,98,1,1,1,1,0,29,2,6,0,74,97,1,2,0,90.4,Low Risk
S13539,34,87,0,0,2,1,1,18,2,0,0,78,95,1,2,0,87.5,Low Risk
S13540,34,87,0,0,2,1,1,27,2,19,1,92,66,1,1,2,80.1,Low Risk
S13541,10,71,2,1,1,1,1,22,3,10,1,52,78,1,2,1,68.10000000000001,Medium Risk
S13542,38,90,1,1,0,1,1,22,2,13,1,68,70,1,0,1,75.4,Low Risk
S13543,13,76,1,1,2,1,1,19,1,18,0,97,70,1,2,1,79.89999999999999,Low Risk
S13544,13,76,1,1,2,1,1,23,3,19,1,75,73,1,2,1,74.5,Low Risk
S13545,13,76,1,1,2,1,1,24,3,14,0,82,63,1,2,2,72.6,Low Risk
S13546,18,60,2,0,0,1,1,29,1,16,1,56,76,0,2,1,65.2,Medium Risk
S13547,18,60,2,0,0,1,1,25,1,16,0,86,83,1,2,1,77.0,Medium Risk
S13548,18,60,2,0,0,1,1,22,1,2,1,86,90,1,2,0,79.8,Medium Risk
S13549,12,85,2,1,1,1,1,28,2,12,0,67,58,1,2,2,68.8,Low Risk
S13550,12,85,2,1,1,1,1,26,2,1,1,80,99,1,2,0,89.1,Low Risk
S13551,12,85,2,1,1,1,1,25,2,10,1,74,40,1,1,3,63.7,Medium Risk
S13552,12,85,1,1,2,1,1,28,2,12,0,67,58,1,2,2,68.8,Low Risk
S13553,12,85,1,1,2,1,1,26,2,1,1,80,99,1,2,0,89.1,Low Risk
S13554,12,85,1,1,2,1,1,25,2,10,1,74,40,1,1,3,63.7,Medium Risk
S13555,12,85,2,0,0,1,1,28,2,12,0,67,58,1,2,2,68.8,Low Risk
S13556,12,85,2,0,0,1,1,26,2,1,1,80,99,1,2,0,89.1,Low Risk
S13557,12,85,2,0,0,1,1,25,2,10,1,74,40,1,1,3,63.7,Medium Risk
S13558,12,85,1,1,1,1,1,28,2,12,0,67,58,1,2,2,68.8,Low Risk
S13559,12,85,1,1,1,1,1,26,2,1,1,80,99,1,2,0,89.1,Low Risk
S13560,12,85,1,1,1,1,1,25,2,10,1,74,40,1,1,3,63.7,Medium Risk
S13561,26,82,1,1,1,1,1,24,0,15,1,53,56,1,1,2,62.89999999999999,Low Risk
S13562,26,82,1,1,1,1,1,19,2,0,1,86,52,1,1,3,71.2,Low Risk
S13563,26,82,1,0,0,1,1,24,0,15,1,53,56,1,1,2,62.89999999999999,Low Risk
S13564,26,82,1,0,0,1,1,19,2,0,1,86,52,1,1,3,71.2,Low Risk
S13565,22,78,2,1,2,1,0,21,0,16,1,80,83,1,1,1,80.6,Low Risk
S13566,22,78,2,1,2,1,0,24,1,2,1,100,51,1,1,3,73.80000000000001,Low Risk
S13567,7,74,1,1,0,1,0,21,3,19,1,51,93,1,2,0,74.7,Medium Risk
S13568,7,74,1,1,0,1,0,28,3,11,1,89,68,0,2,2,76.10000000000001,Medium Risk
S13569,29,72,1,0,0,1,0,18,1,14,1,66,55,1,2,2,63.39999999999999,Medium Risk
S13570,29,72,1,0,0,1,0,18,1,14,1,66,55,1,2,2,63.39999999999999,Medium Risk
S13571,11,73,0,1,2,1,0,23,2,9,1,77,59,1,1,2,68.6,Medium Risk
S13572,11,73,0,1,2,1,0,27,1,2,0,85,95,1,0,0,85.4,Medium Risk
S13573,7,79,2,1,1,1,1,23,0,14,1,55,68,1,2,2,67.4,Low Risk
S13574,7,79,2,1,1,1,1,28,3,12,0,64,87,1,2,0,77.7,Low Risk
S13575,30,83,1,1,1,1,0,22,3,2,0,90,71,1,2,1,80.30000000000001,Low Risk
S13576,30,83,1,1,1,1,0,23,0,13,0,85,77,1,2,1,81.19999999999999,Low Risk
S13577,30,83,1,1,1,1,0,25,2,16,1,56,91,1,1,0,78.1,Low Risk
S13578,30,83,1,1,1,1,0,28,1,13,1,54,88,0,1,0,76.30000000000001,Low Risk
S13579,34,91,0,0,1,1,1,21,0,17,0,90,45,1,1,3,72.3,Medium Risk
S13580,34,91,0,0,1,1,1,26,3,10,1,67,85,0,2,0,81.39999999999999,Low Risk
S13581,34,91,1,0,1,0,1,21,0,17,0,90,45,1,1,3,72.3,Medium Risk
S13582,34,91,1,0,1,0,1,26,3,10,1,67,85,0,2,0,81.39999999999999,Low Risk
S13583,7,63,1,0,1,1,0,27,0,16,1,58,80,0,2,1,68.3,Medium Risk
S13584,7,63,1,0,1,1,0,29,1,0,1,59,47,0,1,3,55.4,Medium Risk
S13585,7,63,1,0,1,1,0,21,0,9,1,74,71,1,0,1,69.5,Medium Risk
S13586,7,63,1,0,1,1,0,23,3,6,1,78,51,1,2,3,62.699999999999996,Medium Risk
S13587,7,86,1,0,1,1,1,26,3,9,1,60,45,1,0,3,61.8,Medium Risk
S13588,7,86,1,0,1,1,1,21,0,15,0,62,92,1,2,0,81.2,Low Risk
S13589,34,97,1,0,1,1,1,19,2,14,1,60,83,1,2,1,80.3,Low Risk
S13590,34,97,1,0,1,1,1,24,0,14,1,63,72,1,1,1,76.8,Low Risk
S13591,34,97,1,0,1,1,1,27,3,1,0,61,62,1,0,2,72.2,Low Risk
S13592,34,97,1,0,1,1,1,29,0,5,1,71,46,1,0,3,68.8,Medium Risk
S13593,13,97,1,1,1,1,1,19,0,0,1,98,85,1,1,0,92.5,Low Risk
S13594,13,97,1,1,1,1,1,23,2,20,0,60,78,1,0,1,78.3,Low Risk
S13595,34,92,1,0,0,1,0,27,1,0,1,81,80,1,1,1,83.89999999999999,Low Risk
S13596,34,92,1,0,0,1,0,21,0,9,1,92,68,0,1,2,82.39999999999999,Low Risk
S13597,18,90,0,0,2,1,1,22,0,13,1,93,100,1,2,0,94.9,Low Risk
S13598,18,90,0,0,2,1,1,29,1,18,0,54,90,1,2,0,79.2,Low Risk
S13599,18,90,0,0,2,1,1,26,3,5,0,76,76,1,2,1,80.2,Low Risk
S13600,18,90,2,0,2,1,1,22,0,13,1,93,100,1,2,0,94.9,Low Risk
S13601,18,90,2,0,2,1,1,29,1,18,0,54,90,1,2,0,79.2,Low Risk
S13602,18,90,2,0,2,1,1,26,3,5,0,76,76,1,2,1,80.2,Low Risk
S13603,18,90,1,0,1,1,1,22,0,13,1,93,100,1,2,0,94.9,Low Risk
S13604,18,90,1,0,1,1,1,29,1,18,0,54,90,1,2,0,79.2,Low Risk
S13605,18,90,1,0,1,1,1,26,3,5,0,76,76,1,2,1,80.2,Low Risk
S13606,18,90,1,1,0,1,1,22,0,13,1,93,100,1,2,0,94.9,Low Risk
S13607,18,90,1,1,0,1,1,29,1,18,0,54,90,1,2,0,79.2,Low Risk
S13608,18,90,1,1,0,1,1,26,3,5,0,76,76,1,2,1,80.2,Low Risk
S13609,11,90,0,1,0,1,1,20,2,2,1,63,49,1,2,3,65.5,Medium Risk
S13610,9,88,1,1,0,1,1,26,0,13,0,99,45,1,2,3,74.1,Medium Risk
S13611,18,100,0,0,0,1,0,23,0,7,1,62,65,1,1,2,74.6,Low Risk
S13612,18,100,0,0,0,1,0,25,3,19,1,66,94,1,2,0,87.4,Low Risk
S13613,35,86,1,0,1,1,0,23,2,12,0,100,89,0,0,0,91.39999999999999,Low Risk
S13614,34,79,0,1,0,1,1,27,3,4,1,52,55,1,1,2,61.3,Low Risk
S13615,34,79,0,1,0,1,1,22,2,4,1,96,94,1,2,0,90.10000000000001,Low Risk
S13616,34,79,0,1,0,1,1,25,2,10,0,57,86,0,2,0,75.2,Low Risk
S13617,34,79,0,1,0,1,1,22,3,8,1,76,67,0,0,2,73.3,Low Risk
S13618,8,82,0,0,1,1,1,22,3,14,1,72,41,1,2,3,62.599999999999994,Medium Risk
S13619,8,82,0,0,1,1,1,22,1,4,1,75,71,1,1,1,75.5,Low Risk
S13620,8,82,0,0,1,1,1,28,1,2,1,66,100,1,0,0,84.39999999999999,Low Risk
S13621,31,77,1,0,1,1,1,26,0,0,1,81,87,0,2,0,82.2,Low Risk
S13622,8,91,0,0,1,1,0,25,0,19,0,85,93,1,2,0,90.0,Low Risk
S13623,8,91,0,0,1,1,0,29,0,13,0,96,87,1,1,0,90.9,Low Risk
S13624,8,91,0,0,1,1,0,28,3,14,1,50,73,1,2,1,71.5,Low Risk
S13625,8,91,0,0,1,1,0,22,2,2,1,57,53,1,1,3,65.6,Low Risk
S13626,14,99,1,0,0,1,1,23,0,11,1,88,71,1,2,1,84.5,Low Risk
S13627,14,99,1,0,0,1,1,22,2,19,1,88,94,1,2,0,93.7,Low Risk
S13628,14,99,1,0,0,1,1,20,2,15,0,95,72,1,2,1,87.0,Low Risk
S13629,14,99,1,1,1,1,1,23,0,11,1,88,71,1,2,1,84.5,Low Risk
S13630,14,99,1,1,1,1,1,22,2,19,1,88,94,1,2,0,93.7,Low Risk
S13631,14,99,1,1,1,1,1,20,2,15,0,95,72,1,2,1,87.0,Low Risk
S13632,9,72,2,1,1,0,0,22,0,2,1,86,100,0,2,0,87.39999999999999,Medium Risk
S13633,15,60,1,0,0,1,0,28,3,14,1,86,54,1,2,3,65.4,Medium Risk
S13634,15,60,1,0,0,1,0,26,2,16,0,81,82,1,1,1,75.10000000000001,Medium Risk
S13635,15,60,1,0,0,1,0,28,3,0,0,84,99,0,0,0,82.8,Medium Risk
S13636,15,60,1,0,0,1,0,19,0,5,1,66,88,1,1,0,73.0,Medium Risk
S13637,34,78,2,1,1,1,1,18,0,0,1,60,89,1,0,0,77.0,Low Risk
S13638,34,78,2,1,1,1,1,20,2,12,1,63,73,1,1,1,71.5,Low Risk
S13639,31,82,1,1,1,0,1,23,0,15,0,60,70,1,1,1,70.6,Low Risk
S13640,31,82,1,1,1,0,1,22,2,18,0,54,66,1,1,2,67.2,Low Risk
S13641,31,82,2,1,1,1,1,23,0,15,0,60,70,1,1,1,70.6,Low Risk
S13642,31,82,2,1,1,1,1,22,2,18,0,54,66,1,1,2,67.2,Low Risk
S13643,38,80,1,0,1,1,0,19,3,18,1,51,93,0,1,0,76.5,Low Risk
S13644,38,80,1,0,1,1,0,18,2,18,1,93,83,1,1,1,85.1,Low Risk
S13645,38,80,1,0,1,1,0,21,0,15,1,85,94,1,0,0,87.1,Low Risk
S13646,38,80,1,0,1,1,0,18,3,17,1,68,93,0,2,0,81.6,Low Risk
S13647,31,79,2,0,1,1,1,23,1,20,1,59,75,1,2,1,71.4,Low Risk
S13648,31,79,2,0,1,1,1,22,3,4,0,51,45,1,0,3,57.0,Medium Risk
S13649,25,100,0,0,0,1,1,25,1,10,1,81,91,1,2,0,90.7,Low Risk
S13650,25,100,0,0,0,1,1,23,0,10,0,72,45,0,2,3,69.6,Medium Risk
S13651,11,78,2,1,1,1,0,19,0,9,0,56,91,1,1,0,76.6,Low Risk
S13652,11,78,2,1,1,1,0,21,2,6,1,80,92,1,2,0,84.2,Low Risk
S13653,11,78,2,1,1,1,0,25,2,18,0,100,87,1,2,0,88.20000000000002,Low Risk
S13654,11,78,2,1,1,1,0,27,2,14,1,65,40,1,1,3,58.9,Medium Risk
S13655,11,78,2,1,1,1,0,28,0,15,1,59,82,1,1,1,73.9,Low Risk
S13656,11,78,2,1,1,1,0,18,1,19,1,71,49,1,2,3,64.30000000000001,Medium Risk
S13657,11,78,2,1,1,1,0,27,2,8,0,66,75,1,2,1,73.19999999999999,Low Risk
S13658,11,78,0,1,0,1,0,19,0,9,0,56,91,1,1,0,76.6,Low Risk
S13659,11,78,0,1,0,1,0,21,2,6,1,80,92,1,2,0,84.2,Low Risk
S13660,11,78,0,1,0,1,0,25,2,18,0,100,87,1,2,0,88.20000000000002,Low Risk
S13661,11,78,0,1,0,1,0,27,2,14,1,65,40,1,1,3,58.9,Medium Risk
S13662,11,78,0,1,0,1,0,28,0,15,1,59,82,1,1,1,73.9,Low Risk
S13663,11,78,0,1,0,1,0,18,1,19,1,71,49,1,2,3,64.30000000000001,Medium Risk
S13664,11,78,0,1,0,1,0,27,2,8,0,66,75,1,2,1,73.19999999999999,Low Risk
S13665,11,78,2,0,0,1,0,19,0,9,0,56,91,1,1,0,76.6,Low Risk
S13666,11,78,2,0,0,1,0,21,2,6,1,80,92,1,2,0,84.2,Low Risk
S13667,11,78,2,0,0,1,0,25,2,18,0,100,87,1,2,0,88.20000000000002,Low Risk
S13668,11,78,2,0,0,1,0,27,2,14,1,65,40,1,1,3,58.9,Medium Risk
S13669,11,78,2,0,0,1,0,28,0,15,1,59,82,1,1,1,73.9,Low Risk
S13670,11,78,2,0,0,1,0,18,1,19,1,71,49,1,2,3,64.30000000000001,Medium Risk
S13671,11,78,2,0,0,1,0,27,2,8,0,66,75,1,2,1,73.19999999999999,Low Risk
S13672,15,70,2,0,2,1,1,26,2,6,0,94,40,1,2,3,65.2,Medium Risk
S13673,15,70,2,0,2,1,1,24,2,19,0,70,68,0,0,2,69.2,Medium Risk
S13674,15,70,2,0,2,1,1,24,0,18,1,72,81,1,2,1,75.0,Medium Risk
S13675,15,70,2,0,2,1,1,25,1,4,1,75,57,1,2,2,66.3,Medium Risk
S13676,15,70,1,0,0,1,1,26,2,6,0,94,40,1,2,3,65.2,Medium Risk
S13677,15,70,1,0,0,1,1,24,2,19,0,70,68,0,0,2,69.2,Medium Risk
S13678,15,70,1,0,0,1,1,24,0,18,1,72,81,1,2,1,75.0,Medium Risk
S13679,15,70,1,0,0,1,1,25,1,4,1,75,57,1,2,2,66.3,Medium Risk
S13680,27,84,2,0,0,1,0,23,3,7,1,54,73,0,1,1,70.60000000000001,Low Risk
S13681,36,70,2,0,1,1,1,25,0,18,1,56,84,1,0,1,71.4,Medium Risk
S13682,12,71,2,1,0,1,0,25,1,2,0,90,98,1,1,0,87.5,Medium Risk
S13683,12,71,2,1,0,1,0,26,1,8,1,66,61,0,2,2,65.5,Medium Risk
S13684,12,71,2,1,2,1,0,25,1,2,0,90,98,1,1,0,87.5,Medium Risk
S13685,12,71,2,1,2,1,0,26,1,8,1,66,61,0,2,2,65.5,Medium Risk
S13686,28,96,1,0,2,1,1,21,2,5,1,69,68,1,2,2,76.7,Low Risk
S13687,28,96,1,0,2,1,1,20,1,9,1,72,40,1,2,3,66.39999999999999,Medium Risk
S13688,28,96,1,0,2,1,1,21,2,10,1,87,56,0,2,2,77.3,Low Risk
S13689,28,96,0,1,2,1,1,21,2,5,1,69,68,1,2,2,76.7,Low Risk
S13690,28,96,0,1,2,1,1,20,1,9,1,72,40,1,2,3,66.39999999999999,Medium Risk
S13691,28,96,0,1,2,1,1,21,2,10,1,87,56,0,2,2,77.3,Low Risk
S13692,25,68,1,1,0,1,0,22,1,2,1,98,47,1,0,3,68.6,Medium Risk
S13693,25,68,1,0,0,1,0,22,1,2,1,98,47,1,0,3,68.6,Medium Risk
S13694,10,98,1,0,0,0,0,21,1,15,1,90,52,1,2,3,77.19999999999999,Low Risk
S13695,10,98,1,0,0,0,0,22,1,12,1,91,46,1,2,3,75.1,Medium Risk
S13696,10,98,0,1,0,1,0,21,1,15,1,90,52,1,2,3,77.19999999999999,Low Risk
S13697,10,98,0,1,0,1,0,22,1,12,1,91,46,1,2,3,75.1,Medium Risk
S13698,7,93,2,1,2,1,0,21,1,9,0,98,57,1,1,2,80.1,Low Risk
S13699,7,93,2,1,2,1,0,21,2,18,0,94,73,0,0,1,85.30000000000001,Low Risk
S13700,10,100,1,0,0,1,0,25,1,16,1,98,85,1,2,0,93.4,Low Risk
S13701,9,89,0,0,2,1,0,21,0,6,1,84,87,1,0,0,86.7,Low Risk
S13702,9,89,0,0,2,1,0,22,1,1,1,72,48,1,1,3,67.5,Medium Risk
S13703,13,62,1,1,1,1,1,20,3,14,0,85,90,1,1,0,80.1,Medium Risk
S13704,13,62,1,1,1,1,1,28,0,5,0,54,75,0,0,1,64.8,Medium Risk
S13705,13,62,1,1,1,1,1,18,3,13,0,86,66,0,2,2,70.8,Medium Risk
S13706,13,62,1,1,1,1,1,18,2,0,0,55,77,1,2,1,65.89999999999999,Medium Risk
S13707,13,62,0,0,2,1,1,20,3,14,0,85,90,1,1,0,80.1,Medium Risk
S13708,13,62,0,0,2,1,1,28,0,5,0,54,75,0,0,1,64.8,Medium Risk
S13709,13,62,0,0,2,1,1,18,3,13,0,86,66,0,2,2,70.8,Medium Risk
S13710,13,62,0,0,2,1,1,18,2,0,0,55,77,1,2,1,65.89999999999999,Medium Risk
S13711,35,63,2,1,0,1,1,23,2,5,0,92,74,1,2,1,76.1,Medium Risk
S13712,35,63,2,1,0,1,1,19,1,12,0,68,55,1,0,2,61.3,Medium Risk
S13713,30,92,1,1,1,1,1,22,2,15,0,58,61,1,0,2,69.39999999999999,Low Risk
S13714,7,88,2,1,1,1,0,22,0,8,1,64,85,1,1,0,79.6,Low Risk
S13715,7,88,2,1,1,1,0,21,3,15,0,65,64,0,2,2,71.5,Low Risk
S13716,9,90,1,1,1,1,1,19,0,8,1,95,73,0,0,1,84.7,Low Risk
S13717,9,90,1,1,1,1,1,29,1,15,1,70,82,0,1,1,80.80000000000001,Low Risk
S13718,9,90,2,1,0,1,1,19,0,8,1,95,73,0,0,1,84.7,Low Risk
S13719,9,90,2,1,0,1,1,29,1,15,1,70,82,0,1,1,80.80000000000001,Low Risk
S13720,25,79,0,1,1,1,1,21,3,17,1,88,92,0,2,0,86.9,Low Risk
S13721,25,79,0,1,1,1,1,28,1,15,1,89,45,0,2,3,68.4,Medium Risk
S13722,25,79,1,0,0,0,1,21,3,17,1,88,92,0,2,0,86.9,Low Risk
S13723,25,79,1,0,0,0,1,28,1,15,1,89,45,0,2,3,68.4,Medium Risk
S13724,30,71,0,0,0,1,0,27,0,8,0,96,45,0,2,3,68.1,Medium Risk
S13725,30,71,2,0,0,1,0,27,0,8,0,96,45,0,2,3,68.1,Medium Risk
S13726,13,66,1,1,0,1,0,22,2,13,0,95,44,1,0,3,65.9,Medium Risk
S13727,13,66,1,1,0,1,0,25,3,14,1,93,57,1,2,2,70.5,Medium Risk
S13728,28,65,1,0,2,0,0,24,0,1,1,97,94,1,2,0,86.2,Medium Risk
S13729,24,83,0,0,1,1,1,20,0,13,1,76,73,1,1,1,76.9,Low Risk
S13730,24,83,0,0,1,1,1,29,3,10,1,51,100,0,1,0,80.19999999999999,Low Risk
S13731,24,83,1,0,2,1,1,20,0,13,1,76,73,1,1,1,76.9,Low Risk
S13732,24,83,1,0,2,1,1,29,3,10,1,51,100,0,1,0,80.19999999999999,Low Risk
S13733,32,91,1,1,1,1,0,19,0,9,0,81,45,1,1,3,69.6,Medium Risk
S13734,6,76,1,1,1,1,1,29,0,1,0,81,94,0,2,0,84.7,Low Risk
S13735,26,79,2,1,2,1,0,29,0,0,1,73,65,0,2,2,71.6,Low Risk
S13736,26,79,2,1,2,1,0,19,2,4,0,93,89,1,0,0,87.2,Low Risk
S13737,26,79,2,1,2,1,0,18,2,5,0,82,89,1,2,0,83.9,Low Risk
S13738,26,79,2,1,2,1,0,28,1,2,0,83,93,1,1,0,85.8,Low Risk
S13739,26,79,2,1,2,1,0,21,3,3,0,60,74,0,2,1,71.3,Low Risk
S13740,32,64,2,1,0,0,0,18,2,20,1,58,41,1,2,3,53.0,Medium Risk
S13741,32,64,2,1,0,0,0,19,3,0,1,95,41,0,2,3,64.10000000000001,Medium Risk
S13742,32,64,2,1,0,0,0,27,1,11,1,65,99,0,2,0,78.3,Medium Risk
S13743,32,64,2,1,0,0,0,19,3,0,0,50,54,1,2,3,55.8,Medium Risk
S13744,12,97,1,1,1,0,1,29,2,6,1,64,42,1,1,3,65.1,Medium Risk
S13745,12,97,0,1,1,1,1,29,2,6,1,64,42,1,1,3,65.1,Medium Risk
S13746,7,68,1,0,1,1,0,22,2,17,0,99,80,0,0,1,82.1,Medium Risk
S13747,7,68,1,0,1,1,0,23,1,6,1,90,83,0,2,1,80.6,Medium Risk
S13748,24,85,0,1,1,1,1,21,0,9,1,62,53,1,2,3,65.3,Low Risk
S13749,24,85,0,1,1,1,1,29,2,14,0,99,62,0,2,2,80.0,Low Risk
S13750,24,85,0,1,1,1,1,24,1,13,0,77,48,0,2,3,67.8,Medium Risk
S13751,11,75,2,0,1,1,0,18,1,18,1,78,92,1,0,0,82.7,Low Risk
S13752,11,75,1,0,1,0,0,18,1,18,1,78,92,1,0,0,82.7,Low Risk
S13753,35,67,2,1,0,1,1,23,3,17,1,58,66,1,2,2,63.89999999999999,Medium Risk
S13754,12,90,1,1,0,1,0,21,3,20,1,59,53,0,2,3,65.9,Low Risk
S13755,12,90,1,1,0,1,0,22,2,17,0,61,98,0,2,0,84.5,Low Risk
S13756,12,90,1,1,0,1,0,29,3,17,0,58,96,1,0,0,82.80000000000001,Low Risk
S13757,12,90,1,1,0,1,0,19,3,12,0,92,54,1,0,3,76.2,Low Risk
S13758,12,90,1,1,0,1,0,27,2,19,1,52,86,1,0,0,77.0,Low Risk
S13759,12,90,1,1,0,1,0,18,0,9,1,67,67,0,1,2,73.9,Low Risk
S13760,12,90,1,1,0,1,0,23,2,5,0,50,43,1,0,3,59.2,Medium Risk
S13761,12,90,1,1,0,1,0,24,0,20,0,95,43,1,2,3,72.7,Medium Risk
S13762,12,90,2,0,0,1,0,21,3,20,1,59,53,0,2,3,65.9,Low Risk
S13763,12,90,2,0,0,1,0,22,2,17,0,61,98,0,2,0,84.5,Low Risk
S13764,12,90,2,0,0,1,0,29,3,17,0,58,96,1,0,0,82.80000000000001,Low Risk
S13765,12,90,2,0,0,1,0,19,3,12,0,92,54,1,0,3,76.2,Low Risk
S13766,12,90,2,0,0,1,0,27,2,19,1,52,86,1,0,0,77.0,Low Risk
S13767,12,90,2,0,0,1,0,18,0,9,1,67,67,0,1,2,73.9,Low Risk
S13768,12,90,2,0,0,1,0,23,2,5,0,50,43,1,0,3,59.2,Medium Risk
S13769,12,90,2,0,0,1,0,24,0,20,0,95,43,1,2,3,72.7,Medium Risk
S13770,27,60,2,0,2,1,0,28,1,4,1,59,63,1,1,2,60.900000000000006,Medium Risk
S13771,27,60,2,0,2,1,0,27,2,14,1,86,98,1,2,0,83.0,Medium Risk
S13772,27,60,2,0,0,1,0,28,1,4,1,59,63,1,1,2,60.900000000000006,Medium Risk
S13773,27,60,2,0,0,1,0,27,2,14,1,86,98,1,2,0,83.0,Medium Risk
S13774,10,75,2,1,1,1,1,27,1,7,1,82,88,1,2,0,82.3,Low Risk
S13775,10,75,2,1,1,1,1,21,0,1,1,67,100,1,0,0,82.6,Low Risk
S13776,10,75,1,1,1,1,1,27,1,7,1,82,88,1,2,0,82.3,Low Risk
S13777,10,75,1,1,1,1,1,21,0,1,1,67,100,1,0,0,82.6,Low Risk
S13778,5,97,0,1,1,1,0,20,3,8,1,84,46,0,0,3,72.7,Medium Risk
S13779,10,91,2,1,1,1,1,27,3,1,1,89,71,1,0,1,82.4,Low Risk
S13780,29,81,1,1,1,0,0,19,2,13,0,81,79,0,1,1,80.2,Low Risk
S13781,29,81,1,1,1,0,0,20,0,16,0,68,59,1,2,2,68.3,Low Risk
S13782,28,96,2,0,2,0,0,25,3,15,0,90,82,1,1,1,88.6,Low Risk
S13783,35,91,1,1,0,1,1,18,1,12,0,100,62,1,1,2,82.1,Low Risk
S13784,35,91,1,1,0,1,1,24,0,13,0,67,51,1,2,3,67.8,Low Risk
S13785,35,91,1,1,0,1,1,26,3,8,1,72,40,1,1,3,64.89999999999999,Medium Risk
S13786,35,91,1,1,0,1,1,24,0,10,1,56,94,0,1,0,81.7,Low Risk
S13787,35,91,1,1,0,1,1,29,0,0,1,62,94,1,2,0,83.5,Low Risk
S13788,35,91,1,1,0,1,1,29,1,18,1,77,45,1,1,3,68.39999999999999,Medium Risk
S13789,7,89,0,1,1,1,1,22,3,5,1,80,83,1,2,1,83.9,Low Risk
S13790,7,89,0,1,1,1,1,24,3,18,1,55,49,0,2,3,62.8,Medium Risk
S13791,9,88,1,1,1,1,0,27,1,2,0,50,99,1,2,0,81.0,Low Risk
S13792,32,83,1,1,1,0,0,25,2,3,1,98,55,1,0,2,76.3,Low Risk
S13793,32,83,1,1,1,0,0,20,1,1,0,60,97,1,1,0,81.7,Low Risk
S13794,32,83,1,1,1,0,0,29,0,8,0,57,80,1,0,1,74.0,Low Risk
S13795,32,83,1,1,1,0,0,26,1,9,1,86,62,1,0,2,75.5,Low Risk
S13796,5,73,0,1,2,1,1,29,1,0,1,54,79,1,2,1,69.69999999999999,Medium Risk
S13797,5,73,0,1,2,1,1,23,2,9,1,73,96,1,2,0,82.2,Medium Risk
S13798,5,73,0,1,2,1,1,21,2,11,1,94,60,1,1,2,74.1,Medium Risk
S13799,39,78,1,0,1,1,1,27,1,15,1,79,40,1,1,3,63.1,Medium Risk
S13800,39,78,1,0,1,1,1,22,0,7,1,64,100,1,2,0,82.6,Low Risk
S13801,16,85,2,1,0,1,0,22,1,18,0,99,68,0,2,2,82.4,Low Risk
S13802,16,85,2,1,0,1,0,29,0,14,0,94,80,1,1,1,85.7,Low Risk
S13803,6,66,1,1,0,1,1,22,2,7,1,95,71,0,1,1,76.7,Medium Risk
S13804,6,66,1,1,0,1,1,24,3,15,1,54,41,0,2,3,52.400000000000006,Medium Risk
S13805,6,66,1,1,0,1,1,25,0,9,1,64,66,1,2,2,65.4,Medium Risk
S13806,36,89,0,1,0,1,1,22,0,14,1,79,63,1,2,2,75.60000000000001,Low Risk
S13807,36,89,0,1,0,1,1,27,2,1,0,69,79,1,1,1,79.0,Low Risk
S13808,5,93,0,0,1,1,1,28,2,7,1,63,61,1,1,2,71.19999999999999,Low Risk
S13809,5,93,0,0,1,1,1,27,1,18,0,59,74,1,2,1,75.19999999999999,Low Risk
S13810,5,93,0,0,1,1,1,27,1,13,1,62,56,1,1,2,68.9,Low Risk
S13811,5,93,0,0,1,1,1,24,3,5,1,87,81,1,1,1,86.4,Low Risk
S13812,10,65,2,0,1,1,0,20,1,13,1,71,95,1,2,0,78.8,Medium Risk
S13813,10,65,2,0,1,1,0,20,2,9,0,73,57,1,2,2,64.2,Medium Risk
S13814,13,78,2,0,2,1,0,26,1,11,1,61,54,1,2,3,63.300000000000004,Low Risk
S13815,9,81,1,1,1,1,0,18,1,20,0,95,83,1,2,1,86.0,Low Risk
S13816,9,81,1,1,1,1,0,22,3,4,1,77,75,1,2,1,77.39999999999999,Low Risk
S13817,9,81,1,1,1,1,0,22,3,20,0,100,65,0,2,2,80.3,Low Risk
S13818,29,60,2,0,1,1,1,25,0,17,1,77,43,0,0,3,58.3,Medium Risk
S13819,29,60,2,0,1,1,1,24,3,5,0,50,90,1,2,0,69.0,Medium Risk
S13820,29,60,2,0,1,1,1,29,0,8,1,64,90,0,2,0,73.2,Medium Risk
S13821,11,68,1,1,1,1,1,22,1,5,1,69,98,0,2,0,80.30000000000001,Medium Risk
S13822,11,68,2,1,2,0,1,22,1,5,1,69,98,0,2,0,80.30000000000001,Medium Risk
S13823,38,98,1,0,1,1,0,18,0,5,1,74,86,0,2,0,86.0,Low Risk
S13824,38,98,1,0,1,1,0,22,2,14,0,75,56,1,1,2,74.30000000000001,Low Risk
S13825,38,98,1,0,1,1,0,28,2,12,0,51,80,0,0,1,76.69999999999999,Low Risk
S13826,38,98,1,0,1,1,0,26,3,19,1,86,77,1,2,1,86.0,Low Risk
S13827,9,93,0,1,1,1,1,29,0,8,1,84,72,0,2,1,81.9,Low Risk
S13828,6,80,1,1,0,1,1,19,1,7,0,100,78,1,1,1,85.2,Low Risk
S13829,6,80,1,1,0,1,1,18,0,9,1,80,66,0,1,2,74.4,Low Risk
S13830,30,68,2,1,2,1,0,23,2,19,1,84,42,0,1,3,62.4,Medium Risk
S13831,6,92,1,1,1,1,1,20,1,6,1,67,44,1,0,3,65.3,Medium Risk
S13832,6,92,1,1,1,1,1,20,0,1,1,70,79,0,2,1,80.2,Low Risk
S13833,6,92,1,1,1,1,1,19,1,8,0,64,43,1,1,3,64.0,Medium Risk
S13834,5,61,1,0,2,1,1,20,2,14,0,71,44,0,2,3,57.2,Medium Risk
S13835,5,61,1,0,2,1,1,26,1,15,0,55,90,1,0,0,70.8,Medium Risk
S13836,5,61,1,0,2,1,1,19,1,0,1,52,60,1,2,2,57.900000000000006,Medium Risk
S13837,9,67,2,1,1,1,1,27,1,13,0,86,82,0,2,1,78.7,Medium Risk
S13838,9,67,2,1,1,1,1,22,1,13,0,54,77,1,1,1,67.1,Medium Risk
S13839,9,67,2,1,1,1,1,22,3,0,1,62,52,1,1,3,59.5,Medium Risk
S13840,6,83,1,0,1,1,0,29,1,17,0,77,55,1,0,2,70.0,Low Risk
S13841,6,83,1,0,1,1,0,27,0,14,1,92,95,1,2,0,90.5,Low Risk
S13842,6,83,1,0,1,1,0,21,3,8,1,84,100,1,2,0,90.1,Low Risk
S13843,30,99,1,0,1,1,1,18,1,6,0,88,62,1,2,2,80.9,Low Risk
S13844,30,99,1,0,1,1,1,20,2,9,0,88,44,1,1,3,73.7,Medium Risk
S13845,30,99,1,0,1,1,1,20,3,10,1,56,93,1,2,0,83.7,Low Risk
S13846,30,99,1,1,1,1,1,18,1,6,0,88,62,1,2,2,80.9,Low Risk
S13847,30,99,1,1,1,1,1,20,2,9,0,88,44,1,1,3,73.7,Medium Risk
S13848,30,99,1,1,1,1,1,20,3,10,1,56,93,1,2,0,83.7,Low Risk
S13849,27,76,2,1,1,1,0,28,3,3,0,90,94,0,0,0,87.39999999999999,Low Risk
S13850,27,76,2,1,1,1,0,25,0,1,0,63,77,1,0,1,72.5,Low Risk
S13851,27,76,2,0,1,1,0,28,3,3,0,90,94,0,0,0,87.39999999999999,Low Risk
S13852,27,76,2,0,1,1,0,25,0,1,0,63,77,1,0,1,72.5,Low Risk
S13853,27,76,2,1,1,1,0,28,3,3,0,90,94,0,0,0,87.39999999999999,Low Risk
S13854,27,76,2,1,1,1,0,25,0,1,0,63,77,1,0,1,72.5,Low Risk
S13855,27,76,1,0,1,1,0,28,3,3,0,90,94,0,0,0,87.39999999999999,Low Risk
S13856,27,76,1,0,1,1,0,25,0,1,0,63,77,1,0,1,72.5,Low Risk
S13857,33,66,1,0,1,1,1,27,3,9,0,91,80,1,0,1,79.1,Medium Risk
S13858,33,66,1,0,1,1,1,22,2,5,1,95,55,1,2,2,70.3,Medium Risk
S13859,33,66,1,0,1,1,1,26,2,13,1,68,90,0,2,0,76.2,Medium Risk
S13860,33,66,1,0,1,1,1,20,1,1,1,80,55,1,0,2,65.8,Medium Risk
S13861,27,100,1,1,0,1,0,22,1,11,1,78,86,0,1,0,87.8,Low Risk
S13862,27,100,1,1,0,1,0,18,3,20,1,61,67,0,2,2,75.1,Low Risk
S13863,33,78,0,0,1,1,1,22,1,17,0,60,94,1,1,0,79.0,Low Risk
S13864,33,78,0,0,1,1,1,25,3,18,0,95,77,1,0,1,82.69999999999999,Low Risk
S13865,33,78,0,0,1,1,1,24,0,11,0,67,98,1,2,0,82.69999999999999,Low Risk
S13866,33,78,1,0,1,1,1,22,1,17,0,60,94,1,1,0,79.0,Low Risk
S13867,33,78,1,0,1,1,1,25,3,18,0,95,77,1,0,1,82.69999999999999,Low Risk
S13868,33,78,1,0,1,1,1,24,0,11,0,67,98,1,2,0,82.69999999999999,Low Risk
S13869,7,94,0,1,2,1,0,28,0,0,1,67,93,1,0,0,85.5,Low Risk
S13870,7,94,0,1,2,1,0,29,3,10,1,70,52,0,2,3,70.0,Low Risk
S13871,32,90,1,1,2,1,1,25,3,4,1,53,41,1,2,3,59.3,Medium Risk
S13872,30,97,1,1,2,1,0,27,0,5,1,79,47,1,0,3,71.6,Medium Risk
S13873,30,97,1,1,2,1,0,23,2,6,1,68,99,1,1,0,89.1,Low Risk
S13874,30,97,1,1,2,1,0,23,0,0,0,78,80,1,2,1,84.5,Low Risk
S13875,30,97,1,1,2,1,0,25,2,12,0,78,47,1,2,3,71.3,Medium Risk
S13876,30,97,1,1,2,1,0,28,1,15,1,56,79,1,1,1,77.5,Low Risk
S13877,15,94,1,1,0,1,0,20,2,6,0,66,45,1,2,3,66.0,Medium Risk
S13878,15,94,1,1,0,1,0,21,0,4,1,94,79,1,0,1,88.0,Low Risk
S13879,15,94,1,1,0,1,0,20,2,6,0,66,45,1,2,3,66.0,Medium Risk
S13880,15,94,1,1,0,1,0,21,0,4,1,94,79,1,0,1,88.0,Low Risk
S13881,27,93,0,1,0,1,1,23,0,15,0,81,76,1,1,1,82.6,Low Risk
S13882,13,72,2,0,0,1,0,22,3,14,1,89,91,0,2,0,84.69999999999999,Medium Risk
S13883,13,72,2,0,0,1,0,29,3,17,0,70,54,1,2,3,64.2,Medium Risk
S13884,33,61,0,1,1,1,1,25,2,0,1,75,40,1,1,3,56.8,Medium Risk
S13885,12,86,1,1,0,0,0,27,2,19,1,58,92,0,1,0,80.0,Low Risk
S13886,12,86,1,1,0,0,0,28,3,11,0,77,60,1,0,2,72.89999999999999,Low Risk
S13887,12,86,1,1,0,0,0,23,3,6,1,69,92,1,2,0,83.3,Low Risk
S13888,36,82,0,1,1,1,1,21,2,6,0,54,95,1,1,0,78.8,Low Risk
S13889,36,82,0,1,1,1,1,20,2,15,1,71,78,0,0,1,77.1,Low Risk
S13890,36,82,0,1,1,1,1,18,0,3,0,63,74,0,0,1,73.1,Low Risk
S13891,36,82,0,1,1,1,1,25,1,14,1,71,78,1,2,1,77.1,Low Risk
S13892,34,99,1,1,1,1,1,24,2,2,0,68,63,1,0,2,75.3,Low Risk
S13893,22,100,1,0,1,1,1,25,1,4,1,57,85,1,1,0,81.1,Low Risk
S13894,27,80,1,0,0,1,0,29,1,14,1,71,81,1,0,1,77.7,Low Risk
S13895,27,80,1,0,0,1,0,23,2,13,0,58,40,1,2,3,57.4,Medium Risk
S13896,29,79,2,0,1,1,0,29,1,3,0,69,82,1,2,1,77.2,Low Risk
S13897,29,79,2,0,1,1,0,22,2,2,0,88,55,1,1,2,72.1,Low Risk
S13898,29,79,2,0,1,1,0,19,0,17,1,90,52,1,2,3,71.5,Low Risk
S13899,11,77,0,1,0,1,1,25,1,18,0,87,48,1,2,3,68.39999999999999,Medium Risk
S13900,11,77,0,1,0,1,1,19,2,5,1,81,52,0,1,3,68.2,Low Risk
S13901,11,77,0,1,0,1,1,18,1,20,0,62,50,0,0,3,61.69999999999999,Low Risk
S13902,11,77,0,1,0,1,1,21,3,13,0,84,52,1,2,3,69.1,Low Risk
S13903,31,95,1,0,1,1,0,28,2,11,1,98,45,1,2,3,75.9,Medium Risk
S13904,15,80,1,1,0,1,1,18,2,8,0,96,71,1,2,1,81.2,Low Risk
S13905,15,80,1,1,0,1,1,28,0,18,1,50,67,1,2,2,65.8,Low Risk
S13906,15,80,1,1,0,1,1,25,0,18,1,53,42,0,2,3,56.7,Medium Risk
S13907,15,80,1,1,0,1,1,27,2,9,1,80,78,1,2,1,79.2,Low Risk
S13908,15,80,2,1,1,1,1,18,2,8,0,96,71,1,2,1,81.2,Low Risk
S13909,15,80,2,1,1,1,1,28,0,18,1,50,67,1,2,2,65.8,Low Risk
S13910,15,80,2,1,1,1,1,25,0,18,1,53,42,0,2,3,56.7,Medium Risk
S13911,15,80,2,1,1,1,1,27,2,9,1,80,78,1,2,1,79.2,Low Risk
S13912,17,74,0,1,0,1,0,19,0,8,1,95,79,1,0,1,82.3,Medium Risk
S13913,17,74,0,1,0,1,0,26,2,14,1,73,77,0,1,1,74.9,Medium Risk
S13914,17,74,0,1,0,1,0,25,2,4,1,74,59,1,1,2,68.0,Medium Risk
S13915,17,74,1,0,1,1,0,19,0,8,1,95,79,1,0,1,82.3,Medium Risk
S13916,17,74,1,0,1,1,0,26,2,14,1,73,77,0,1,1,74.9,Medium Risk
S13917,17,74,1,0,1,1,0,25,2,4,1,74,59,1,1,2,68.0,Medium Risk
S13918,11,95,1,1,1,0,0,27,0,4,1,50,83,1,0,1,76.7,Low Risk
S13919,11,95,1,1,1,0,0,27,1,12,1,91,55,1,1,2,77.8,Low Risk
S13920,11,95,1,1,0,1,0,27,0,4,1,50,83,1,0,1,76.7,Low Risk
S13921,11,95,1,1,0,1,0,27,1,12,1,91,55,1,1,2,77.8,Low Risk
S13922,31,73,2,1,2,1,0,21,2,5,1,65,62,1,0,2,66.19999999999999,Medium Risk
S13923,12,93,2,0,1,1,0,29,3,3,0,50,45,1,2,3,60.9,Medium Risk
S13924,12,93,2,0,1,1,0,22,2,5,0,77,99,0,1,0,90.6,Low Risk
S13925,12,93,2,0,1,1,0,18,1,2,1,95,77,1,1,1,87.19999999999999,Low Risk
S13926,12,93,2,0,1,1,0,19,1,17,0,55,89,1,2,0,80.0,Low Risk
S13927,32,94,2,1,2,1,1,19,2,12,1,82,67,1,1,2,79.6,Low Risk
S13928,32,94,2,1,2,1,1,19,0,8,1,97,45,1,1,3,75.3,Medium Risk
S13929,34,93,1,1,2,1,1,19,0,11,0,82,43,1,2,3,69.69999999999999,Medium Risk
S13930,29,93,1,0,1,1,0,18,1,10,0,60,83,0,0,1,79.1,Low Risk
S13931,29,93,1,0,1,1,0,22,2,0,0,53,56,1,2,2,66.19999999999999,Low Risk
S13932,29,93,1,0,1,1,0,18,1,5,1,55,89,1,0,0,80.0,Low Risk
S13933,29,93,1,0,1,1,0,25,3,12,1,59,71,1,2,1,74.0,Low Risk
S13934,10,94,2,0,1,1,0,24,2,8,1,96,75,1,2,1,87.0,Low Risk
S13935,10,94,2,0,1,1,0,23,1,14,1,78,52,1,1,3,72.4,Low Risk
S13936,10,94,2,0,1,1,0,24,1,0,1,85,68,1,1,2,80.9,Low Risk
S13937,20,91,1,1,2,1,0,24,0,3,1,85,85,1,0,0,86.8,Low Risk
S13938,28,88,2,1,1,1,0,20,0,17,1,76,56,1,1,2,71.6,Low Risk
S13939,5,96,0,1,0,1,1,22,0,3,1,86,61,1,1,2,79.0,Low Risk
S13940,5,96,0,1,0,1,1,25,3,14,1,66,79,1,2,1,80.2,Low Risk
S13941,5,96,0,1,0,1,1,23,1,6,1,76,97,1,2,0,90.4,Low Risk
S13942,5,96,0,1,0,1,1,27,3,16,0,92,78,0,1,1,87.6,Low Risk
S13943,5,96,0,1,0,1,1,25,0,12,0,80,82,1,2,1,85.6,Low Risk
S13944,28,68,0,1,1,1,1,29,0,15,1,94,75,1,1,1,78.6,Medium Risk
S13945,28,68,0,1,1,1,1,20,0,20,1,89,94,1,2,0,84.69999999999999,Medium Risk
S13946,28,68,0,1,1,1,1,29,2,12,1,68,46,0,2,3,59.199999999999996,Medium Risk
S13947,28,68,0,1,1,1,1,29,2,1,0,50,54,1,2,3,57.0,Medium Risk
S13948,28,68,1,1,1,1,1,29,0,15,1,94,75,1,1,1,78.6,Medium Risk
S13949,28,68,1,1,1,1,1,20,0,20,1,89,94,1,2,0,84.69999999999999,Medium Risk
S13950,28,68,1,1,1,1,1,29,2,12,1,68,46,0,2,3,59.199999999999996,Medium Risk
S13951,28,68,1,1,1,1,1,29,2,1,0,50,54,1,2,3,57.0,Medium Risk
S13952,10,88,1,0,1,1,0,19,3,8,1,58,65,1,2,2,69.8,Low Risk
S13953,10,88,1,0,1,1,0,20,1,7,1,66,90,0,2,0,82.19999999999999,Low Risk
S13954,36,90,2,1,0,1,1,25,0,18,1,54,78,0,0,1,74.4,Low Risk
S13955,7,73,1,1,1,1,1,22,2,4,1,74,44,1,2,3,61.699999999999996,Medium Risk
S13956,34,82,2,1,2,1,0,20,2,0,1,68,59,0,2,2,68.6,Low Risk
S13957,28,85,1,1,1,1,0,19,2,12,1,91,66,0,2,2,79.2,Low Risk
S13958,28,85,1,1,1,1,0,27,2,18,1,54,71,1,2,1,70.1,Low Risk
S13959,37,96,1,0,1,1,0,20,0,19,1,61,46,1,2,3,65.5,Medium Risk
S13960,37,96,1,0,1,1,0,21,1,1,0,76,55,1,2,2,73.6,Low Risk
S13961,37,96,1,0,1,1,0,26,0,12,1,97,40,1,1,3,73.89999999999999,Medium Risk
S13962,8,65,1,0,0,1,0,22,1,14,0,68,46,1,2,3,58.3,Medium Risk
S13963,8,65,1,0,0,1,0,23,2,17,1,89,77,1,0,1,77.0,Medium Risk
S13964,8,65,1,0,0,1,0,28,1,12,1,53,54,1,2,3,57.0,Medium Risk
S13965,8,65,1,0,0,1,0,23,1,2,1,76,50,1,2,3,62.3,Medium Risk
S13966,8,64,1,1,1,1,1,19,1,3,1,91,50,1,2,3,66.5,Medium Risk
S13967,8,64,1,1,1,1,1,24,0,10,1,53,57,1,2,2,57.900000000000006,Medium Risk
S13968,8,64,1,1,1,1,1,22,2,7,0,68,73,1,2,1,68.8,Medium Risk
S13969,6,84,1,1,1,1,1,19,3,11,1,55,80,1,2,1,73.7,Low Risk
S13970,32,94,2,1,1,1,0,18,2,3,1,52,42,1,1,3,60.599999999999994,Medium Risk
S13971,32,94,2,1,1,1,0,27,2,18,0,65,94,0,1,0,85.3,Low Risk
S13972,32,94,2,1,1,1,0,28,3,5,0,84,95,1,1,0,91.4,Low Risk
S13973,28,90,0,1,1,1,1,24,2,9,1,71,81,0,2,1,80.7,Low Risk
S13974,28,90,0,1,1,1,1,22,0,14,0,58,94,0,2,0,82.0,Low Risk
S13975,8,96,1,1,2,1,1,23,2,8,1,84,51,0,1,3,74.4,Low Risk
S13976,8,96,1,1,2,1,1,19,0,13,1,63,96,0,2,0,86.1,Low Risk
S13977,8,96,1,1,2,1,1,28,0,0,0,60,85,1,1,0,80.8,Low Risk
S13978,28,93,1,0,2,1,1,20,1,18,1,84,99,1,2,0,92.69999999999999,Low Risk
S13979,28,93,1,0,2,1,1,23,0,3,0,54,63,1,2,2,69.30000000000001,Low Risk
S13980,29,75,1,1,0,1,1,18,2,13,1,69,72,1,0,1,72.0,Low Risk
S13981,29,75,1,1,0,1,1,28,0,4,1,93,45,0,2,3,68.4,Medium Risk
S13982,9,78,1,0,0,1,0,24,2,12,1,85,88,1,1,0,84.1,Low Risk
S13983,6,67,0,1,0,1,1,24,1,8,1,93,70,1,2,1,76.0,Medium Risk
S13984,6,67,0,1,0,1,1,23,2,3,0,77,62,1,2,2,68.0,Medium Risk
S13985,13,75,2,1,1,1,0,22,1,1,1,65,70,1,0,1,70.0,Low Risk
S13986,13,75,2,1,1,1,0,20,1,11,1,100,44,1,2,3,70.1,Medium Risk
S13987,6,88,2,1,1,1,1,21,3,2,1,96,54,1,1,3,76.8,Low Risk
S13988,26,87,2,0,0,1,0,22,0,13,1,53,48,1,2,3,61.2,Medium Risk
S13989,35,84,1,1,2,1,1,25,3,16,0,93,83,1,2,1,86.3,Low Risk
S13990,29,65,1,1,1,0,0,21,0,1,1,68,83,1,1,1,73.1,Medium Risk
S13991,29,65,1,1,1,0,0,22,2,16,0,60,47,1,1,3,56.3,Medium Risk
S13992,12,91,0,1,0,1,1,18,0,15,1,59,85,0,2,0,79.0,Low Risk
S13993,33,95,0,1,0,1,0,28,3,17,1,70,65,1,0,2,75.5,Low Risk
S13994,33,95,0,1,0,1,0,19,2,1,0,52,99,1,2,0,83.7,Low Risk
S13995,33,95,0,1,0,1,0,18,3,6,1,99,41,1,2,3,74.6,Medium Risk
S13996,33,95,0,1,0,1,0,19,0,7,0,77,47,0,2,3,70.4,Medium Risk
S13997,33,95,0,1,0,1,0,26,2,6,1,77,90,0,0,0,87.6,Low Risk
S13998,30,62,0,1,1,1,0,27,0,18,1,67,40,0,2,3,54.69999999999999,Medium Risk
S13999,30,62,0,1,1,1,0,22,2,2,1,100,71,1,2,1,77.0,Medium Risk
S14000,30,62,0,1,1,1,0,23,3,12,1,72,55,1,1,2,62.19999999999999,Medium Risk
S14001,22,90,2,0,1,1,0,23,3,0,1,80,56,0,0,2,73.4,Low Risk
S14002,22,90,2,0,1,1,0,29,2,16,0,50,62,1,2,2,66.8,Low Risk
S14003,10,86,2,1,2,1,0,18,2,8,1,66,77,1,2,1,76.4,Low Risk
